alcaldia_clean,colonia_clean,alto_impacto_violación_tasa_2023,alto_impacto_robo_a_transeunte_en_vía_pública_con_y_sin_violencia_tasa_2023,alto_impacto_robo_a_negocio_con_violencia_tasa_2023,alto_impacto_robo_de_vehículo_con_y_sin_violencia_tasa_2023,alto_impacto_robo_a_repartidor_con_y_sin_violencia_tasa_2023,alto_impacto_homicidio_doloso_tasa_2023,alto_impacto_violación_tasa_2024,alto_impacto_robo_a_transeunte_en_vía_pública_con_y_sin_violencia_tasa_2024,alto_impacto_lesiones_dolosas_por_disparo_de_arma_de_fuego_tasa_2024,alto_impacto_robo_a_pasajero_a_bordo_del_metro_con_y_sin_violencia_tasa_2024,alto_impacto_robo_de_vehículo_con_y_sin_violencia_tasa_2024,alto_impacto_robo_a_repartidor_con_y_sin_violencia_tasa_2024,alto_impacto_robo_a_negocio_con_violencia_tasa_2024,alto_impacto_robo_a_pasajero_a_bordo_de_microbus_con_y_sin_violencia_tasa_2024,alto_impacto_homicidio_doloso_tasa_2024,alto_impacto_robo_a_pasajero_a_bordo_de_taxi_con_violencia_tasa_2024,alto_impacto_robo_a_transeunte_en_vía_pública_con_y_sin_violencia_tasa_2025,alto_impacto_robo_a_negocio_con_violencia_tasa_2025,alto_impacto_lesiones_dolosas_por_disparo_de_arma_de_fuego_tasa_2025,alto_impacto_robo_a_repartidor_con_y_sin_violencia_tasa_2025,alto_impacto_robo_de_vehículo_con_y_sin_violencia_tasa_2025,alto_impacto_violación_tasa_2025,alto_impacto_homicidio_doloso_tasa_2025,alto_impacto_robo_a_casa_habitación_con_violencia_tasa_2025,alto_impacto_robo_a_pasajero_a_bordo_de_microbus_con_y_sin_violencia_tasa_2025,alto_impacto_robo_a_pasajero_a_bordo_de_taxi_con_violencia_tasa_2025,alto_impacto_robo_a_pasajero_a_bordo_del_metro_con_y_sin_violencia_tasa_2025,alto_impacto_robo_a_cuentahabiente_saliendo_del_cajero_con_violencia_tasa_2025,alto_impacto_robo_a_transportista_con_y_sin_violencia_tasa_2025,alto_impacto_secuestro_tasa_2025,alto_impacto_total_tasa_2023,alto_impacto_total_tasa_2024,alto_impacto_total_tasa_2025
alvaro obregon,acueducto,0.025,0,0,0,0,0,0,0,0,0,0,0,0,0,0,0,0.000905305087814594,0.00073909830007391,0.00309597523219814,0.0025706940874036,0.000225988700564972,0.000904977375565611,0.0031201248049922,0,0,0,0,0,0,0,0.0185185185185185,0,0.000789837425129994
alvaro obregon,zedec santa fe,0.05,0,0,0,0,0,0.00606060606060606,0,0,0,0,0,0,0,0,0,0.00217273221075502,0.00073909830007391,0,0.0025706940874036,0.0015819209039548,0.00271493212669683,0,0,0,0,0,0,0,0,0.037037037037037,0.001953125,0.00157967485025999
azcapotzalco,nuevo barrio san rafael,0.025,0,0,0,0,0,0,0,0,0,0,0,0,0,0,0,0.000181061017562919,0,0,0,0.000225988700564972,0,0,0,0,0,0,0,0,0,0.0185185185185185,0,0.000131639570854999
azcapotzalco,tezozomoc,0,0.25,0,0,0,0,0,0,0,0,0,0,0,0,0,0,0.00126742712294043,0.00073909830007391,0,0,0.000225988700564972,0.00180995475113122,0,0,0,0,0.00104384133611691,0,0,0,0.0185185185185185,0,0.000789837425129994
benito juarez,del valle centro,0,0,1,0,0,0,0,0,0,0,0.00735294117647059,0,0,0,0,0,0.00615607459713924,0.00886917960088692,0.00309597523219814,0.0025706940874036,0.00768361581920904,0.0135746606334842,0.0015600624024961,0.0116959064327485,0.00617283950617284,0.015625,0.00939457202505219,0.0508474576271187,0,0,0.0185185185185185,0.001953125,0.00750345553873494
benito juarez,general pedro maria anaya,0,0,0,0.142857142857143,0,0,0,0,0,0,0,0,0,0,0,0,0.00108636610537751,0,0,0,0.00135593220338983,0.00180995475113122,0,0,0,0,0,0,0,0,0.0185185185185185,0,0.000921476995984993
benito juarez,portales oriente,0.025,0,0,0,0,0,0,0,0,0,0,0,0,0,0,0,0.000905305087814594,0.00147819660014782,0,0,0.000903954802259887,0,0,0,0.0123456790123457,0,0,0,0,0,0.0185185185185185,0,0.000855657210557494
coyoacan,pedregal de santa ursula,0.025,0,0,0,0,0,0,0.00909090909090909,0,0,0,0,0,0,0,0,0.00470758645663589,0.0147819660014782,0.00619195046439629,0.0051413881748072,0.00429378531073446,0.00271493212669683,0.0031201248049922,0,0,0,0,0,0,0,0.0185185185185185,0.001953125,0.00487066412163496
cuajimalpa de morelos,contadero,0.025,0,0,0,0,0,0,0,0,0,0,0,0,0,0,0,0.000181061017562919,0,0,0,0.000225988700564972,0.00180995475113122,0,0.00584795321637427,0,0,0,0,0,0,0.0185185185185185,0,0.000329098927137498
cuajimalpa de morelos,san mateo tlaltenango,0.025,0,0,0,0,0,0,0,0,0,0,0,0,0,0,0,0.000362122035125837,0.00073909830007391,0,0,0.000677966101694915,0.00180995475113122,0.0015600624024961,0,0,0,0,0,0,0,0.0185185185185185,0,0.000592378068847496
cuauhtemoc,cuauhtemoc,0,0.25,0,0,0,0,0,0.00909090909090909,0,0,0,0,0,0,0,0,0.00525076950932464,0.00221729490022173,0,0,0.00271186440677966,0.00361990950226244,0.0015600624024961,0.00584795321637427,0,0,0.00104384133611691,0,0,0,0.0185185185185185,0.001953125,0.00335680905680248
cuauhtemoc,hipodromo,0.025,0,0,0,0,0,0.00606060606060606,0,0,0,0.00735294117647059,0,0,0,0,0,0.00398334238638421,0.00073909830007391,0,0.0051413881748072,0.00293785310734463,0.00271493212669683,0.0015600624024961,0,0,0.015625,0.0135699373695198,0,0,0,0.0185185185185185,0.00390625,0.00368590798393997
cuauhtemoc,obrera,0.025,0,0,0,0,0,0,0,0,0,0,0,0,0,0,0,0.00651819663226507,0.00221729490022173,0.00309597523219814,0.0025706940874036,0.0031638418079096,0.00723981900452489,0.0031201248049922,0,0,0,0.00939457202505219,0,0,0,0.0185185185185185,0,0.00487066412163496
cuauhtemoc,tabacalera,0.025,0,0,0,0,0,0.00606060606060606,0.0181818181818182,0,0.0303030303030303,0.0147058823529412,0,0,0,0,0,0.00362122035125837,0,0,0,0.0015819209039548,0.00633484162895928,0.0015600624024961,0,0,0,0.0146137787056367,0,0,0,0.0185185185185185,0.01171875,0.00322516948594748
gustavo a madero,acueducto de guadalupe,0.025,0,0,0,0,0,0,0,0,0,0,0,0,0,0,0,0.000362122035125837,0.00517368810051737,0,0,0.00180790960451977,0,0,0,0,0,0,0,0,0,0.0185185185185185,0,0.00111893635226749
gustavo a madero,ampliacion emiliano zapata,0,0.25,0,0,0,0,0,0,0,0,0,0,0,0,0,0,0.000181061017562919,0,0,0,0,0,0,0,0,0,0,0,0,0,0.0185185185185185,0,6.58197854274995e-05
gustavo a madero,campestre aragon,0,0.25,0,0,0,0,0,0,0,0,0,0,0,0,0,0,0.000724244070251675,0.00073909830007391,0.00928792569659443,0,0.00112994350282486,0.00180995475113122,0.0015600624024961,0.00584795321637427,0,0,0,0,0,0,0.0185185185185185,0,0.00111893635226749
gustavo a madero,el olivo,0.025,0,0,0,0,0,0,0,0,0,0,0,0,0,0,0,0.000724244070251675,0,0,0,0.000225988700564972,0,0,0,0,0,0,0,0,0,0.0185185185185185,0,0.000329098927137498
gustavo a madero,palmatitla,0,0,0,0.142857142857143,0,0,0.00606060606060606,0,0,0,0,0,0,0,0,0,0,0,0,0,0.000903954802259887,0,0.0015600624024961,0,0,0,0,0,0,0,0.0185185185185185,0.001953125,0.000329098927137498
gustavo a madero,salvador diaz miron,0,0,0,0.142857142857143,0,0,0,0,0,0,0,0,0,0,0,0,0.000905305087814594,0.00147819660014782,0,0,0,0.00271493212669683,0,0.00584795321637427,0,0,0,0.0169491525423729,0,0,0.0185185185185185,0,0.000789837425129994
gustavo a madero,tepeyac insurgentes,0.025,0,0,0,0,0,0,0,0,0.0303030303030303,0,0,0,0,0,0,0.00307803729856962,0.00295639320029564,0.00309597523219814,0,0.00180790960451977,0.00361990950226244,0,0,0.00617283950617284,0,0.0104384133611691,0,0,0,0.0185185185185185,0.001953125,0.00296189034423748
gustavo a madero,vista hermosa,0.05,0,0,0,0,0,0,0,0,0,0,0,0,0,0,0,0.000181061017562919,0,0,0,0.000677966101694915,0,0,0,0,0,0,0,0,0,0.037037037037037,0,0.000263279141709998
iztacalco,agricola pantitlan,0.025,0,0,0,0,0,0.0121212121212121,0.0181818181818182,0,0,0,0,0,0,0,0,0.00760456273764259,0.00665188470066519,0.00309597523219814,0.012853470437018,0.00836158192090396,0.0081447963800905,0.0031201248049922,0.0116959064327485,0.037037037037037,0,0.0438413361169102,0,0,0,0.0185185185185185,0.0078125,0.0102020667412624
iztacalco,reforma iztaccihuatl norte,0.025,0,0,0,0,0,0,0,0,0,0,0,0,0,0,0,0,0,0,0,0.000225988700564972,0,0,0,0,0,0,0,0,0,0.0185185185185185,0,6.58197854274995e-05
iztapalapa,alvaro obregon,0.025,0,0,0,0,0,0,0,0,0,0,0,0,0,0,0,0.00235379322831794,0,0.00309597523219814,0,0.000451977401129944,0.000904977375565611,0,0,0.00617283950617284,0,0,0,0,0.0833333333333333,0.0185185185185185,0,0.00125057592312249
iztapalapa,buenavista,0,0,0,0,1,0,0.0121212121212121,0,0,0,0,0,0,0,0,0,0.00217273221075502,0.00221729490022173,0.00309597523219814,0.0077120822622108,0.00112994350282486,0.00542986425339367,0.0109204368174727,0.00584795321637427,0.00617283950617284,0,0,0,0,0,0.0185185185185185,0.00390625,0.00256697163167248
iztapalapa,estrella del sur,0.025,0,0,0,0,0,0,0,0,0,0,0,0,0,0,0,0,0.00221729490022173,0,0,0.000677966101694915,0.00180995475113122,0.0015600624024961,0,0,0,0,0,0,0,0.0185185185185185,0,0.000592378068847496
iztapalapa,iztlahuacan,0,0,0,0,0,1,0,0,0,0,0.00735294117647059,0,0,0,0,0,0.00199167119319211,0.00073909830007391,0.00309597523219814,0,0.000677966101694915,0.00180995475113122,0,0.00584795321637427,0.0123456790123457,0,0,0,0,0,0.0185185185185185,0.001953125,0.00138221549397749
iztapalapa,lomas de san lorenzo,0.05,0,0,0,0,0,0.00606060606060606,0,0,0,0.00735294117647059,0,0,0,0,0,0.00271591526344378,0.00221729490022173,0.00928792569659443,0.0051413881748072,0.0031638418079096,0.00723981900452489,0.0078003120124805,0.0116959064327485,0.0123456790123457,0,0.00104384133611691,0,0,0,0.037037037037037,0.00390625,0.00362008819851247
iztapalapa,puente blanco,0,0,0,0.142857142857143,0,0,0,0,0,0,0,0,0,0,0,0,0.00126742712294043,0,0,0,0.000903954802259887,0.00180995475113122,0,0,0.00617283950617284,0,0,0,0,0,0.0185185185185185,0,0.000921476995984993
iztapalapa,san andres tomatlan - zona urbana,0.025,0,0,0,0,0,0,0,0,0,0,0,0,0,0,0,0.000362122035125837,0,0,0,0,0,0,0,0,0,0,0,0,0,0.0185185185185185,0,0.000131639570854999
iztapalapa,san antonio,0.025,0,0,0,0,0,0.00606060606060606,0,0,0,0,0,0,0,0,0,0.00126742712294043,0,0,0,0.00225988700564972,0.00180995475113122,0.0046801872074883,0,0,0,0,0,0,0,0.0185185185185185,0.001953125,0.00144803527940499
iztapalapa,santa barbara,0.025,0,0,0,0,0,0,0,0,0.0303030303030303,0,0,0,0,0,0,0.000905305087814594,0.00147819660014782,0.00619195046439629,0.0025706940874036,0.000903954802259887,0,0.0031201248049922,0,0,0,0.00313152400835073,0,0,0,0.0185185185185185,0.001953125,0.00125057592312249
iztapalapa,santa martha acatitla sur,0.025,0,0,0,0,0,0,0,0,0,0,0,0,0,0,0,0.0028969762810067,0.00073909830007391,0.00309597523219814,0.0077120822622108,0.00135593220338983,0.00271493212669683,0.0015600624024961,0.0175438596491228,0,0,0.00313152400835073,0,0,0,0.0185185185185185,0,0.00243533206081748
iztapalapa,zona urbana ejidal santa maria aztahuacan,0.025,0,0,0,0,0,0.00606060606060606,0,0,0,0,0,0,0,0,0,0.00217273221075502,0.00295639320029564,0.00309597523219814,0.0025706940874036,0.00271186440677966,0.00180995475113122,0.0062402496099844,0.00584795321637427,0,0,0,0,0,0,0.0185185185185185,0.001953125,0.00243533206081748
la magdalena contreras,pueblo nuevo alto,0.025,0,0,0,0,0,0,0,0,0,0,0,0,0,0,0,0.000181061017562919,0.00073909830007391,0,0,0.000451977401129944,0.000904977375565611,0,0,0,0,0,0,0,0,0.0185185185185185,0,0.000329098927137498
la magdalena contreras,san bernabe ocotepec,0.025,0,0,0,0,0,0,0.00909090909090909,0,0,0,0,0,0,0,0,0.00199167119319211,0.00073909830007391,0.00309597523219814,0,0.000903954802259887,0.00180995475113122,0.0062402496099844,0,0,0,0,0,0,0,0.0185185185185185,0.001953125,0.00151385506483249
la magdalena contreras,san nicolas totolapan,0.025,0,0,0,0,0,0,0,0,0,0.00735294117647059,0,0,0,0,0,0.00126742712294043,0,0.00309597523219814,0.0025706940874036,0.00248587570621469,0.00452488687782806,0,0,0,0,0,0,0,0,0.0185185185185185,0.001953125,0.00164549463568749
miguel hidalgo,anahuac,0.025,0,0,0,0,0,0.00606060606060606,0.00909090909090909,0,0,0.0147058823529412,0,0,0,0,0,0.00398334238638421,0.0073909830007391,0.00619195046439629,0.0077120822622108,0.0031638418079096,0.00361990950226244,0,0.00584795321637427,0,0.015625,0,0,0,0,0.0185185185185185,0.0078125,0.00375172776936747
miguel hidalgo,polanco,0.025,0,0,0,0,0,0,0.0272727272727273,0,0,0.0147058823529412,0,0.0454545454545455,0,0,0,0.0028969762810067,0.00295639320029564,0.00309597523219814,0,0.00451977401129944,0.000904977375565611,0.0015600624024961,0.00584795321637427,0,0.015625,0.00730688935281837,0,0,0,0.0185185185185185,0.01171875,0.00342262884222997
tlahuac,ampliacion la conchita,0.025,0,0,0,0,0,0,0,0,0,0,0,0,0,0,0,0,0,0,0,0,0,0.0015600624024961,0,0,0,0,0,0,0,0.0185185185185185,0,6.58197854274995e-05
tlalpan,mirador ii,0.025,0,0,0,0,0,0,0,0,0,0,0,0,0,0,0,0,0,0,0,0.000451977401129944,0.000904977375565611,0.0015600624024961,0,0,0,0,0,0,0,0.0185185185185185,0,0.000263279141709998
tlalpan,pedregal de las aguilas,0.025,0,0,0,0,0,0,0,0,0,0,0,0,0,0,0,0.000181061017562919,0.00073909830007391,0,0,0.000451977401129944,0,0,0,0,0,0,0,0,0,0.0185185185185185,0,0.000263279141709998
tlalpan,pedregal de san nicolas 2a seccion,0.025,0,0,0,0,0,0,0,0,0,0.00735294117647059,0,0,0,0,0,0.000181061017562919,0.00073909830007391,0.00309597523219814,0,0.00135593220338983,0,0,0,0,0,0,0,0,0,0.0185185185185185,0.001953125,0.000592378068847496
tlalpan,san miguel topilejo,0.025,0,0,0,0,0,0,0,0,0,0,0,0,0,0,0,0.0028969762810067,0.00147819660014782,0.00928792569659443,0.0051413881748072,0.00587570621468927,0.00180995475113122,0.0062402496099844,0.00584795321637427,0,0,0,0,0,0.0833333333333333,0.0185185185185185,0,0.00375172776936747
tlalpan,villa olimpica,0,0,0,0.142857142857143,0,0,0,0,0,0,0,0,0,0,0,0,0,0.00073909830007391,0,0,0.000903954802259887,0,0,0,0,0,0,0,0,0,0.0185185185185185,0,0.000329098927137498
venustiano carranza,romero rubio,0.025,0,0,0,0,0,0.00606060606060606,0,0,0,0.00735294117647059,0,0,0,0,0,0.00108636610537751,0.00295639320029564,0,0,0.000903954802259887,0.000904977375565611,0,0,0,0,0.00208768267223382,0,0,0,0.0185185185185185,0.00390625,0.00111893635226749
xochimilco,barrio 18,0.025,0,0,0,0,0,0.00606060606060606,0,0,0,0,0,0,0,0,0,0.000543183052688756,0,0,0,0.000677966101694915,0.000904977375565611,0,0,0,0,0,0,0,0,0.0185185185185185,0.001953125,0.000460738497992497
xochimilco,barrio xaltocan,0,0,0,0.142857142857143,0,0,0,0,0,0,0,0,0,0,0,0,0.00181061017562919,0.00147819660014782,0,0,0.000903954802259887,0.000904977375565611,0.0015600624024961,0,0,0,0,0,0,0,0.0185185185185185,0,0.00118475613769499
xochimilco,san lorenzo la cebada,0.025,0,0,0,0,0,0,0,0,0,0,0,0,0,0,0,0.00108636610537751,0.00221729490022173,0,0,0.00497175141242938,0.00361990950226244,0,0,0,0,0,0,0,0,0.0185185185185185,0,0.00230369248996248
xochimilco,san marcos norte,0,0,0,0.142857142857143,0,0,0,0.00909090909090909,0,0,0,0,0,0,0,0,0.000543183052688756,0.00147819660014782,0,0.0025706940874036,0.0015819209039548,0.00271493212669683,0,0.00584795321637427,0,0,0,0,0,0,0.0185185185185185,0.001953125,0.00111893635226749
alvaro obregon,8 de agosto,0,0,0,0,0,0,0.00606060606060606,0,0,0,0,0,0,0,0,0,0.000181061017562919,0,0,0,0,0,0,0,0,0,0,0,0,0,0,0.001953125,6.58197854274995e-05
alvaro obregon,ampliacion molino de rosas,0,0,0,0,0,0,0.00606060606060606,0,0,0,0,0,0,0,0,0,0.00108636610537751,0,0,0,0.00112994350282486,0,0,0,0,0,0,0,0,0,0,0.001953125,0.000724017639702495
alvaro obregon,balcones de cehuayo,0,0,0,0,0,0,0.00606060606060606,0,0,0,0,0,0,0,0,0,0,0.00073909830007391,0,0,0.000451977401129944,0,0.0015600624024961,0.00584795321637427,0,0,0,0,0,0,0,0.001953125,0.000329098927137498
alvaro obregon,barrio norte,0,0,0,0,0,0,0,0.00909090909090909,0,0,0,0,0,0,0,0,0.00199167119319211,0,0.00309597523219814,0.0102827763496144,0.000677966101694915,0,0.0046801872074883,0,0,0,0,0,0,0,0,0.001953125,0.00144803527940499
alvaro obregon,belem de las flores,0,0,0,0,0,0,0.00606060606060606,0,0,0,0,0,0,0,0,0,0.000905305087814594,0,0,0,0.000225988700564972,0,0,0,0,0,0,0,0,0,0,0.001953125,0.000394918712564997
alvaro obregon,colina del sur,0,0,0,0,0,0,0,0,0.142857142857143,0.0303030303030303,0,0,0,0,0,0,0.00108636610537751,0.00221729490022173,0,0.0025706940874036,0.0015819209039548,0,0,0,0,0,0,0,0,0,0,0.00390625,0.00111893635226749
alvaro obregon,cove,0,0,0,0,0,0,0,0.00909090909090909,0,0,0,0,0,0,0,0,0.000724244070251675,0.00221729490022173,0,0,0.000225988700564972,0,0,0,0,0,0,0,0,0,0,0.001953125,0.000526558283419996
alvaro obregon,cristo rey,0,0,0,0,0,0,0.00606060606060606,0,0,0,0,0,0,0,0,0,0.000724244070251675,0.00147819660014782,0,0,0,0,0,0,0,0,0,0,0,0,0,0.001953125,0.000394918712564997
alvaro obregon,francisco villa,0,0,0,0,0,0,0.00606060606060606,0,0,0,0,0,0,0,0,0,0.000181061017562919,0.00073909830007391,0,0,0.000225988700564972,0.000904977375565611,0,0,0,0,0,0,0,0,0,0.001953125,0.000263279141709998
alvaro obregon,guadalupe inn,0,0,0,0,0,0,0.0121212121212121,0,0,0,0,0,0,0,0,0,0.000905305087814594,0,0,0,0.00135593220338983,0.000904977375565611,0,0,0,0,0.00104384133611691,0,0,0,0,0.00390625,0.000855657210557494
alvaro obregon,heron proal,0,0,0,0,0,0,0.00606060606060606,0,0,0,0,0,0,0,0,0,0.000362122035125837,0,0,0,0.000225988700564972,0,0,0,0,0,0,0,0,0,0,0.001953125,0.000197459356282499
alvaro obregon,jose maria pino suarez,0,0,0,0,0,0,0,0,0,0,0.00735294117647059,0,0,0,0,0,0.00181061017562919,0,0,0,0.000903954802259887,0,0.0031201248049922,0,0,0,0,0,0,0,0,0.001953125,0.00105311656683999
alvaro obregon,la angostura,0,0,0,0,0,0,0.00606060606060606,0,0,0,0,0,0,0,0,0,0,0,0,0,0,0,0,0,0,0,0,0,0,0,0,0.001953125,0
alvaro obregon,la joya,0,0,0,0,0,0,0,0,0,0,0.00735294117647059,0,0,0,0,0,0.000362122035125837,0,0,0,0,0.000904977375565611,0,0,0,0,0,0,0,0,0,0.001953125,0.000197459356282499
alvaro obregon,la loma,0,0,0,0,0,0,0,0,0,0,0.00735294117647059,0,0,0,0,0,0,0,0.00619195046439629,0,0.000225988700564972,0,0,0,0,0,0,0,0,0,0,0.001953125,0.000197459356282499
alvaro obregon,la mexicana,0,0,0,0,0,0,0.00606060606060606,0,0,0,0,0,0,0,0,0,0.000724244070251675,0,0,0.0077120822622108,0.000677966101694915,0,0,0,0,0,0,0,0,0,0,0.001953125,0.000658197854274995
alvaro obregon,liberales de 1857,0,0,0,0,0,0,0.00606060606060606,0,0,0,0,0,0,0,0,0,0.000724244070251675,0,0,0.0025706940874036,0,0.00180995475113122,0.0015600624024961,0,0,0,0,0,0,0,0,0.001953125,0.000526558283419996
alvaro obregon,llano redondo,0,0,0,0,0,0,0.00606060606060606,0,0,0,0,0.0454545454545455,0,0,0,0,0.000181061017562919,0,0,0,0,0,0.0015600624024961,0,0,0,0,0,0,0,0,0.00390625,0.000131639570854999
alvaro obregon,lomas de la era,0,0,0,0,0,0,0.00606060606060606,0,0,0,0,0,0,0,0,0,0.00108636610537751,0,0,0,0.000225988700564972,0.00361990950226244,0.0015600624024961,0.0175438596491228,0,0,0,0,0,0,0,0.001953125,0.000987296781412493
alvaro obregon,lomas de los angeles del pueblo tetelpan,0,0,0,0,0,0,0.00606060606060606,0,0,0,0,0,0,0,0,0,0.000543183052688756,0,0,0,0.000225988700564972,0,0,0,0,0,0,0,0,0,0,0.001953125,0.000263279141709998
alvaro obregon,olivar de los padres,0,0,0,0,0,0,0.00606060606060606,0,0,0,0,0,0,0,0,0,0.00108636610537751,0.00369549150036955,0,0,0.000451977401129944,0,0,0,0,0,0,0,0,0,0,0.001953125,0.000855657210557494
alvaro obregon,olivar del conde 1a seccion,0,0,0,0,0,0,0.00606060606060606,0,0,0,0,0,0,0,0,0,0.00452652543907297,0.00295639320029564,0,0,0.00135593220338983,0,0,0,0,0,0,0.0169491525423729,0,0,0,0.001953125,0.00236951227538998
alvaro obregon,olivar del conde 2a seccion,0,0,0,0,0,0,0,0,0,0,0.00735294117647059,0,0,0,0,0,0.00199167119319211,0.00147819660014782,0.00309597523219814,0,0.00135593220338983,0,0.0015600624024961,0,0,0,0,0,0,0,0,0.001953125,0.00138221549397749
alvaro obregon,paraiso,0,0,0,0,0,0,0,0.00909090909090909,0,0,0,0,0,0,0,0,0.000543183052688756,0.00295639320029564,0,0.0025706940874036,0.000451977401129944,0,0.0031201248049922,0,0,0,0,0,0,0,0,0.001953125,0.000789837425129994
alvaro obregon,progreso,0,0,0,0,0,0,0,0,0,0,0.00735294117647059,0,0,0,0,0,0.00108636610537751,0.00443458980044346,0,0,0.0015819209039548,0.00180995475113122,0.0015600624024961,0,0,0,0,0,0,0,0,0.001953125,0.00144803527940499
alvaro obregon,progreso tizapan,0,0,0,0,0,0,0,0.00909090909090909,0,0,0,0,0,0,0,0,0.000543183052688756,0,0,0,0.000677966101694915,0.00180995475113122,0,0,0,0,0,0,0,0,0,0.001953125,0.000526558283419996
alvaro obregon,sacramento,0,0,0,0,0,0,0.00606060606060606,0,0,0,0,0,0,0,0,0,0.000905305087814594,0,0,0,0,0,0,0,0,0,0,0,0,0,0,0.001953125,0.000329098927137498
alvaro obregon,san jose del olivar,0,0,0,0,0,0,0.00606060606060606,0,0,0,0,0,0,0,0,0,0.000181061017562919,0,0,0,0.000225988700564972,0.000904977375565611,0,0,0,0,0,0,0,0,0,0.001953125,0.000197459356282499
alvaro obregon,santa rosa xochiac,0,0,0,0,0,0,0.00606060606060606,0,0,0,0,0,0,0,0,0,0.000724244070251675,0,0,0,0.00203389830508475,0.00361990950226244,0.0015600624024961,0,0,0,0,0,0,0,0,0.001953125,0.00118475613769499
azcapotzalco,ampliacion del gas,0,0,0,0,0,0,0,0,0,0,0.00735294117647059,0,0,0,0,0,0.000543183052688756,0.00073909830007391,0,0,0.000225988700564972,0.000904977375565611,0,0,0,0,0,0,0,0,0,0.001953125,0.000394918712564997
azcapotzalco,ampliacion san pedro xalpa,0,0,0,0,0,0,0.00606060606060606,0,0,0,0,0,0,0,0,0,0.000543183052688756,0.00369549150036955,0,0.0025706940874036,0.000677966101694915,0.00180995475113122,0.0031201248049922,0,0,0,0,0,0,0,0,0.001953125,0.00105311656683999
azcapotzalco,claveria,0,0,0,0,0,0,0,0,0,0,0.00735294117647059,0,0,0,0,0,0.00108636610537751,0.00443458980044346,0,0,0.000451977401129944,0.000904977375565611,0.0015600624024961,0,0,0,0,0,0,0,0,0.001953125,0.00105311656683999
azcapotzalco,del gas,0,0,0,0,0,0,0.00606060606060606,0,0,0,0.00735294117647059,0,0,0,0,0,0,0,0,0,0.000225988700564972,0,0,0,0,0,0,0,0,0,0,0.00390625,6.58197854274995e-05
azcapotzalco,del maestro,0,0,0,0,0,0,0,0.00909090909090909,0,0,0,0,0,0,0,0,0.000181061017562919,0.00073909830007391,0,0,0,0,0,0,0,0,0,0,0,0,0,0.001953125,0.000131639570854999
azcapotzalco,el rosario,0,0,0,0,0,0,0,0.0181818181818182,0,0.0303030303030303,0,0,0,0,0,0,0.00470758645663589,0.00073909830007391,0,0.0102827763496144,0.00406779661016949,0.000904977375565611,0,0,0,0,0.00626304801670146,0.0338983050847458,0,0,0,0.005859375,0.00381754755479497
azcapotzalco,industrial vallejo,0,0,0,0,0,0,0.00606060606060606,0.00909090909090909,0,0,0,0,0,0,0,0,0.000362122035125837,0.00369549150036955,0,0.0025706940874036,0.00225988700564972,0,0,0,0,0,0,0,0,0,0,0.00390625,0.00118475613769499
azcapotzalco,la preciosa,0,0,0,0,0,0,0.00606060606060606,0,0,0,0.00735294117647059,0,0,0,0,0,0.000905305087814594,0.00147819660014782,0,0,0.000225988700564972,0,0.0015600624024961,0,0,0,0,0,0,0,0,0.00390625,0.000592378068847496
azcapotzalco,los reyes,0,0,0,0,0,0,0,0,0,0,0.00735294117647059,0,0,0,0,0,0.000724244070251675,0,0,0,0.000677966101694915,0,0,0,0,0,0,0,0,0,0,0.001953125,0.000460738497992497
azcapotzalco,nextengo,0,0,0,0,0,0,0.00606060606060606,0,0,0,0,0,0,0,0,0,0.000543183052688756,0.00073909830007391,0,0,0.000225988700564972,0.000904977375565611,0.0015600624024961,0,0,0,0,0,0,0,0,0.001953125,0.000460738497992497
azcapotzalco,obrero popular,0,0,0,0,0,0,0,0.00909090909090909,0,0,0,0,0,0,0,0,0.000181061017562919,0.00295639320029564,0,0,0.000225988700564972,0.000904977375565611,0,0,0,0,0,0.0169491525423729,0,0,0,0.001953125,0.000526558283419996
azcapotzalco,san alvaro,0,0,0,0,0,0,0,0.00909090909090909,0,0,0,0,0,0,0,0,0.000543183052688756,0,0,0,0.000903954802259887,0.000904977375565611,0,0,0,0,0,0,0,0,0,0.001953125,0.000526558283419996
azcapotzalco,san bartolo cahualtongo,0,0,0,0,0,0,0,0,0,0,0,0,0.0454545454545455,0,0,0,0.000181061017562919,0.00147819660014782,0,0.0025706940874036,0,0.000904977375565611,0,0,0,0,0,0,0,0,0,0.001953125,0.000329098927137498
azcapotzalco,san marcos,0,0,0,0,0,0,0,0,0,0,0,0,0,0.0909090909090909,0,0,0.000362122035125837,0.00073909830007391,0,0,0.000451977401129944,0.000904977375565611,0,0,0,0,0,0,0,0,0,0.001953125,0.000394918712564997
azcapotzalco,san martin xochinahuac,0,0,0,0,0,0,0.00606060606060606,0,0,0,0,0,0,0,0,0,0.000724244070251675,0.00073909830007391,0,0.0025706940874036,0.00112994350282486,0,0,0,0,0,0,0,0,0,0,0.001953125,0.000724017639702495
azcapotzalco,san pablo xalpa,0,0,0,0,0,0,0,0,0,0,0.00735294117647059,0,0,0,0,0,0,0,0,0,0.000225988700564972,0,0,0,0,0,0,0,0,0,0,0.001953125,6.58197854274995e-05
azcapotzalco,santa lucia,0,0,0,0,0,0,0,0,0,0,0,0.0454545454545455,0,0,0,0,0.000362122035125837,0,0,0,0,0,0,0,0,0,0,0,0,0,0,0.001953125,0.000131639570854999
azcapotzalco,santiago ahuizotla,0,0,0,0,0,0,0,0,0,0,0.00735294117647059,0,0,0,0,0,0.00108636610537751,0.00221729490022173,0,0.0025706940874036,0.000903954802259887,0.000904977375565611,0,0,0,0,0,0,0,0,0,0.001953125,0.000987296781412493
azcapotzalco,santo tomas,0,0,0,0,0,0,0,0,0,0,0,0,0.0454545454545455,0,0,0,0.000362122035125837,0.00073909830007391,0.00309597523219814,0,0.000677966101694915,0.000904977375565611,0,0,0,0,0,0,0,0,0,0.001953125,0.000526558283419996
azcapotzalco,tierra nueva,0,0,0,0,0,0,0,0.00909090909090909,0,0,0,0,0,0,0,0,0.000905305087814594,0,0,0,0.000225988700564972,0.000904977375565611,0,0,0,0,0,0,0,0,0,0.001953125,0.000460738497992497
azcapotzalco,unidad cuitlahuac,0,0,0,0,0,0,0,0,0,0,0.00735294117647059,0,0,0,0,0,0.000181061017562919,0,0,0,0.000903954802259887,0,0,0,0,0,0,0,0.125,0,0,0.001953125,0.000394918712564997
benito juarez,actipan,0,0,0,0,0,0,0.00606060606060606,0,0,0,0.00735294117647059,0,0,0,0,0,0.000543183052688756,0.00147819660014782,0.00309597523219814,0,0.000677966101694915,0.000904977375565611,0,0,0,0.015625,0,0,0,0,0,0.00390625,0.000724017639702495
benito juarez,alamos,0,0,0,0,0,0,0.00606060606060606,0,0,0,0,0,0,0,0,0,0.00325909831613254,0.00813008130081301,0,0.0025706940874036,0.00248587570621469,0.00361990950226244,0.0015600624024961,0,0.00617283950617284,0.03125,0.00417536534446764,0,0,0,0,0.001953125,0.00348844862765747
benito juarez,albert,0,0,0,0,0,0,0,0,0,0,0.00735294117647059,0,0,0,0,0,0.000543183052688756,0.00147819660014782,0,0,0.000451977401129944,0,0,0,0,0,0,0.0169491525423729,0,0,0,0.001953125,0.000526558283419996
benito juarez,ampliacion napoles,0,0,0,0,0,0,0,0,0,0,0.00735294117647059,0,0,0,0,0,0.000362122035125837,0,0,0,0.000451977401129944,0.00180995475113122,0,0,0,0,0,0.0169491525423729,0,0,0,0.001953125,0.000460738497992497
benito juarez,ermita,0,0,0,0,0,0,0.00606060606060606,0,0,0,0,0,0,0,0,0,0,0,0,0,0.00135593220338983,0,0,0,0,0,0.00104384133611691,0,0,0,0,0.001953125,0.000460738497992497
benito juarez,insurgentes mixcoac,0,0,0,0,0,0,0.00606060606060606,0,0,0,0,0,0,0,0,0,0.000905305087814594,0.00073909830007391,0,0,0.000903954802259887,0.00361990950226244,0,0,0,0,0.00730688935281837,0,0,0,0,0.001953125,0.00138221549397749
benito juarez,iztaccihuatl,0,0,0,0,0,0,0,0,0,0,0,0,0,0,0.2,0,0.000181061017562919,0.00073909830007391,0,0,0.000451977401129944,0,0,0,0,0,0,0,0,0,0,0.001953125,0.000263279141709998
benito juarez,letran valle,0,0,0,0,0,0,0,0,0,0.0303030303030303,0,0,0,0,0,0,0.000181061017562919,0.00073909830007391,0,0.0025706940874036,0.0015819209039548,0.00180995475113122,0,0.00584795321637427,0,0,0.00313152400835073,0,0,0,0,0.001953125,0.00105311656683999
benito juarez,moderna,0,0,0,0,0,0,0,0,0,0,0.00735294117647059,0,0,0,0,1,0.000905305087814594,0.00295639320029564,0,0,0.00180790960451977,0.000904977375565611,0.0015600624024961,0,0,0,0,0,0,0,0,0.00390625,0.00125057592312249
benito juarez,napoles,0,0,0,0,0,0,0.00606060606060606,0,0,0,0.00735294117647059,0,0,0,0,0,0.00181061017562919,0.00073909830007391,0,0.0025706940874036,0.00361581920903955,0.00180995475113122,0.0015600624024961,0.00584795321637427,0,0,0.00104384133611691,0,0,0,0,0.00390625,0.00217205291910748
benito juarez,narvarte,0,0,0,0,0,0,0.00606060606060606,0,0,0,0.00735294117647059,0,0,0,0,0,0.00325909831613254,0.00221729490022173,0,0.0051413881748072,0.00587570621468927,0.00542986425339367,0,0.0175438596491228,0,0.015625,0.011482254697286,0.0169491525423729,0,0,0,0.00390625,0.00467320476535247
benito juarez,ninos heroes,0,0,0,0,0,0,0.00606060606060606,0,0,0,0,0,0,0,0,0,0.000543183052688756,0,0.00309597523219814,0,0.000903954802259887,0.00271493212669683,0,0,0.00617283950617284,0,0,0,0,0,0,0.001953125,0.000789837425129994
benito juarez,nochebuena,0,0,0,0,0,0,0.00606060606060606,0,0,0,0,0,0,0,0,0,0,0,0,0,0.000677966101694915,0.000904977375565611,0,0,0,0,0,0,0,0,0,0.001953125,0.000263279141709998
benito juarez,piedad narvarte,0,0,0,0,0,0,0.00606060606060606,0,0,0,0,0,0,0,0,0,0.00126742712294043,0.00147819660014782,0,0,0.000677966101694915,0.000904977375565611,0,0,0,0.015625,0,0,0,0,0,0.001953125,0.000921476995984993
benito juarez,portales sur,0,0,0,0,0,0,0,0.00909090909090909,0,0,0,0,0,0.0909090909090909,0,0,0.00362122035125837,0.00665188470066519,0.00309597523219814,0,0.00655367231638418,0.00452488687782806,0.0015600624024961,0.0116959064327485,0,0,0.0125260960334029,0,0,0,0,0.00390625,0.00519976304877246
benito juarez,san pedro de los pinos,0,0,0,0,0,0,0.0121212121212121,0,0,0,0.00735294117647059,0,0,0,0,0,0.000905305087814594,0.00295639320029564,0,0.0025706940874036,0.00361581920903955,0.00271493212669683,0,0,0,0,0.00521920668058455,0.0169491525423729,0,0,0,0.005859375,0.00230369248996248
benito juarez,santa cruz atoyac,0,0,0,0,0,0,0.00606060606060606,0,0,0,0.00735294117647059,0.0909090909090909,0,0,0,0,0.00126742712294043,0.00073909830007391,0,0.0025706940874036,0.00180790960451977,0.000904977375565611,0,0,0,0,0.0146137787056367,0.0169491525423729,0,0,0,0.0078125,0.00217205291910748
benito juarez,santa maria nonoalco,0,0,0,0,0,0,0,0,0,0.0303030303030303,0,0,0,0,0,0,0.000905305087814594,0.00369549150036955,0,0,0.000677966101694915,0.00180995475113122,0,0.00584795321637427,0,0.015625,0.00208768267223382,0,0,0,0,0.001953125,0.00125057592312249
benito juarez,vertiz narvarte,0,0,0,0,0,0,0.00606060606060606,0,0,0,0,0,0,0,0,0,0.000181061017562919,0.00073909830007391,0,0,0.000677966101694915,0,0,0,0,0,0,0,0,0,0,0.001953125,0.000329098927137498
benito juarez,zacahuitzco,0,0,0,0,0,0,0,0,0,0,0,0,0,0.0909090909090909,0,0,0,0,0,0,0.000225988700564972,0,0,0,0,0,0,0,0,0,0,0.001953125,6.58197854274995e-05
coyoacan,adolfo ruiz cortines,0,0,0,0,0,0,0.00606060606060606,0,0,0,0,0,0.0454545454545455,0,0,0,0.00217273221075502,0,0.00928792569659443,0,0.00135593220338983,0.000904977375565611,0,0,0,0,0,0,0,0,0,0.00390625,0.00144803527940499
coyoacan,ajusco,0,0,0,0,0,0,0,0.00909090909090909,0,0,0.00735294117647059,0,0,0,0,0,0.00452652543907297,0.00813008130081301,0,0,0.00429378531073446,0.00361990950226244,0.0031201248049922,0.00584795321637427,0,0.015625,0,0.0169491525423729,0,0,0,0.00390625,0.00421246626735997
coyoacan,barrio la concepcion,0,0,0,0,0,0,0,0.00909090909090909,0,0,0,0,0,0,0,0,0,0.00073909830007391,0,0,0.000451977401129944,0,0,0,0,0,0,0,0,0,0,0.001953125,0.000197459356282499
coyoacan,barrio oxtopulco universidad,0,0,0,0,0,0,0,0,0,0.0606060606060606,0,0,0,0,0,0,0.00108636610537751,0,0,0,0.000903954802259887,0.00180995475113122,0,0,0,0,0.00521920668058455,0,0,0,0,0.00390625,0.00111893635226749
coyoacan,barrio santa catarina,0,0,0,0,0,0,0,0,0,0,0.00735294117647059,0,0,0,0,0,0.000543183052688756,0,0,0,0.00135593220338983,0,0,0,0.0123456790123457,0,0,0,0,0,0,0.001953125,0.000724017639702495
coyoacan,centro comercial perisur,0,0,0,0,0,0,0,0,0,0,0,0,0,0.0909090909090909,0,0,0.000724244070251675,0,0,0,0.00180790960451977,0,0,0,0.0123456790123457,0,0,0,0,0,0,0.001953125,0.000921476995984993
coyoacan,copilco el alto,0,0,0,0,0,0,0.00606060606060606,0,0,0,0,0,0,0,0,0,0.000362122035125837,0,0,0,0.000677966101694915,0.000904977375565611,0,0,0,0,0.00104384133611691,0,0,0,0,0.001953125,0.000460738497992497
coyoacan,copilco universidad,0,0,0,0,0,0,0,0.00909090909090909,0,0,0,0,0,0,0,0,0.000362122035125837,0.00073909830007391,0,0,0.000903954802259887,0.000904977375565611,0,0,0,0,0.00208768267223382,0,0,0,0,0.001953125,0.000658197854274995
coyoacan,culhuacan ctm seccion vii,0,0,0,0,0,0,0,0.00909090909090909,0,0,0,0,0,0,0,0,0.00181061017562919,0,0,0,0.00248587570621469,0.00180995475113122,0,0,0,0,0.00104384133611691,0,0,0,0,0.001953125,0.00157967485025999
coyoacan,del carmen,0,0,0,0,0,0,0,0.00909090909090909,0,0,0.00735294117647059,0,0,0,0,0,0.00271591526344378,0,0,0,0.00293785310734463,0,0,0,0,0,0,0,0,0,0,0.00390625,0.00184295399196999
coyoacan,educacion,0,0,0,0,0,0,0,0,0,0,0,0,0.0454545454545455,0,0,0,0.000362122035125837,0,0,0,0.000903954802259887,0,0,0,0,0,0,0,0,0,0,0.001953125,0.000394918712564997
coyoacan,el caracol,0,0,0,0,0,0,0.00606060606060606,0,0,0,0,0,0,0,0,0,0.000724244070251675,0.00147819660014782,0,0,0.000225988700564972,0,0,0,0,0,0,0,0,0,0,0.001953125,0.000460738497992497
coyoacan,hermosillo,0,0,0,0,0,0,0,0,0,0.0303030303030303,0,0,0,0,0,0,0,0,0,0,0.000451977401129944,0,0,0,0,0,0,0,0,0,0,0.001953125,0.000131639570854999
coyoacan,insurgentes cuicuilco,0,0,0,0,0,0,0,0,0,0,0.00735294117647059,0,0,0,0,0,0.000181061017562919,0,0,0,0.000451977401129944,0,0,0,0,0,0,0,0,0,0,0.001953125,0.000197459356282499
coyoacan,los girasoles,0,0,0,0,0,0,0,0.00909090909090909,0,0,0,0,0,0,0,0,0.000905305087814594,0.00221729490022173,0,0,0.00384180790960452,0.000904977375565611,0,0,0.00617283950617284,0,0,0,0,0,0,0.001953125,0.00177713420654249
coyoacan,paseos de taxquena,0,0,0,0,0,0,0,0,0,0,0.00735294117647059,0,0,0,0,0,0.000724244070251675,0,0,0,0.00384180790960452,0,0,0,0,0,0,0,0,0,0,0.001953125,0.00138221549397749
coyoacan,pedregal de la zorra,0,0,0,0,0,0,0.00606060606060606,0,0,0,0,0,0,0,0,0,0.000362122035125837,0,0,0,0,0,0,0.00584795321637427,0,0,0,0,0,0,0,0.001953125,0.000197459356282499
coyoacan,pedregal de santo domingo,0,0,0,0,0,0,0.00606060606060606,0.00909090909090909,0.142857142857143,0,0,0,0,0,0,0,0.00977729494839761,0.00517368810051737,0.00619195046439629,0.0077120822622108,0.00361581920903955,0.00723981900452489,0.0046801872074883,0.0116959064327485,0.0185185185185185,0,0.00730688935281837,0.0169491525423729,0,0,0,0.005859375,0.00697689725531495
coyoacan,presidentes ejidales,0,0,0,0,0,0,0,0.00909090909090909,0,0,0,0,0,0,0,0,0.000181061017562919,0.00073909830007391,0,0,0.000903954802259887,0,0,0,0,0,0,0,0,0,0,0.001953125,0.000394918712564997
coyoacan,pueblo de san pablo tepetlapa,0,0,0,0,0,0,0,0,0,0,0.0147058823529412,0,0,0,0,0,0,0.00221729490022173,0,0,0.00112994350282486,0.000904977375565611,0,0,0,0.015625,0,0,0,0,0,0.00390625,0.000658197854274995
coyoacan,romero de terreros,0,0,0,0,0,0,0.00606060606060606,0,0,0,0,0,0,0,0,0,0.000543183052688756,0,0,0.0025706940874036,0.000677966101694915,0,0,0,0,0,0,0,0,0,0,0.001953125,0.000460738497992497
coyoacan,san diego churubusco,0,0,0,0,0,0,0,0.00909090909090909,0,0.0303030303030303,0,0,0,0,0,0,0.000724244070251675,0,0.00309597523219814,0,0.0015819209039548,0,0,0,0,0,0.00104384133611691,0,0,0,0,0.00390625,0.000855657210557494
coyoacan,san francisco culhuacan,0,0,0,0,0,0,0,0,0,0,0,0,0.0454545454545455,0,0,0,0.00217273221075502,0.00443458980044346,0.00619195046439629,0,0.00361581920903955,0.00180995475113122,0.0093603744149766,0,0,0,0,0,0,0,0,0.001953125,0.00289607055880998
coyoacan,universidad nacional autonoma de mexico,0,0,0,0,0,0,0,0.00909090909090909,0,0,0,0,0,0,0,0,0.00380228136882129,0.00221729490022173,0,0.0025706940874036,0.00745762711864407,0.00361990950226244,0.0015600624024961,0,0.00617283950617284,0.015625,0.00417536534446764,0,0,0,0,0.001953125,0.00454156519449747
coyoacan,villa quietud,0,0,0,0,0,0,0.00606060606060606,0,0,0,0,0,0,0,0,0,0.000181061017562919,0,0,0,0.000903954802259887,0,0,0,0.00617283950617284,0,0,0,0,0,0,0.001953125,0.000394918712564997
coyoacan,viveros de coyoacan,0,0,0,0,0,0,0,0,0,0,0,0,0,0.0909090909090909,0,0,0,0,0,0,0,0,0,0,0,0,0.00208768267223382,0,0,0,0,0.001953125,0.000131639570854999
cuajimalpa de morelos,jardines de la palma,0,0,0,0,0,0,0,0,0,0,0.00735294117647059,0,0,0,0,0,0,0,0,0,0,0,0,0,0,0,0,0,0,0,0,0.001953125,0
cuajimalpa de morelos,loma del ocote,0,0,0,0,0,0,0,0,0,0,0,0,0.0454545454545455,0,0,0,0,0,0,0,0.000225988700564972,0,0,0,0,0,0,0,0,0,0,0.001953125,6.58197854274995e-05
cuajimalpa de morelos,lomas de santa fe,0,0,0,0,0,0,0,0,0,0,0,0,0.0454545454545455,0,0,0,0.00126742712294043,0.00147819660014782,0,0.0025706940874036,0.000903954802259887,0,0,0,0,0,0,0,0,0,0,0.001953125,0.000921476995984993
cuauhtemoc,ampliacion asturias,0,0,0,0,0,0,0.0121212121212121,0,0,0,0,0,0,0,0,0,0.000905305087814594,0,0.00309597523219814,0,0.000451977401129944,0,0,0,0,0,0.00417536534446764,0,0,0,0,0.00390625,0.000789837425129994
cuauhtemoc,asturias,0,0,0,0,0,0,0,0,0,0.0303030303030303,0,0,0,0,0,0,0.000362122035125837,0,0,0,0.000451977401129944,0,0,0,0,0,0.00313152400835073,0,0,0,0,0.001953125,0.000460738497992497
cuauhtemoc,buenavista,0,0,0,0,0,0,0.00606060606060606,0,0,0,0.00735294117647059,0,0,0,0,0,0.00742350172007967,0.00295639320029564,0,0.0025706940874036,0.00180790960451977,0.00633484162895928,0.0031201248049922,0.00584795321637427,0,0,0.0292275574112735,0,0,0,0,0.00390625,0.00605542025932996
cuauhtemoc,buenos aires,0,0,0,0,0,0,0,0,0.142857142857143,0.0303030303030303,0,0,0,0,0,0,0.000724244070251675,0,0,0,0.000225988700564972,0.000904977375565611,0.0031201248049922,0,0,0,0,0,0,0,0,0.00390625,0.000526558283419996
cuauhtemoc,centro,0,0,0,0,0,0,0.0121212121212121,0.0545454545454545,0.142857142857143,0.0909090909090909,0.00735294117647059,0,0,0,0.2,0,0.0610175629187036,0.0177383592017738,0.00619195046439629,0.0154241645244216,0.00203389830508475,0.016289592760181,0.0124804992199688,0,0.00617283950617284,0.015625,0.131524008350731,0,0,0.0833333333333333,0,0.02734375,0.0350819456328572
cuauhtemoc,condesa,0,0,0,0,0,0,0,0.00909090909090909,0,0,0,0,0,0,0,0,0.00199167119319211,0,0,0,0.000903954802259887,0.000904977375565611,0.0015600624024961,0,0,0,0.00104384133611691,0,0,0,0,0.001953125,0.00118475613769499
cuauhtemoc,doctores,0,0,0,0,0,0,0.00606060606060606,0.0272727272727273,0,0.0909090909090909,0,0,0,0,0,0,0.00778562375520551,0.00369549150036955,0.00928792569659443,0.0025706940874036,0.00406779661016949,0.0153846153846154,0.0093603744149766,0,0,0,0.0334029227557411,0,0,0,0,0.013671875,0.00822747317843744
cuauhtemoc,esperanza,0,0,0,0,0,0,0,0.00909090909090909,0,0,0,0,0,0,0,0,0.000724244070251675,0.00073909830007391,0,0,0.000451977401129944,0,0.0031201248049922,0,0,0,0,0,0,0,0,0.001953125,0.000592378068847496
cuauhtemoc,felipe pescador,0,0,0,0,0,0,0,0.00909090909090909,0,0,0,0,0,0,0,0,0.000181061017562919,0,0,0,0.000225988700564972,0,0,0,0,0,0,0,0,0,0,0.001953125,0.000131639570854999
cuauhtemoc,guerrero,0,0,0,0,0,0,0.0121212121212121,0.0181818181818182,0,0,0,0,0,0,0,0,0.00706137968495383,0.00665188470066519,0.00619195046439629,0.0025706940874036,0.00406779661016949,0.00723981900452489,0.0031201248049922,0.00584795321637427,0,0.015625,0.0511482254697286,0,0,0,0,0.0078125,0.00855657210557494
cuauhtemoc,juarez,0,0,0,0,0,0,0,0,0,0.0303030303030303,0,0,0,0,0,0,0.0101394169835234,0.00147819660014782,0,0,0.00338983050847458,0.0081447963800905,0.0015600624024961,0,0,0.03125,0.00521920668058455,0,0,0,0,0.001953125,0.00592378068847496
cuauhtemoc,maza,0,0,0,0,0,0,0.00606060606060606,0,0,0,0,0,0,0,0,0,0.000362122035125837,0,0,0,0.000225988700564972,0,0.0031201248049922,0,0,0,0,0,0,0,0,0.001953125,0.000329098927137498
cuauhtemoc,morelos,0,0,0,0,0,0,0,0,0,0,0.00735294117647059,0,0,0,0,0,0.00778562375520551,0,0.0123839009287926,0.0025706940874036,0.00180790960451977,0.0081447963800905,0.0202808112324493,0,0,0,0.00521920668058455,0,0,0,0,0.001953125,0.00546304219048246
cuauhtemoc,roma norte,0,0,0,0,0,0,0,0.0272727272727273,0,0,0.0147058823529412,0,0,0,0,0,0.0114068441064639,0.00443458980044346,0,0,0.00790960451977401,0.00723981900452489,0,0.00584795321637427,0,0.03125,0.00730688935281837,0.0338983050847458,0,0,0,0.009765625,0.00816165339300994
cuauhtemoc,roma sur,0,0,0,0,0,0,0.00606060606060606,0,0,0,0,0,0,0,0,0,0.00217273221075502,0.00073909830007391,0,0,0.00135593220338983,0.00271493212669683,0,0.00584795321637427,0,0,0.011482254697286,0,0,0,0,0.001953125,0.00223787270453498
cuauhtemoc,san simon tolnahuac,0,0,0,0,0,0,0.00606060606060606,0,0,0,0,0,0,0,0,0,0.00126742712294043,0.00073909830007391,0.00309597523219814,0,0.000225988700564972,0.000904977375565611,0.0015600624024961,0,0.00617283950617284,0,0.00104384133611691,0,0,0,0,0.001953125,0.000921476995984993
cuauhtemoc,santa maria la ribera,0,0,0,0,0,0,0.0121212121212121,0,0,0,0,0,0,0,0,0,0.00217273221075502,0.00517368810051737,0.00619195046439629,0.0025706940874036,0.00248587570621469,0.00542986425339367,0.0046801872074883,0,0,0,0.00730688935281837,0,0,0.0833333333333333,0,0.00390625,0.00329098927137498
cuauhtemoc,transito,0,0,0,0,0,0,0,0,0,0,0,0,0.0454545454545455,0,0,0,0.00126742712294043,0.00147819660014782,0,0,0.00135593220338983,0,0.0015600624024961,0,0,0,0.00313152400835073,0.0169491525423729,0,0,0,0.001953125,0.00131639570854999
gustavo a madero,ampliacion casas aleman,0,0,0,0,0,0,0.00606060606060606,0,0,0,0,0,0,0,0,0,0.00217273221075502,0.00443458980044346,0,0.0025706940874036,0.00293785310734463,0.00180995475113122,0.0015600624024961,0,0.00617283950617284,0,0,0,0,0,0,0.001953125,0.00236951227538998
gustavo a madero,ampliacion progreso nacional,0,0,0,0,0,0,0,0,0,0,0.0220588235294118,0,0,0,0,0,0.000905305087814594,0.00073909830007391,0,0.0025706940874036,0.00112994350282486,0.000904977375565611,0.0031201248049922,0,0,0,0,0,0,0,0,0.005859375,0.000987296781412493
gustavo a madero,aragon la villa,0,0,0,0,0,0,0.00606060606060606,0,0,0,0,0,0,0,0,0,0.00162954915806627,0.00147819660014782,0,0,0.00135593220338983,0,0,0.00584795321637427,0,0,0,0,0,0,0,0.001953125,0.00118475613769499
gustavo a madero,benito juarez,0,0,0,0,0,0,0,0,0,0,0.00735294117647059,0,0,0,0,0,0,0,0.00309597523219814,0,0,0,0.0015600624024961,0,0,0,0,0,0,0,0,0.001953125,0.000131639570854999
gustavo a madero,chalma de guadalupe,0,0,0,0,0,0,0.00606060606060606,0,0,0,0,0,0,0,0,0,0.000181061017562919,0,0.00309597523219814,0.0025706940874036,0.0031638418079096,0.00361990950226244,0,0,0,0,0,0,0,0,0,0.001953125,0.00138221549397749
gustavo a madero,churubusco tepeyac,0,0,0,0,0,0,0.00606060606060606,0,0,0,0,0,0,0,0,0,0,0,0,0,0.000451977401129944,0.000904977375565611,0,0,0,0,0,0,0,0,0,0.001953125,0.000197459356282499
gustavo a madero,compositores mexicanos,0,0,0,0,0,0,0,0.00909090909090909,0,0,0,0,0,0,0,0,0.000362122035125837,0.00073909830007391,0,0,0.000225988700564972,0.00180995475113122,0,0,0,0,0,0,0,0,0,0.001953125,0.000394918712564997
gustavo a madero,cuautepec de madero,0,0,0,0,0,0,0,0,0,0,0,0.0454545454545455,0,0,0,0,0.000362122035125837,0.00221729490022173,0,0.0077120822622108,0.0015819209039548,0,0,0.00584795321637427,0,0,0,0,0,0,0,0.001953125,0.00105311656683999
gustavo a madero,cuchilla del tesoro,0,0,0,0,0,0,0.00606060606060606,0,0,0,0,0,0,0,0,0,0.000181061017562919,0,0,0.0025706940874036,0.00135593220338983,0.00180995475113122,0.0015600624024961,0,0,0,0,0,0,0,0,0.001953125,0.000724017639702495
gustavo a madero,general felipe berriozabal,0,0,0,0,0,0,0.00606060606060606,0.00909090909090909,0,0,0,0,0,0,0,0,0.000724244070251675,0,0,0,0.000451977401129944,0,0,0,0,0,0,0,0,0,0,0.00390625,0.000394918712564997
gustavo a madero,gertrudis sanchez 2a seccion,0,0,0,0,0,0,0.00606060606060606,0,0,0,0,0,0,0,0,0,0.000543183052688756,0.00147819660014782,0,0,0.000451977401129944,0.000904977375565611,0,0,0,0,0,0,0,0,0,0.001953125,0.000526558283419996
gustavo a madero,guadalupe insurgentes,0,0,0,0,0,0,0,0,0,0.0303030303030303,0,0,0,0,0,0,0.000724244070251675,0.00073909830007391,0,0,0.00112994350282486,0,0,0,0,0,0.00208768267223382,0,0,0,0,0.001953125,0.000789837425129994
gustavo a madero,guadalupe tepeyac,0,0,0,0,0,0,0,0,0,0,0,0,0.0454545454545455,0,0,0,0.00217273221075502,0.00443458980044346,0,0,0.00384180790960452,0.000904977375565611,0.0031201248049922,0,0,0,0,0,0,0,0,0.001953125,0.00250115184624498
gustavo a madero,industrial,0,0,0,0,0,0,0.00606060606060606,0.00909090909090909,0,0,0,0,0.0454545454545455,0,0,0,0.000905305087814594,0.00295639320029564,0,0,0.00248587570621469,0.000904977375565611,0.0015600624024961,0,0.00617283950617284,0,0,0,0,0,0,0.005859375,0.00151385506483249
gustavo a madero,jorge negrete,0,0,0,0,0,0,0,0,0,0,0.00735294117647059,0,0,0,0,0,0,0.00443458980044346,0,0,0.000225988700564972,0,0,0,0,0,0,0.0169491525423729,0,0,0,0.001953125,0.000526558283419996
gustavo a madero,la joya,0,0,0,0,0,0,0.00606060606060606,0,0,0,0,0,0,0,0,0,0.000543183052688756,0,0,0,0.000677966101694915,0,0,0,0,0,0,0,0,0,0,0.001953125,0.000394918712564997
gustavo a madero,la purisima ticoman,0,0,0,0,0,0,0,0,0,0,0.00735294117647059,0,0,0,0,0,0,0,0,0.0025706940874036,0.000677966101694915,0,0,0,0,0,0,0,0,0,0,0.001953125,0.000263279141709998
gustavo a madero,lindavista,0,0,0,0,0,0,0.00606060606060606,0.00909090909090909,0,0,0.0147058823529412,0,0,0,0,0,0.00271591526344378,0.00369549150036955,0.00928792569659443,0.0077120822622108,0.00564971751412429,0.00361990950226244,0,0.00584795321637427,0,0,0.00313152400835073,0.0169491525423729,0.125,0,0,0.0078125,0.00401500691107747
gustavo a madero,loma la palma,0,0,0,0,0,0,0,0,0,0,0.0147058823529412,0,0,0,0,0,0.000543183052688756,0,0,0,0.0015819209039548,0.00180995475113122,0.0015600624024961,0,0,0,0,0,0,0,0,0.00390625,0.000855657210557494
gustavo a madero,magdalena de las salinas,0,0,0,0,0,0,0,0.00909090909090909,0,0,0.00735294117647059,0,0,0,0,0,0.00235379322831794,0.00591278640059128,0,0.0025706940874036,0.00519774011299435,0.00271493212669683,0.0031201248049922,0,0,0.015625,0.00104384133611691,0.0338983050847458,0,0,0,0.00390625,0.00355426841308497
gustavo a madero,nueva atzacoalco,0,0,0,0,0,0,0.00606060606060606,0,0,0,0,0,0,0,0,0,0.00108636610537751,0.00295639320029564,0,0.0025706940874036,0.0015819209039548,0.000904977375565611,0.0031201248049922,0,0,0,0,0,0,0,0,0.001953125,0.00138221549397749
gustavo a madero,nueva industrial vallejo,0,0,0,0,0,0,0.00606060606060606,0,0,0,0,0,0,0,0,0,0.00108636610537751,0.00295639320029564,0,0.0025706940874036,0.000903954802259887,0.00271493212669683,0.0015600624024961,0,0,0,0.00521920668058455,0,0,0,0,0.001953125,0.00157967485025999
gustavo a madero,nueva vallejo,0,0,0,0,0,0,0,0.00909090909090909,0,0.0303030303030303,0.00735294117647059,0,0,0,0,0,0.000724244070251675,0.00665188470066519,0,0,0.00361581920903955,0.000904977375565611,0,0,0,0,0.00417536534446764,0,0,0,0,0.005859375,0.00223787270453498
gustavo a madero,residencial acueducto de guadalupe,0,0,0,0,0,0,0,0,0,0,0.00735294117647059,0,0,0,0,0,0.000543183052688756,0.00073909830007391,0,0,0.0031638418079096,0,0,0,0,0,0,0,0,0,0,0.001953125,0.00118475613769499
gustavo a madero,residencial zacatenco,0,0,0,0,0,0,0.00606060606060606,0.00909090909090909,0,0.0303030303030303,0,0,0,0,0,0,0.00325909831613254,0.00295639320029564,0,0,0.000677966101694915,0,0,0,0,0,0.0167014613778706,0,0,0,0,0.005859375,0.00269861120252748
gustavo a madero,san bartolo atepehuacan,0,0,0,0,0,0,0,0,0,0,0,0,0,0,0.2,0,0.000543183052688756,0.00369549150036955,0,0,0.000677966101694915,0,0,0,0.00617283950617284,0,0,0,0,0,0,0.001953125,0.000789837425129994
gustavo a madero,san felipe de jesus,0,0,0,0,0,0,0,0,0,0,0.0147058823529412,0,0,0,0,0,0.00126742712294043,0.00073909830007391,0,0,0.00406779661016949,0.00271493212669683,0,0,0.00617283950617284,0,0,0.0169491525423729,0,0,0,0.00390625,0.00204041334825248
gustavo a madero,san juan de aragon,0,0,0,0,0,0,0.00606060606060606,0,0,0,0,0,0,0,0,0,0.00126742712294043,0.00073909830007391,0,0.0077120822622108,0.00248587570621469,0.00180995475113122,0.0046801872074883,0,0,0,0.00104384133611691,0,0,0,0,0.001953125,0.00184295399196999
gustavo a madero,san juan de aragon i seccion,0,0,0,0,0,0,0.00606060606060606,0,0,0,0,0,0,0,0,0,0.00108636610537751,0.00295639320029564,0,0,0.0015819209039548,0.000904977375565611,0,0,0,0,0,0,0,0,0,0.001953125,0.00118475613769499
gustavo a madero,san juan de aragon ii seccion,0,0,0,0,0,0,0.00606060606060606,0,0,0,0,0,0,0,0,0,0.000362122035125837,0,0.00309597523219814,0.0025706940874036,0.000903954802259887,0,0.0015600624024961,0,0,0,0,0,0,0,0,0.001953125,0.000592378068847496
gustavo a madero,san juan de aragon iii seccion,0,0,0,0,0,0,0,0,0,0,0.00735294117647059,0,0,0,0,0,0.000724244070251675,0.00073909830007391,0,0.0025706940874036,0.000225988700564972,0,0.0015600624024961,0,0,0.015625,0,0,0,0,0,0.001953125,0.000592378068847496
gustavo a madero,san juan de aragon vii seccion,0,0,0,0,0,0,0.00606060606060606,0,0,0,0.00735294117647059,0,0,0,0,0,0.00126742712294043,0,0,0.0025706940874036,0.00180790960451977,0.000904977375565611,0,0,0,0,0,0,0,0,0,0.00390625,0.00111893635226749
gustavo a madero,san pedro zacatenco,0,0,0,0,0,0,0,0,0,0,0,0.0454545454545455,0,0,0,0,0.000724244070251675,0,0.00309597523219814,0,0.00203389830508475,0,0.0015600624024961,0,0,0,0,0,0,0,0,0.001953125,0.000987296781412493
gustavo a madero,santa isabel tola,0,0,0,0,0,0,0.00606060606060606,0,0,0.0303030303030303,0.00735294117647059,0,0,0,0,0,0.00199167119319211,0.00147819660014782,0.00309597523219814,0.0025706940874036,0.00203389830508475,0.00180995475113122,0.0015600624024961,0,0,0,0.00417536534446764,0,0,0,0,0.005859375,0.00204041334825248
gustavo a madero,santa rosa,0,0,0,0,0,0,0,0,0,0,0.0147058823529412,0,0.0454545454545455,0,0,0,0.000181061017562919,0.00221729490022173,0,0.0025706940874036,0.00338983050847458,0,0,0,0,0,0,0,0,0,0,0.005859375,0.00131639570854999
gustavo a madero,santiago atzacoalco,0,0,0,0,0,0,0,0,0.142857142857143,0,0.00735294117647059,0,0,0,0,0,0.000543183052688756,0.00369549150036955,0,0.0051413881748072,0.000451977401129944,0.00180995475113122,0,0,0.00617283950617284,0,0,0.0169491525423729,0,0,0,0.00390625,0.00105311656683999
gustavo a madero,tlacaelel 1,0,0,0,0,0,0,0.00606060606060606,0,0,0,0,0,0,0,0,0,0.000181061017562919,0,0,0,0.000225988700564972,0.000904977375565611,0,0,0,0,0,0,0,0,0,0.001953125,0.000197459356282499
gustavo a madero,villa gustavo a madero,0,0,0,0,0,0,0.0121212121212121,0,0,0,0,0,0,0,0,0,0.00144848814050335,0.00073909830007391,0,0,0.000677966101694915,0.000904977375565611,0,0,0,0,0.00313152400835073,0,0,0,0,0.00390625,0.00105311656683999
gustavo a madero,zona escolar oriente,0,0,0,0,0,0,0.00606060606060606,0,0,0,0,0,0,0,0,0,0.000724244070251675,0,0,0,0.000903954802259887,0,0,0,0,0,0,0,0,0,0,0.001953125,0.000526558283419996
iztacalco,agricola oriental,0,0,0,0,0,0,0,0.0181818181818182,0,0,0.00735294117647059,0,0.0909090909090909,0,0,0,0.00543183052688756,0.0133037694013304,0.0123839009287926,0.0077120822622108,0.0135593220338983,0.00452488687782806,0.0062402496099844,0.0116959064327485,0.00617283950617284,0,0.00417536534446764,0,0,0,0,0.009765625,0.00862239189100244
iztacalco,campamento 2 de octubre,0,0,0,0,0,0,0,0.00909090909090909,0,0,0,0,0,0,0,0,0.00181061017562919,0,0.0123839009287926,0.0102827763496144,0.00338983050847458,0,0.0015600624024961,0.00584795321637427,0,0,0,0,0,0,0,0.001953125,0.00230369248996248
iztacalco,gabriel ramos millan seccion bramadero,0,0,0,0,0,0,0,0,0,0,0,0,0.0454545454545455,0,0,0,0.0028969762810067,0.00517368810051737,0,0,0.00112994350282486,0,0.0015600624024961,0.00584795321637427,0.00617283950617284,0,0,0,0,0,0,0.001953125,0.00204041334825248
iztacalco,granjas mexico,0,0,0,0,0,0,0,0.00909090909090909,0,0,0,0.0454545454545455,0,0,0,0,0.0159333695455368,0.00221729490022173,0.00309597523219814,0,0.00564971751412429,0.00271493212669683,0,0,0,0,0.00521920668058455,0,0,0,0,0.00390625,0.00822747317843744
iztacalco,juventino rosas,0,0,0,0,0,0,0,0.00909090909090909,0,0,0,0,0,0,0,0,0.00181061017562919,0.00073909830007391,0.00619195046439629,0,0.00203389830508475,0.000904977375565611,0.0046801872074883,0,0,0,0,0,0,0,0,0.001953125,0.00171131442111499
iztacalco,los picos de iztacalco seccion 1a,0,0,0,0,0,0,0,0,0,0.0303030303030303,0,0,0,0,0,0,0.000362122035125837,0,0,0.0025706940874036,0.000451977401129944,0,0,0,0,0,0.00104384133611691,0,0,0,0,0.001953125,0.000394918712564997
iztacalco,los reyes,0,0,0,0,0,0,0,0,0,0,0.00735294117647059,0,0,0,0,0,0.00144848814050335,0,0,0,0.000225988700564972,0.000904977375565611,0.0015600624024961,0,0,0.015625,0.00208768267223382,0,0,0,0,0.001953125,0.000921476995984993
iztacalco,militar marte,0,0,0,0,0,0,0.00606060606060606,0,0,0,0,0,0,0,0,0,0.000543183052688756,0,0,0.0025706940874036,0.000225988700564972,0.000904977375565611,0,0,0.00617283950617284,0,0,0,0,0,0,0.001953125,0.000460738497992497
iztacalco,san pedro,0,0,0,0,0,0,0,0.00909090909090909,0,0,0,0,0,0,0,0,0.000362122035125837,0.00147819660014782,0,0,0.000677966101694915,0,0,0,0,0,0,0,0,0,0,0.001953125,0.000460738497992497
iztacalco,santiago norte,0,0,0,0,0,0,0.00606060606060606,0,0,0,0,0,0,0,0,0,0.000181061017562919,0.00073909830007391,0.00309597523219814,0,0.000451977401129944,0.000904977375565611,0,0,0.00617283950617284,0,0,0,0,0,0,0.001953125,0.000460738497992497
iztacalco,viaducto piedad,0,0,0,0,0,0,0,0,0,0,0.00735294117647059,0,0,0,0,0,0.00144848814050335,0.00147819660014782,0,0.0025706940874036,0.000677966101694915,0.000904977375565611,0,0,0,0,0.00104384133611691,0,0,0,0,0.001953125,0.00105311656683999
iztapalapa,aculco,0,0,0,0,0,0,0.00606060606060606,0,0,0,0,0,0,0,0,0,0.000362122035125837,0,0.00309597523219814,0,0.000451977401129944,0.000904977375565611,0,0,0,0,0.00208768267223382,0,0,0,0,0.001953125,0.000526558283419996
iztapalapa,ampliacion el triunfo,0,0,0,0,0,0,0,0,0,0,0,0.0454545454545455,0,0,0,0,0.000362122035125837,0,0,0,0.000903954802259887,0.000904977375565611,0,0,0,0,0,0,0,0,0,0.001953125,0.000460738497992497
iztapalapa,ampliacion zona urbana ejidal santa maria aztahuac,0,0,0,0,0,0,0,0,0,0,0.00735294117647059,0.0454545454545455,0,0,0,0,0.000362122035125837,0,0,0,0.00112994350282486,0,0,0,0.00617283950617284,0,0,0,0,0,0,0.00390625,0.000526558283419996
iztapalapa,ano de juarez,0,0,0,0,0,0,0,0.00909090909090909,0,0.0303030303030303,0,0,0,0,0,0,0.00108636610537751,0,0,0.0025706940874036,0.000451977401129944,0,0,0,0.00617283950617284,0,0.00730688935281837,0,0,0,0,0.00390625,0.00111893635226749
iztapalapa,apatlaco,0,0,0,0,0,0,0.00606060606060606,0,0,0,0,0,0,0,0,0,0.000905305087814594,0.00221729490022173,0,0.0025706940874036,0.000903954802259887,0.000904977375565611,0,0,0,0,0,0,0,0,0,0.001953125,0.000921476995984993
iztapalapa,area federal panteon san lorenzo tezonco,0,0,0,0,0,0,0,0,0,0,0.00735294117647059,0,0,0,0,0,0.000724244070251675,0,0,0,0.000677966101694915,0.000904977375565611,0,0,0,0,0,0,0,0,0,0.001953125,0.000526558283419996
iztapalapa,carlos hank gonzalez,0,0,0,0,0,0,0,0,0,0,0,0,0.0454545454545455,0,0,0,0.00144848814050335,0.00073909830007391,0.00619195046439629,0,0.000225988700564972,0,0,0,0,0.015625,0,0,0,0,0,0.001953125,0.000855657210557494
iztapalapa,central de abasto,0,0,0,0,0,0,0,0,0,0,0.0147058823529412,0,0,0,0,0,0.00778562375520551,0.0073909830007391,0.0123839009287926,0.0282776349614396,0.00903954802259887,0.00180995475113122,0.0093603744149766,0,0.00617283950617284,0.015625,0,0.0169491525423729,0,0.0833333333333333,0,0.00390625,0.00789837425129994
iztapalapa,chinampac de juarez,0,0,0,0,0,0,0,0.00909090909090909,0,0,0,0,0,0,0,0,0.00398334238638421,0.00147819660014782,0.00309597523219814,0.0179948586118252,0.00451977401129944,0.00361990950226244,0.0109204368174727,0,0.00617283950617284,0,0,0.0169491525423729,0,0,0,0.001953125,0.00427828605278747
iztapalapa,consejo agrarista mexicano,0,0,0,0,0,0,0.00606060606060606,0,0,0,0,0,0,0,0,0,0.00253485424588086,0.00147819660014782,0,0.0051413881748072,0.00225988700564972,0.00271493212669683,0,0,0,0.015625,0,0,0,0,0,0.001953125,0.00210623313367998
iztapalapa,desarrollo urbano quetzalcoatl,0,0,0,0,0,0,0.0181818181818182,0.0181818181818182,0,0,0.0147058823529412,0.0454545454545455,0,0,0,0,0.00760456273764259,0.00591278640059128,0.021671826625387,0.025706940874036,0.00768361581920904,0.00633484162895928,0.0078003120124805,0.00584795321637427,0.0246913580246914,0.015625,0,0,0,0,0,0.015625,0.00783255446587244
iztapalapa,ejercito de agua prieta,0,0,0,0,0,0,0,0.00909090909090909,0,0,0,0,0,0,0,0,0.00325909831613254,0,0,0.0025706940874036,0.00135593220338983,0.000904977375565611,0.0031201248049922,0,0,0,0,0,0,0,0,0.001953125,0.00184295399196999
iztapalapa,el molino,0,0,0,0,0,0,0.00606060606060606,0,0,0,0,0,0,0,0,0,0.000543183052688756,0.00147819660014782,0,0,0.000451977401129944,0,0,0.00584795321637427,0,0,0,0,0,0,0,0.001953125,0.000526558283419996
iztapalapa,el paraiso,0,0,0,0,0,0,0,0,0,0,0.00735294117647059,0,0,0,0,0,0.00235379322831794,0.00073909830007391,0.00309597523219814,0.012853470437018,0.000225988700564972,0.00271493212669683,0.0046801872074883,0.00584795321637427,0.00617283950617284,0,0,0,0,0,0,0.001953125,0.00190877377739749
iztapalapa,el rosario,0,0,0,0,0,0,0,0,0,0.0303030303030303,0,0,0,0,0,0,0.000543183052688756,0.00147819660014782,0.00309597523219814,0.0025706940874036,0.000451977401129944,0,0.0015600624024961,0,0.00617283950617284,0,0.00521920668058455,0,0,0,0,0.001953125,0.00105311656683999
iztapalapa,el santuario,0,0,0,0,0,0,0.00606060606060606,0,0,0,0,0,0,0,0,0,0.00108636610537751,0,0,0,0.000225988700564972,0,0.0015600624024961,0,0,0,0.00313152400835073,0,0,0,0,0.001953125,0.000724017639702495
iztapalapa,el triunfo,0,0,0,0,0,0,0,0,0,0,0.00735294117647059,0,0,0,0,0,0,0,0.00309597523219814,0,0.000225988700564972,0,0,0,0,0,0,0,0,0,0,0.001953125,0.000131639570854999
iztapalapa,emiliano zapata,0,0,0,0,0,0,0,0.00909090909090909,0,0,0,0,0,0,0,0,0.00108636610537751,0.00295639320029564,0,0.0051413881748072,0.00112994350282486,0,0,0.00584795321637427,0,0,0,0,0,0,0,0.001953125,0.00118475613769499
iztapalapa,escuadron 201,0,0,0,0,0,0,0.00606060606060606,0,0,0,0.00735294117647059,0,0,0,0,0,0.00181061017562919,0.00295639320029564,0.00309597523219814,0.0025706940874036,0.000903954802259887,0.000904977375565611,0.0015600624024961,0.0116959064327485,0,0,0,0,0,0,0,0.00390625,0.00157967485025999
iztapalapa,francisco villa,0,0,0,0,0,0,0,0,0,0,0.00735294117647059,0,0,0,0,0,0.000724244070251675,0.00073909830007391,0.00309597523219814,0.0051413881748072,0.0015819209039548,0.000904977375565611,0,0,0,0,0,0,0,0,0,0.001953125,0.00105311656683999
iztapalapa,fuego nuevo,0,0,0,0,0,0,0,0,0,0,0.00735294117647059,0.0454545454545455,0,0,0,0,0.000724244070251675,0.00221729490022173,0,0.0025706940874036,0.00135593220338983,0.000904977375565611,0,0,0,0,0,0,0,0,0,0.00390625,0.000987296781412493
iztapalapa,granjas de san antonio,0,0,0,0,0,0,0.00606060606060606,0,0,0,0,0,0,0,0,0,0.000905305087814594,0.00073909830007391,0.00309597523219814,0,0.00112994350282486,0,0,0,0,0,0.00208768267223382,0.0169491525423729,0,0,0,0.001953125,0.000987296781412493
iztapalapa,guadalupe del moral,0,0,0,0,0,0,0,0,0,0,0.00735294117647059,0,0,0,0,0,0.00235379322831794,0.00073909830007391,0.00309597523219814,0.0025706940874036,0.00225988700564972,0.000904977375565611,0,0,0,0,0,0,0,0,0,0.001953125,0.00177713420654249
iztapalapa,heroes de churubusco,0,0,0,0,0,0,0.00606060606060606,0,0,0,0,0,0,0,0,0,0.000362122035125837,0,0,0,0.00112994350282486,0.000904977375565611,0,0,0,0,0,0,0,0,0,0.001953125,0.000526558283419996
iztapalapa,jardines de san lorenzo tezonco,0,0,0,0,0,0,0,0.00909090909090909,0,0,0,0,0,0,0,0,0.00108636610537751,0.00073909830007391,0,0,0.000677966101694915,0,0,0,0,0,0,0,0,0,0,0.001953125,0.000658197854274995
iztapalapa,jose lopez portillo,0,0,0,0,0,0,0,0.00909090909090909,0,0,0,0,0,0.0909090909090909,0,0,0.00199167119319211,0,0.0154798761609907,0,0.00180790960451977,0.00361990950226244,0.0109204368174727,0,0,0.03125,0,0,0,0,0,0.00390625,0.00243533206081748
iztapalapa,juan escutia,0,0,0,0,0,0,0,0,0,0,0.00735294117647059,0,0,0,0,0,0.00470758645663589,0.00443458980044346,0,0.0025706940874036,0.00248587570621469,0.00271493212669683,0.0078003120124805,0,0.0123456790123457,0,0.00208768267223382,0.0169491525423729,0,0,0,0.001953125,0.00375172776936747
iztapalapa,la polvorilla,0,0,0,0,0,0,0,0,0,0,0,0.0454545454545455,0,0,0,0,0.000724244070251675,0.00221729490022173,0.00309597523219814,0.0051413881748072,0.0015819209039548,0.00180995475113122,0.0015600624024961,0,0.00617283950617284,0,0,0,0,0,0,0.001953125,0.00138221549397749
iztapalapa,las penas,0,0,0,0,0,0,0.00606060606060606,0,0,0,0,0,0,0,0,0,0.00108636610537751,0.00147819660014782,0,0.0025706940874036,0.000677966101694915,0.000904977375565611,0.0015600624024961,0,0,0,0,0,0,0,0,0.001953125,0.000921476995984993
iztapalapa,leyes de reforma 1a seccion,0,0,0,0,0,0,0,0,0,0,0.00735294117647059,0,0,0,0,0,0.00162954915806627,0.00073909830007391,0,0,0.00180790960451977,0.000904977375565611,0.0015600624024961,0,0,0,0,0,0,0,0,0.001953125,0.00131639570854999
iztapalapa,lomas estrella 2a seccion,0,0,0,0,0,0,0,0,0,0,0.00735294117647059,0,0,0,0,0,0.000905305087814594,0,0,0,0.00135593220338983,0.000904977375565611,0,0.00584795321637427,0,0,0.00208768267223382,0.0169491525423729,0,0,0,0.001953125,0.00105311656683999
iztapalapa,los angeles,0,0,0,0,0,0,0,0,0,0.0303030303030303,0.0294117647058824,0,0,0,0,0,0.00344015933369546,0.00221729490022173,0.00309597523219814,0,0.00225988700564972,0.00361990950226244,0.0015600624024961,0,0.037037037037037,0,0.0187891440501044,0,0,0,0,0.009765625,0.00408082669650497
iztapalapa,los angeles apanoaya,0,0,0,0,0,0,0,0,0,0,0.00735294117647059,0,0,0,0,0,0.000905305087814594,0,0,0.0025706940874036,0.000225988700564972,0.000904977375565611,0,0,0.00617283950617284,0,0,0,0,0,0,0.001953125,0.000592378068847496
iztapalapa,palmitas,0,0,0,0,0,0,0,0,0,0,0,0.0454545454545455,0,0,0,0,0.000543183052688756,0.00073909830007391,0,0,0.000677966101694915,0.000904977375565611,0,0.00584795321637427,0,0,0,0,0,0.0833333333333333,0,0.001953125,0.000658197854274995
iztapalapa,paraje san juan cerro,0,0,0,0,0,0,0,0,0,0,0,0.0454545454545455,0,0,0,0,0.000362122035125837,0,0,0,0.000903954802259887,0,0.0031201248049922,0,0.00617283950617284,0,0,0,0,0,0,0.001953125,0.000592378068847496
iztapalapa,paraje zacatepec,0,0,0,0,0,0,0,0,0,0,0.00735294117647059,0.0454545454545455,0,0,0.2,0,0.000362122035125837,0.00221729490022173,0.00309597523219814,0,0.000903954802259887,0.000904977375565611,0.0015600624024961,0,0,0,0.00104384133611691,0,0,0,0,0.005859375,0.000855657210557494
iztapalapa,parque nacional cerro  de la estrella,0,0,0,0,0,0,0,0,0,0,0,0.0454545454545455,0,0,0,0,0.000362122035125837,0,0,0,0.000451977401129944,0,0,0,0,0,0,0,0,0,0,0.001953125,0.000263279141709998
iztapalapa,paseos de churubusco,0,0,0,0,0,0,0,0,0,0,0.00735294117647059,0,0,0,0,0,0.000362122035125837,0,0,0,0.00203389830508475,0,0,0,0,0,0,0,0,0,0,0.001953125,0.000724017639702495
iztapalapa,pque ecologico ind tecnologico de la ciudad de m?xico (finsa),0,0,0,0,0,0,0,0,0,0,0,0.0454545454545455,0,0,0,0,0.000543183052688756,0.00147819660014782,0,0.0051413881748072,0.000451977401129944,0,0,0,0,0,0,0,0,0,0,0.001953125,0.000592378068847496
iztapalapa,presidentes de mexico,0,0,0,0,0,0,0,0,0,0,0.00735294117647059,0,0,0,0,0,0.000905305087814594,0.00221729490022173,0,0,0.000677966101694915,0.000904977375565611,0.0015600624024961,0,0,0,0,0,0,0,0,0.001953125,0.000855657210557494
iztapalapa,pueblo culhuacan,0,0,0,0,0,0,0,0.00909090909090909,0,0,0,0,0,0,0,0,0.000724244070251675,0,0,0.0077120822622108,0.000225988700564972,0.000904977375565611,0.0015600624024961,0,0.00617283950617284,0,0.00313152400835073,0,0,0,0,0.001953125,0.000921476995984993
iztapalapa,reforma politica,0,0,0,0,0,0,0,0,0,0,0.00735294117647059,0,0,0,0,0,0.00362122035125837,0.00221729490022173,0,0,0.00225988700564972,0.00271493212669683,0,0,0,0.015625,0,0.0169491525423729,0,0,0,0.001953125,0.00250115184624498
iztapalapa,renovacion,0,0,0,0,0,0,0.00606060606060606,0,0,0,0,0,0,0,0,0,0.00199167119319211,0,0.0154798761609907,0.0205655526992288,0.0015819209039548,0.000904977375565611,0.0078003120124805,0,0,0,0,0,0,0,0,0.001953125,0.00243533206081748
iztapalapa,ricardo flores magon,0,0,0,0,0,0,0,0.00909090909090909,0,0,0,0,0,0,0,0,0.000181061017562919,0,0.00309597523219814,0,0.000225988700564972,0,0,0,0,0,0.00104384133611691,0,0,0,0,0.001953125,0.000263279141709998
iztapalapa,san andres tomatlan,0,0,0,0,0,0,0,0,0,0,0.00735294117647059,0,0,0,0,0,0.000181061017562919,0.00073909830007391,0,0,0.000451977401129944,0.00180995475113122,0,0,0,0,0.00104384133611691,0,0,0,0,0.001953125,0.000460738497992497
iztapalapa,san ignacio,0,0,0,0,0,0,0,0,0,0,0.00735294117647059,0,0,0,0,0,0.00108636610537751,0,0,0.0025706940874036,0.000451977401129944,0,0,0,0,0,0,0,0,0,0,0.001953125,0.000592378068847496
iztapalapa,san jose,0,0,0,0,0,0,0,0,0,0,0.00735294117647059,0,0,0,0,0,0.000543183052688756,0,0,0.0025706940874036,0,0,0.0015600624024961,0,0,0,0,0,0,0,0,0.001953125,0.000329098927137498
iztapalapa,san juan estrella,0,0,0,0,0,0,0.00606060606060606,0,0,0,0.00735294117647059,0,0,0,0,0,0.000543183052688756,0,0,0,0,0,0,0,0,0,0,0,0,0,0,0.00390625,0.000197459356282499
iztapalapa,san juan xalpa,0,0,0,0,0,0,0.00606060606060606,0,0,0,0,0,0,0,0,0,0.00181061017562919,0.00073909830007391,0.0154798761609907,0.0025706940874036,0.00271186440677966,0.00452488687782806,0.0062402496099844,0,0.0123456790123457,0,0,0,0,0,0,0.001953125,0.00263279141709998
iztapalapa,san lorenzo tezonco,0,0,0,0,0,0,0,0.00909090909090909,0,0,0,0,0,0,0,0,0.000543183052688756,0,0.00309597523219814,0.0025706940874036,0.000903954802259887,0.000904977375565611,0.0015600624024961,0,0.00617283950617284,0,0,0,0,0,0,0.001953125,0.000789837425129994
iztapalapa,san lucas,0,0,0,0,0,0,0,0.00909090909090909,0,0,0,0,0,0,0,0,0.00144848814050335,0,0,0.0025706940874036,0.00112994350282486,0,0,0,0,0,0.00313152400835073,0,0,0,0,0.001953125,0.00111893635226749
iztapalapa,san miguel teotongo,0,0,0,0,0,0,0.00606060606060606,0,0,0,0.0147058823529412,0,0,0.0909090909090909,0,0,0.00235379322831794,0.00295639320029564,0.00619195046439629,0,0.00361581920903955,0.0081447963800905,0.0015600624024961,0,0.0123456790123457,0,0,0,0,0,0,0.0078125,0.00309352991509248
iztapalapa,san nicolas tolentino,0,0,0,0,0,0,0,0.00909090909090909,0,0,0,0,0,0,0,0,0.000543183052688756,0,0,0,0.000225988700564972,0.000904977375565611,0,0,0,0,0,0,0,0,0,0.001953125,0.000329098927137498
iztapalapa,san pablo - barrio,0,0,0,0,0,0,0.00606060606060606,0.00909090909090909,0,0,0,0,0,0,0,0,0.000724244070251675,0.00147819660014782,0.00309597523219814,0,0.000903954802259887,0.000904977375565611,0,0,0,0,0,0,0,0,0,0.00390625,0.000789837425129994
iztapalapa,san simon culhuacan,0,0,0,0,0,0,0,0,0,0,0,0.0454545454545455,0,0,0,0,0,0,0,0,0.000225988700564972,0.000904977375565611,0,0,0,0,0,0,0,0,0,0.001953125,0.000131639570854999
iztapalapa,santa maria aztahuacan,0,0,0,0,0,0,0,0.00909090909090909,0,0,0,0,0,0,0,0,0.00162954915806627,0.00147819660014782,0.00619195046439629,0.0051413881748072,0.00225988700564972,0.000904977375565611,0.0015600624024961,0,0,0.015625,0,0,0,0,0,0.001953125,0.00184295399196999
iztapalapa,santa maria del monte,0,0,0,0,0,0,0,0.00909090909090909,0,0,0,0,0,0,0,0,0,0,0,0,0,0,0,0,0,0,0,0,0,0,0,0.001953125,0
iztapalapa,santa martha acatitla,0,0,0,0,0,0,0.00606060606060606,0.00909090909090909,0,0,0,0,0,0.0909090909090909,0,0,0.00253485424588086,0,0,0,0.0031638418079096,0.00271493212669683,0.0031201248049922,0.0116959064327485,0.0185185185185185,0.015625,0.00835073068893528,0,0,0,0,0.005859375,0.00309352991509248
iztapalapa,santa martha acatitla norte,0,0,0,0,0,0,0,0,0,0,0,0.0454545454545455,0,0,0,0,0.00235379322831794,0.00221729490022173,0,0,0.0031638418079096,0.00271493212669683,0.0015600624024961,0,0,0,0,0,0,0,0,0.001953125,0.00223787270453498
iztapalapa,sector popular,0,0,0,0,0,0,0.00606060606060606,0,0,0,0,0,0,0,0,0,0.00253485424588086,0.00147819660014782,0.00309597523219814,0,0.0031638418079096,0,0,0,0,0,0,0,0,0,0,0.001953125,0.00204041334825248
iztapalapa,tepalcates,0,0,0,0,0,0,0.00606060606060606,0,0,0,0,0,0,0,0,0,0.00398334238638421,0.00369549150036955,0,0.0025706940874036,0.00248587570621469,0.00271493212669683,0.0015600624024961,0,0.0185185185185185,0,0,0,0,0,0,0.001953125,0.00302771012966498
iztapalapa,unidad ejercito constitucionalista,0,0,0,0,0,0,0,0.0181818181818182,0,0,0,0,0,0.0909090909090909,0,0,0.00561289154445048,0.00147819660014782,0.00309597523219814,0.0025706940874036,0.00180790960451977,0.000904977375565611,0.0015600624024961,0,0.0123456790123457,0,0.00104384133611691,0,0,0,0,0.005859375,0.00315934970051998
iztapalapa,unidad vicente guerrero,0,0,0,0,0,0,0,0.00909090909090909,0,0,0.00735294117647059,0,0,0,0,0,0.00452652543907297,0.00073909830007391,0.0185758513931889,0.0077120822622108,0.00338983050847458,0.00271493212669683,0.0046801872074883,0.00584795321637427,0.00617283950617284,0.015625,0,0,0,0,0,0.00390625,0.00388336734022247
iztapalapa,valle del sur,0,0,0,0,0,0,0.00606060606060606,0,0,0,0.00735294117647059,0,0,0,0,0,0,0.00073909830007391,0,0,0.000677966101694915,0,0.0015600624024961,0,0,0,0,0,0,0,0,0.00390625,0.000329098927137498
iztapalapa,xalpa,0,0,0,0,0,0,0,0,0,0,0.00735294117647059,0,0,0,0,0,0.00398334238638421,0.00295639320029564,0.00309597523219814,0.0077120822622108,0.00248587570621469,0.00271493212669683,0.0031201248049922,0,0.00617283950617284,0.015625,0,0,0,0,0,0.001953125,0.00315934970051998
iztapalapa,xopa,0,0,0,0,0,0,0,0,0,0,0.00735294117647059,0,0,0,0,0,0,0,0,0,0,0,0,0,0,0,0,0,0,0,0,0.001953125,0
la magdalena contreras,ampliacion lomas de san bernabe,0,0,0,0,0,0,0,0.00909090909090909,0,0,0,0,0,0,0,0,0.000543183052688756,0,0,0.0051413881748072,0.000451977401129944,0,0,0,0,0,0,0,0,0,0,0.001953125,0.000460738497992497
la magdalena contreras,cuauhtemoc,0,0,0,0,0,0,0,0.00909090909090909,0,0,0,0,0,0,0,0,0.000362122035125837,0.00147819660014782,0,0,0.000225988700564972,0.000904977375565611,0,0.00584795321637427,0,0,0,0,0,0,0,0.001953125,0.000460738497992497
la magdalena contreras,independencia batan norte,0,0,0,0,0,0,0,0.00909090909090909,0,0,0,0,0,0,0,0,0,0.00073909830007391,0,0,0.000225988700564972,0,0,0,0.00617283950617284,0,0,0,0,0,0,0.001953125,0.000197459356282499
la magdalena contreras,la cruz,0,0,0,0,0,0,0,0,0,0,0,0,0.0454545454545455,0,0,0,0.000362122035125837,0.00073909830007391,0,0,0,0,0,0,0,0,0,0,0,0,0,0.001953125,0.000197459356282499
la magdalena contreras,las cruces,0,0,0,0,0,0,0,0.00909090909090909,0,0,0.00735294117647059,0,0,0,0,0,0.000362122035125837,0,0,0,0.000903954802259887,0.00180995475113122,0.0046801872074883,0,0,0,0,0,0,0,0,0.00390625,0.000724017639702495
la magdalena contreras,san jeronimo aculco,0,0,0,0,0,0,0,0,0,0,0.00735294117647059,0,0,0,0,0,0.000543183052688756,0.00147819660014782,0,0,0.00180790960451977,0.000904977375565611,0.0015600624024961,0,0.00617283950617284,0,0,0,0,0,0,0.001953125,0.00105311656683999
miguel hidalgo,10 de abril,0,0,0,0,0,0,0,0.00909090909090909,0,0,0,0,0,0,0,0,0.000181061017562919,0,0,0,0,0,0,0,0,0,0,0,0,0,0,0.001953125,6.58197854274995e-05
miguel hidalgo,16 de septiembre,0,0,0,0,0,0,0,0,0,0,0.00735294117647059,0,0,0,0,0,0.000362122035125837,0,0.00309597523219814,0,0,0.000904977375565611,0,0,0,0,0,0,0,0,0,0.001953125,0.000263279141709998
miguel hidalgo,anzures,0,0,0,0,0,0,0,0.00909090909090909,0,0,0,0,0,0,0,0,0.00108636610537751,0.00295639320029564,0,0,0.0015819209039548,0.00271493212669683,0,0,0,0,0,0,0,0,0,0.001953125,0.00131639570854999
miguel hidalgo,argentina poniente,0,0,0,0,0,0,0,0,0,0.0303030303030303,0,0,0,0,0,0,0.00126742712294043,0.00295639320029564,0,0,0.0015819209039548,0.00180995475113122,0,0,0,0,0.00417536534446764,0,0,0,0,0.001953125,0.00157967485025999
miguel hidalgo,bosque de chapultepec i seccion,0,0,0,0,0,0,0,0.00909090909090909,0,0,0,0,0,0,0,0,0.00162954915806627,0,0,0,0,0,0,0,0,0,0.00521920668058455,0,0,0,0,0.001953125,0.000921476995984993
miguel hidalgo,daniel garza,0,0,0,0,0,0,0,0.00909090909090909,0,0,0,0,0,0,0,0,0.000905305087814594,0.00073909830007391,0.00309597523219814,0,0.000225988700564972,0.000904977375565611,0.0015600624024961,0,0,0,0,0,0,0,0,0.001953125,0.000658197854274995
miguel hidalgo,irrigacion,0,0,0,0,0,0,0,0,0,0,0.00735294117647059,0,0,0,0,0,0.000724244070251675,0.00517368810051737,0,0.0025706940874036,0.000677966101694915,0,0,0,0,0.015625,0,0.0169491525423729,0,0,0,0.001953125,0.00111893635226749
miguel hidalgo,legaria,0,0,0,0,0,0,0.00606060606060606,0,0,0,0,0,0,0,0,0,0.000181061017562919,0,0.00309597523219814,0,0.000225988700564972,0.00180995475113122,0.0015600624024961,0,0,0,0.00104384133611691,0,0,0,0,0.001953125,0.000460738497992497
miguel hidalgo,lomas de bezares,0,0,0,0,0,0,0,0,0,0,0.00735294117647059,0,0,0,0,0,0,0.00073909830007391,0,0,0,0,0,0,0,0,0,0,0,0,0,0.001953125,6.58197854274995e-05
miguel hidalgo,lomas de chapultepec i seccion,0,0,0,0,0,0,0.00606060606060606,0,0,0,0,0,0,0,0,0,0.00108636610537751,0.00073909830007391,0.00309597523219814,0,0.00203389830508475,0.000904977375565611,0,0,0,0,0,0,0,0,0,0.001953125,0.00118475613769499
miguel hidalgo,periodista,0,0,0,0,0,0,0,0,0,0,0,0,0.0454545454545455,0,0,0,0.000362122035125837,0.00147819660014782,0,0,0.00112994350282486,0,0,0,0,0,0,0,0,0,0,0.001953125,0.000592378068847496
miguel hidalgo,popotla,0,0,0,0,0,0,0.00606060606060606,0,0,0,0,0,0.0454545454545455,0,0,0,0.00181061017562919,0.00591278640059128,0.00309597523219814,0,0.000903954802259887,0.00180995475113122,0,0,0,0,0.0135699373695198,0.0169491525423729,0,0,0,0.00390625,0.00256697163167248
miguel hidalgo,san diego ocoyoacac,0,0,0,0,0,0,0,0,0,0,0,0.0454545454545455,0,0,0,0,0.000905305087814594,0.00147819660014782,0,0,0.000903954802259887,0,0,0,0,0,0,0,0,0,0,0.001953125,0.000724017639702495
miguel hidalgo,tacuba,0,0,0,0,0,0,0,0.00909090909090909,0,0.0606060606060606,0,0,0,0,0,0,0.00398334238638421,0.00665188470066519,0.00309597523219814,0.0051413881748072,0.00338983050847458,0.00271493212669683,0,0,0,0,0.0198329853862213,0,0,0,0,0.005859375,0.00467320476535247
miguel hidalgo,tlaxpana,0,0,0,0,0,0,0.00606060606060606,0,0,0,0,0,0,0,0,0,0.00108636610537751,0,0,0.0025706940874036,0.000903954802259887,0,0.0015600624024961,0,0,0,0,0,0,0.0833333333333333,0,0.001953125,0.000855657210557494
miguel hidalgo,unidad hab lomas de sotelo,0,0,0,0,0,0,0.00606060606060606,0,0,0,0,0,0,0,0,0,0.000362122035125837,0,0,0,0.00112994350282486,0.000904977375565611,0,0,0,0,0,0,0,0,0,0.001953125,0.000526558283419996
milpa alta,cruztitla (san antonio tecomitl),0,0,0,0,0,0,0.00606060606060606,0,0,0,0,0,0,0,0,0,0.000724244070251675,0,0,0,0,0,0,0,0,0,0,0,0,0,0,0.001953125,0.000263279141709998
milpa alta,nochtla (san pedro atocpan),0,0,0,0,0,0,0,0,0,0,0.00735294117647059,0,0,0,0,0,0.000181061017562919,0,0,0,0.000225988700564972,0.000904977375565611,0.0015600624024961,0,0,0,0,0,0,0,0,0.001953125,0.000263279141709998
milpa alta,san agustin (villa milpa alta),0,0,0,0,0,0,0.00606060606060606,0,0,0,0,0,0,0,0,0,0.000181061017562919,0,0,0,0.000225988700564972,0,0,0,0,0,0,0,0,0,0,0.001953125,0.000131639570854999
milpa alta,san bartolome xicomulco,0,0,0,0,0,0,0.00606060606060606,0,0,0,0,0,0,0,0,0,0.000905305087814594,0.00073909830007391,0,0,0.000225988700564972,0,0.0015600624024961,0,0,0,0,0,0,0,0,0.001953125,0.000526558283419996
milpa alta,san mateo (villa milpa alta),0,0,0,0,0,0,0,0.00909090909090909,0,0,0,0,0,0,0,0,0,0,0,0.0025706940874036,0.000225988700564972,0,0,0,0,0,0,0,0,0,0,0.001953125,0.000131639570854999
milpa alta,san miguel (san pablo oztotepec),0,0,0,0,0,0,0.00606060606060606,0,0,0,0,0,0,0,0,0,0.000543183052688756,0.00147819660014782,0.00309597523219814,0,0.000451977401129944,0,0,0,0,0,0,0,0,0,0,0.001953125,0.000526558283419996
milpa alta,san salvador cuauhtenco seccion ii,0,0,0,0,0,0,0,0.00909090909090909,0,0,0,0,0,0,0,0,0,0,0,0,0.000225988700564972,0,0,0,0,0,0,0,0,0,0,0.001953125,6.58197854274995e-05
milpa alta,tecaxtitla (san antonio tecomitl),0,0,0,0,0,0,0.00606060606060606,0,0,0,0,0,0,0,0,0,0,0,0,0,0.000451977401129944,0.000904977375565611,0,0,0,0,0,0,0,0,0,0.001953125,0.000197459356282499
milpa alta,tenantitla (san antonio tecomitl),0,0,0,0,0,0,0.00606060606060606,0,0,0,0,0,0,0,0,0,0.000362122035125837,0.00147819660014782,0,0,0.000677966101694915,0.000904977375565611,0.0015600624024961,0,0,0,0,0,0,0,0,0.001953125,0.000592378068847496
tlahuac,ampliacion santa catarina,0,0,0,0,0,0,0,0.00909090909090909,0,0,0,0,0,0,0,0,0.000362122035125837,0,0.00309597523219814,0,0.000451977401129944,0,0.0015600624024961,0,0.00617283950617284,0,0,0,0,0,0,0.001953125,0.000460738497992497
tlahuac,conchita a,0,0,0,0,0,0,0.00606060606060606,0,0,0,0,0,0,0,0,0,0.000362122035125837,0,0.00619195046439629,0,0,0,0.0031201248049922,0,0,0,0,0,0,0,0,0.001953125,0.000394918712564997
tlahuac,dr francisco cabrera,0,0,0,0,0,0,0,0,0,0,0.00735294117647059,0,0,0,0,0,0.000543183052688756,0,0,0.0025706940874036,0.000451977401129944,0.00180995475113122,0,0,0,0,0,0,0,0,0,0.001953125,0.000526558283419996
tlahuac,los reyes,0,0,0,0,0,0,0.00606060606060606,0,0,0,0,0,0,0,0,0,0.000905305087814594,0.00073909830007391,0,0,0.000903954802259887,0.000904977375565611,0,0,0,0,0,0,0,0,0,0.001953125,0.000724017639702495
tlahuac,miguel hidalgo,0,0,0,0,0,0,0,0.00909090909090909,0,0,0,0,0,0,0,0,0.00162954915806627,0.00147819660014782,0.00619195046439629,0,0.00519774011299435,0,0.0015600624024961,0.00584795321637427,0,0,0,0,0,0,0,0.001953125,0.00250115184624498
tlahuac,san francisco tlaltenco,0,0,0,0,0,0,0,0,0,0,0.00735294117647059,0,0,0,0,0,0.000905305087814594,0.00221729490022173,0.00928792569659443,0,0.00180790960451977,0,0.0062402496099844,0,0,0,0.00208768267223382,0,0,0,0,0.001953125,0.00164549463568749
tlahuac,selene 1a seccion,0,0,0,0,0,0,0,0.00909090909090909,0,0,0,0,0,0,0,0,0.00144848814050335,0.00147819660014782,0,0.0025706940874036,0.000677966101694915,0.000904977375565611,0.0015600624024961,0,0,0,0,0,0,0,0,0.001953125,0.00105311656683999
tlahuac,villa centro americana,0,0,0,0,0,0,0.00606060606060606,0,0,0,0,0,0,0,0,0,0.000181061017562919,0,0,0,0.000451977401129944,0.000904977375565611,0.0015600624024961,0,0,0,0,0,0,0,0,0.001953125,0.000329098927137498
tlahuac,zacatenco,0,0,0,0,0,0,0,0.00909090909090909,0,0,0,0,0,0,0,0,0,0.00073909830007391,0,0,0,0,0,0,0,0,0,0,0,0,0,0.001953125,6.58197854274995e-05
tlalpan,barrio el truenito,0,0,0,0,0,0,0.00606060606060606,0,0,0,0,0,0,0,0,0,0,0,0,0,0.000225988700564972,0,0,0,0,0,0,0,0,0,0,0.001953125,6.58197854274995e-05
tlalpan,barrio la fama,0,0,0,0,0,0,0.00606060606060606,0,0,0,0,0,0,0,0,0,0,0,0,0,0,0,0,0,0,0,0,0,0,0,0,0.001953125,0
tlalpan,belisario dominguez seccion xvi,0,0,0,0,0,0,0.00606060606060606,0,0,0,0,0,0,0,0,0,0.000905305087814594,0.00517368810051737,0,0,0.00112994350282486,0.000904977375565611,0,0,0,0,0.00104384133611691,0.0169491525423729,0,0,0,0.001953125,0.00131639570854999
tlalpan,bosques del pedregal,0,0,0,0,0,0,0,0,0,0,0.00735294117647059,0,0,0,0,0,0.000362122035125837,0.00295639320029564,0,0,0,0.00180995475113122,0,0,0,0,0,0,0,0,0,0.001953125,0.000526558283419996
tlalpan,club de golf mexico,0,0,0,0,0,0,0.00606060606060606,0,0,0,0,0,0,0,0,0,0.000362122035125837,0,0,0,0.000451977401129944,0,0,0,0,0,0,0,0,0,0,0.001953125,0.000263279141709998
tlalpan,cruz del farol,0,0,0,0,0,0,0,0,0,0,0,0,0,0.0909090909090909,0,0,0.000181061017562919,0,0,0,0,0.000904977375565611,0,0,0,0,0,0,0,0,0,0.001953125,0.000131639570854999
tlalpan,equipamiento fabrica fisisa i,0,0,0,0,0,0,0,0,0,0,0.00735294117647059,0,0,0,0,0,0,0.00147819660014782,0,0,0.000451977401129944,0,0,0,0,0,0,0,0,0,0,0.001953125,0.000263279141709998
tlalpan,ex hacienda san juan de dios,0,0,0,0,0,0,0,0,0,0,0.00735294117647059,0,0,0,0,0,0.000181061017562919,0.00073909830007391,0.00309597523219814,0,0.00135593220338983,0.000904977375565611,0,0,0,0,0,0,0,0,0,0.001953125,0.000658197854274995
tlalpan,gabriel ramos millan,0,0,0,0,0,0,0.00606060606060606,0,0,0,0,0,0,0,0,0,0.000181061017562919,0,0,0,0.000225988700564972,0,0,0,0,0,0,0,0,0,0,0.001953125,0.000131639570854999
tlalpan,granjas coapa,0,0,0,0,0,0,0,0,0,0,0.00735294117647059,0,0,0,0,0,0.000905305087814594,0.00295639320029564,0,0,0.00338983050847458,0.000904977375565611,0,0,0.0123456790123457,0,0,0.0169491525423729,0,0,0,0.001953125,0.00184295399196999
tlalpan,heroes de 1910,0,0,0,0,0,0,0,0.00909090909090909,0,0,0,0,0,0,0,0,0.000181061017562919,0,0,0,0.000903954802259887,0,0.0015600624024961,0,0,0,0,0,0,0,0,0.001953125,0.000394918712564997
tlalpan,heroes de padierna,0,0,0,0,0,0,0,0,0,0,0,0,0,0.0909090909090909,0.2,0,0.00199167119319211,0.00443458980044346,0.00309597523219814,0.0051413881748072,0.00361581920903955,0.000904977375565611,0.0015600624024961,0.00584795321637427,0,0,0,0,0,0,0,0.00390625,0.00256697163167248
tlalpan,lomas altas de padierna sur,0,0,0,0,0,0,0.00606060606060606,0.00909090909090909,0,0,0.0147058823529412,0,0,0,0,0,0.000181061017562919,0,0,0,0,0.00180995475113122,0,0,0,0,0,0,0,0,0,0.0078125,0.000197459356282499
tlalpan,los volcanes,0,0,0,0,0,0,0,0,0,0,0.00735294117647059,0,0,0,0,0,0,0,0,0,0.000225988700564972,0,0,0,0,0,0,0,0,0,0,0.001953125,6.58197854274995e-05
tlalpan,mesa de los hornos,0,0,0,0,0,0,0.00606060606060606,0,0,0,0.00735294117647059,0,0,0,0,0,0,0.00073909830007391,0,0,0.000451977401129944,0.000904977375565611,0,0,0,0,0,0,0,0,0,0.00390625,0.000263279141709998
tlalpan,miguel hidalgo 2a seccion,0,0,0,0,0,0,0,0.00909090909090909,0,0,0,0,0,0,0,0,0.000543183052688756,0.00147819660014782,0,0,0.000451977401129944,0,0,0.00584795321637427,0,0,0,0,0,0,0,0.001953125,0.000526558283419996
tlalpan,miguel hidalgo 4a seccion,0,0,0,0,0,0,0,0,0,0,0.00735294117647059,0,0,0,0,0,0.000181061017562919,0.00221729490022173,0.00309597523219814,0,0.00112994350282486,0,0.0031201248049922,0.00584795321637427,0,0,0,0,0,0,0,0.001953125,0.000855657210557494
tlalpan,narciso mendoza super manzana 3 villa coapa,0,0,0,0,0,0,0,0,0.142857142857143,0,0,0,0,0,0,0,0.000543183052688756,0,0,0,0.000225988700564972,0,0,0.00584795321637427,0,0,0,0,0,0,0,0.001953125,0.000329098927137498
tlalpan,narciso mendoza super manzana 5 villa coapa,0,0,0,0,0,0,0,0,0,0,0.00735294117647059,0,0,0,0,0,0,0,0,0,0.000451977401129944,0.000904977375565611,0,0,0,0,0,0,0,0,0,0.001953125,0.000197459356282499
tlalpan,paraje 38,0,0,0,0,0,0,0.00606060606060606,0.00909090909090909,0,0,0,0,0,0,0,0,0.000181061017562919,0,0.00309597523219814,0,0,0.000904977375565611,0,0.00584795321637427,0,0,0,0,0,0,0,0.00390625,0.000263279141709998
tlalpan,parres el guarda,0,0,0,0,0,0,0,0,0,0,0.00735294117647059,0,0,0,0,0,0.000362122035125837,0.00073909830007391,0,0.0025706940874036,0.00338983050847458,0,0.0015600624024961,0,0,0,0,0,0.125,0,0,0.001953125,0.00138221549397749
tlalpan,pedregal de san nicolas 1a seccion,0,0,0,0,0,0,0.00606060606060606,0,0,0,0.00735294117647059,0,0,0,0,0,0.000543183052688756,0,0,0.0025706940874036,0.00180790960451977,0.00271493212669683,0,0,0,0,0,0,0,0,0,0.00390625,0.000987296781412493
tlalpan,residencial hacienda coapa,0,0,0,0,0,0,0.00606060606060606,0,0,0,0,0,0,0,0,0,0,0,0,0,0,0,0,0,0,0,0,0,0,0,0,0.001953125,0
tlalpan,san andres totoltepec,0,0,0,0,0,0,0.00606060606060606,0.00909090909090909,0,0,0.00735294117647059,0,0,0,0,0,0.00162954915806627,0.00295639320029564,0.00309597523219814,0,0.00610169491525424,0.00723981900452489,0.0031201248049922,0.00584795321637427,0,0.015625,0,0,0,0,0,0.005859375,0.00348844862765747
tlalpan,san lorenzo huipulco,0,0,0,0,0,0,0,0.00909090909090909,0,0,0,0,0,0,0,0,0.00108636610537751,0.00073909830007391,0,0.0025706940874036,0.00135593220338983,0,0,0,0.0123456790123457,0,0,0,0,0,0,0.001953125,0.00105311656683999
tlalpan,san miguel xicalco,0,0,0,0,0,0,0.00606060606060606,0,0,0,0,0,0,0,0,0,0.000181061017562919,0,0,0.0025706940874036,0.000225988700564972,0.00180995475113122,0.0015600624024961,0.00584795321637427,0,0,0,0,0,0,0,0.001953125,0.000460738497992497
tlalpan,san pedro martir,0,0,0,0,0,0,0,0,0,0,0.0147058823529412,0,0,0,0,0,0.00199167119319211,0.00147819660014782,0.00309597523219814,0,0.00225988700564972,0,0.0031201248049922,0,0,0,0,0,0,0,0,0.00390625,0.00171131442111499
tlalpan,santa cruz,0,0,0,0,0,0,0.00606060606060606,0,0,0,0,0,0,0,0,0,0.000181061017562919,0,0,0.0025706940874036,0.000225988700564972,0.00180995475113122,0,0,0,0,0,0,0,0,0,0.001953125,0.000329098927137498
tlalpan,santa ursula xitla,0,0,0,0,0,0,0,0,0,0,0,0.0454545454545455,0,0,0,0,0.000543183052688756,0.00221729490022173,0,0,0.000903954802259887,0,0,0,0,0,0,0,0,0,0,0.001953125,0.000658197854274995
tlalpan,santo tomas ajusco,0,0,0,0,0,0,0.0121212121212121,0,0,0,0,0,0,0,0,0,0.000362122035125837,0.00073909830007391,0.00309597523219814,0,0.00248587570621469,0,0.0093603744149766,0.00584795321637427,0,0,0,0,0,0,0,0.00390625,0.00144803527940499
tlalpan,tecorral,0,0,0,0,0,0,0,0,0,0,0.00735294117647059,0,0,0,0,0,0,0,0,0,0,0.000904977375565611,0,0,0,0,0,0,0,0,0,0.001953125,6.58197854274995e-05
tlalpan,toriello guerra,0,0,0,0,0,0,0,0,0,0,0,0,0.0454545454545455,0,0,0,0.00162954915806627,0.00295639320029564,0,0,0.00293785310734463,0,0,0,0.00617283950617284,0,0,0,0,0,0,0.001953125,0.00177713420654249
venustiano carranza,20 de noviembre,0,0,0,0,0,0,0,0,0,0,0.0147058823529412,0,0,0,0,0,0.00126742712294043,0.00369549150036955,0,0.0025706940874036,0.000677966101694915,0,0,0,0.00617283950617284,0,0,0,0,0,0,0.00390625,0.00111893635226749
venustiano carranza,ampliacion michoacana,0,0,0,0,0,0,0,0,0,0,0.00735294117647059,0,0,0,0,0,0.000181061017562919,0,0,0,0.000451977401129944,0,0,0,0,0,0,0,0,0,0,0.001953125,0.000197459356282499
venustiano carranza,ampliacion simon bolivar,0,0,0,0,0,0,0.00606060606060606,0,0,0,0,0,0,0,0,0,0,0,0,0,0.000451977401129944,0.00180995475113122,0,0,0,0,0,0,0,0,0,0.001953125,0.000263279141709998
venustiano carranza,arenal 3a seccion,0,0,0,0,0,0,0.00606060606060606,0,0,0,0,0,0,0,0,0,0.000181061017562919,0,0,0,0.000225988700564972,0,0,0,0,0,0,0,0,0,0,0.001953125,0.000131639570854999
venustiano carranza,cuchilla pantitlan,0,0,0,0,0,0,0.00606060606060606,0,0,0,0,0,0,0,0,0,0.000362122035125837,0,0,0,0.000225988700564972,0.000904977375565611,0,0,0,0,0,0,0,0,0,0.001953125,0.000263279141709998
venustiano carranza,emilio carranza,0,0,0,0,0,0,0.00606060606060606,0,0,0,0,0,0,0,0,0,0.00108636610537751,0.00147819660014782,0.00309597523219814,0,0,0,0.0015600624024961,0,0,0,0,0,0,0,0,0.001953125,0.000658197854274995
venustiano carranza,federal,0,0,0,0,0,0,0,0,0,0,0.00735294117647059,0,0,0,0,0,0.000543183052688756,0.00073909830007391,0,0,0.00248587570621469,0,0.0015600624024961,0,0.00617283950617284,0,0.00104384133611691,0,0,0,0,0.001953125,0.00118475613769499
venustiano carranza,jardin balbuena,0,0,0,0,0,0,0.00606060606060606,0,0,0.0303030303030303,0,0,0.0454545454545455,0,0,0,0.00452652543907297,0.00591278640059128,0,0.0025706940874036,0.00610169491525424,0.000904977375565611,0.0015600624024961,0.0233918128654971,0,0,0.00730688935281837,0.0169491525423729,0.125,0,0,0.005859375,0.00500230369248996
venustiano carranza,moctezuma 2a seccion,0,0,0,0,0,0,0.0121212121212121,0.0181818181818182,0,0,0,0.0454545454545455,0,0,0,0,0.00344015933369546,0.00517368810051737,0.00928792569659443,0,0.00677966101694915,0.0081447963800905,0.0015600624024961,0.0116959064327485,0.00617283950617284,0,0.00104384133611691,0.0169491525423729,0,0,0,0.009765625,0.00487066412163496
venustiano carranza,morelos,0,0,0,0,0,0,0,0.00909090909090909,0,0,0.00735294117647059,0,0,0,0,0,0.00398334238638421,0.00147819660014782,0.00619195046439629,0.0025706940874036,0.0015819209039548,0,0.0140405616224649,0.0116959064327485,0.00617283950617284,0,0.00208768267223382,0,0,0,0,0.00390625,0.00315934970051998
venustiano carranza,penon de los banos,0,0,0,0,0,0,0,0.00909090909090909,0,0,0,0,0.0454545454545455,0,0,0,0.00126742712294043,0.00221729490022173,0,0.0025706940874036,0.00180790960451977,0.000904977375565611,0.0062402496099844,0,0,0.03125,0.00104384133611691,0,0,0,0,0.00390625,0.00177713420654249
venustiano carranza,simon bolivar,0,0,0,0,0,0,0.00606060606060606,0,0,0,0,0,0,0,0,0,0.000543183052688756,0,0.00309597523219814,0,0.000677966101694915,0,0.0031201248049922,0,0,0,0.00104384133611691,0,0,0,0,0.001953125,0.000658197854274995
venustiano carranza,valle gomez,0,0,0,0,0,0,0,0,0.142857142857143,0,0,0,0,0,0,0,0.00108636610537751,0.00147819660014782,0.00309597523219814,0.0025706940874036,0.000451977401129944,0.00452488687782806,0.0031201248049922,0,0,0.015625,0.00104384133611691,0,0,0,0,0.001953125,0.00138221549397749
venustiano carranza,zona centro,0,0,0,0,0,0,0,0.00909090909090909,0,0.0303030303030303,0,0,0,0,0,0,0.00887198986058302,0.00443458980044346,0,0,0.000903954802259887,0.00180995475113122,0.0109204368174727,0,0,0,0.00730688935281837,0.0169491525423729,0,0,0,0.00390625,0.00500230369248996
xochimilco,nativitas,0,0,0,0,0,0,0.00606060606060606,0,0,0,0,0,0,0,0,0,0,0,0,0,0.000225988700564972,0.000904977375565611,0,0,0,0,0,0,0,0,0,0.001953125,0.000131639570854999
xochimilco,san francisco tlalnepantla,0,0,0,0,0,0,0.00606060606060606,0,0,0,0.00735294117647059,0,0,0,0,0,0.000362122035125837,0.00073909830007391,0,0,0.000677966101694915,0,0,0,0,0,0,0,0,0,0,0.00390625,0.000394918712564997
xochimilco,san gregorio atlapulco,0,0,0,0,0,0,0.0121212121212121,0,0,0,0,0,0,0,0,0,0.00162954915806627,0.00147819660014782,0.00619195046439629,0.0025706940874036,0.000677966101694915,0.00271493212669683,0.0031201248049922,0,0,0,0,0,0,0,0,0.00390625,0.00144803527940499
xochimilco,san jose obrero,0,0,0,0,0,0,0.00606060606060606,0,0,0,0,0,0,0,0,0,0,0,0,0,0,0.000904977375565611,0,0,0,0,0,0,0,0,0,0.001953125,6.58197854274995e-05
xochimilco,santa cruz xochitepec,0,0,0,0,0,0,0.00606060606060606,0,0,0,0,0,0,0,0,0,0.000543183052688756,0,0.00309597523219814,0,0,0.00271493212669683,0.0046801872074883,0,0,0,0,0,0,0,0,0.001953125,0.000658197854274995
xochimilco,santa maria tepepan,0,0,0,0,0,0,0.00606060606060606,0,0,0,0,0,0,0,0,0,0.000543183052688756,0.00073909830007391,0,0,0.00135593220338983,0.00180995475113122,0.0031201248049922,0,0.0123456790123457,0,0,0,0,0,0,0.001953125,0.00105311656683999
xochimilco,santiago tepalcatlalpan,0,0,0,0,0,0,0.0121212121212121,0,0,0,0.00735294117647059,0,0,0,0,0,0.00144848814050335,0.00147819660014782,0,0.0025706940874036,0.0015819209039548,0.00361990950226244,0.0046801872074883,0,0,0,0,0,0,0,0,0.005859375,0.00164549463568749
xochimilco,xochipilli,0,0,0,0,0,0,0.00606060606060606,0,0,0,0,0,0,0,0,0,0,0,0,0,0,0,0,0,0,0,0,0,0,0,0,0.001953125,0
alvaro obregon,19 de mayo,0,0,0,0,0,0,0,0,0,0,0,0,0,0,0,0,0.000181061017562919,0,0,0,0,0,0,0,0,0,0,0,0,0,0,0,6.58197854274995e-05
alvaro obregon,1a ampliacion presidentes,0,0,0,0,0,0,0,0,0,0,0,0,0,0,0,0,0.00108636610537751,0.00073909830007391,0,0,0,0,0,0,0,0,0,0,0,0,0,0,0.000460738497992497
alvaro obregon,1a victoria,0,0,0,0,0,0,0,0,0,0,0,0,0,0,0,0,0.000362122035125837,0,0.00309597523219814,0.0025706940874036,0.000225988700564972,0.000904977375565611,0,0,0,0,0,0,0,0,0,0,0.000394918712564997
alvaro obregon,2a ampliacion el piru,0,0,0,0,0,0,0,0,0,0,0,0,0,0,0,0,0.000181061017562919,0,0,0.0051413881748072,0,0.000904977375565611,0,0,0,0,0,0,0,0,0,0,0.000263279141709998
alvaro obregon,2a ampliacion jalalpa el grande,0,0,0,0,0,0,0,0,0,0,0,0,0,0,0,0,0.000543183052688756,0,0.00309597523219814,0,0.000451977401129944,0.00180995475113122,0.0015600624024961,0,0,0,0,0,0,0,0,0,0.000592378068847496
alvaro obregon,2a ampliacion jalalpa tepito,0,0,0,0,0,0,0,0,0,0,0,0,0,0,0,0,0.000181061017562919,0.00073909830007391,0,0,0.000451977401129944,0,0.0031201248049922,0,0,0,0,0,0,0,0,0,0.000394918712564997
alvaro obregon,2a ampliacion la mexicana,0,0,0,0,0,0,0,0,0,0,0,0,0,0,0,0,0,0,0,0,0,0,0.0015600624024961,0,0,0,0,0,0,0,0,0,6.58197854274995e-05
alvaro obregon,2a ampliacion presidentes,0,0,0,0,0,0,0,0,0,0,0,0,0,0,0,0,0.000362122035125837,0,0,0,0,0.000904977375565611,0.0015600624024961,0.00584795321637427,0,0,0,0,0,0,0,0,0.000329098927137498
alvaro obregon,2a seccion canada,0,0,0,0,0,0,0,0,0,0,0,0,0,0,0,0,0.000543183052688756,0,0,0,0.000225988700564972,0,0,0,0,0,0,0,0,0,0,0,0.000263279141709998
alvaro obregon,2o reacomodo corpus christi,0,0,0,0,0,0,0,0,0,0,0,0,0,0,0,0,0.000181061017562919,0,0,0,0,0.000904977375565611,0.0015600624024961,0,0,0,0,0,0,0,0,0,0.000197459356282499
alvaro obregon,2o reacomodo tlacuitlapa,0,0,0,0,0,0,0,0,0,0,0,0,0,0,0,0,0.000362122035125837,0,0,0,0.000225988700564972,0,0,0,0,0,0,0,0,0,0,0,0.000197459356282499
alvaro obregon,abraham m gonzalez,0,0,0,0,0,0,0,0,0,0,0,0,0,0,0,0,0.000362122035125837,0,0,0,0.000451977401129944,0,0,0,0,0,0,0,0,0,0,0,0.000263279141709998
alvaro obregon,acuilotla,0,0,0,0,0,0,0,0,0,0,0,0,0,0,0,0,0,0,0,0,0,0,0.0015600624024961,0,0,0,0,0,0,0,0,0,6.58197854274995e-05
alvaro obregon,agricola / ex-hacienda de guadalupe chimalistac,0,0,0,0,0,0,0,0,0,0,0,0,0,0,0,0,0,0,0,0,0.000225988700564972,0,0,0,0,0,0,0,0,0,0,0,6.58197854274995e-05
alvaro obregon,alcantarilla,0,0,0,0,0,0,0,0,0,0,0,0,0,0,0,0,0.000181061017562919,0,0,0.0025706940874036,0,0,0,0,0,0,0,0,0,0,0,0,0.000131639570854999
alvaro obregon,alfalfar,0,0,0,0,0,0,0,0,0,0,0,0,0,0,0,0,0.000181061017562919,0,0,0,0.000225988700564972,0,0,0,0,0,0,0,0,0,0,0,0.000131639570854999
alvaro obregon,alfonso xiii,0,0,0,0,0,0,0,0,0,0,0,0,0,0,0,0,0.00108636610537751,0.00295639320029564,0,0,0.000451977401129944,0.00180995475113122,0,0,0,0,0,0,0,0,0,0,0.000921476995984993
alvaro obregon,altavista,0,0,0,0,0,0,0,0,0,0,0,0,0,0,0,0,0,0,0,0,0.000225988700564972,0,0,0,0,0,0,0,0,0,0,0,6.58197854274995e-05
alvaro obregon,ampliacion alpes,0,0,0,0,0,0,0,0,0,0,0,0,0,0,0,0,0.000181061017562919,0,0,0,0,0,0,0,0,0,0,0,0,0,0,0,6.58197854274995e-05
alvaro obregon,ampliacion dos rios,0,0,0,0,0,0,0,0,0,0,0,0,0,0,0,0,0.000362122035125837,0,0,0,0,0,0,0,0,0,0,0,0,0,0,0,0.000131639570854999
alvaro obregon,ampliacion estado de hidalgo,0,0,0,0,0,0,0,0,0,0,0,0,0,0,0,0,0.000181061017562919,0,0,0,0,0,0,0,0,0,0,0,0,0,0,0,6.58197854274995e-05
alvaro obregon,ampliacion jalalpa,0,0,0,0,0,0,0,0,0,0,0,0,0,0,0,0,0.000362122035125837,0,0,0,0,0,0,0,0,0,0,0,0,0,0,0,0.000131639570854999
alvaro obregon,ampliacion lomas de santo domingo,0,0,0,0,0,0,0,0,0,0,0,0,0,0,0,0,0.000543183052688756,0,0,0.0025706940874036,0,0,0.0015600624024961,0,0,0,0,0,0,0,0,0,0.000329098927137498
alvaro obregon,ampliacion piloto adolfo lopez mateos,0,0,0,0,0,0,0,0,0,0,0,0,0,0,0,0,0.000362122035125837,0,0,0,0,0,0.0015600624024961,0,0,0,0,0,0,0,0,0,0.000197459356282499
alvaro obregon,ampliacion tepeaca,0,0,0,0,0,0,0,0,0,0,0,0,0,0,0,0,0,0,0,0,0.000225988700564972,0.000904977375565611,0,0,0,0,0,0,0,0,0,0,0.000131639570854999
alvaro obregon,ampliacion tlacuitlapa ii,0,0,0,0,0,0,0,0,0,0,0,0,0,0,0,0,0.000181061017562919,0,0,0,0.000451977401129944,0.000904977375565611,0,0,0,0,0,0,0,0,0,0,0.000263279141709998
alvaro obregon,antonio carrillo flores,0,0,0,0,0,0,0,0,0,0,0,0,0,0,0,0,0,0.00073909830007391,0,0,0,0,0,0,0,0,0,0,0,0,0,0,6.58197854274995e-05
alvaro obregon,arcos centenario,0,0,0,0,0,0,0,0,0,0,0,0,0,0,0,0,0.000181061017562919,0,0,0,0.000451977401129944,0,0,0,0,0,0,0,0,0,0,0,0.000197459356282499
alvaro obregon,arturo martinez,0,0,0,0,0,0,0,0,0,0,0,0,0,0,0,0,0,0,0,0,0.000225988700564972,0,0,0,0.00617283950617284,0.015625,0,0,0,0,0,0,0.000197459356282499
alvaro obregon,arvide,0,0,0,0,0,0,0,0,0,0,0,0,0,0,0,0,0.000724244070251675,0.00073909830007391,0,0,0.000677966101694915,0.000904977375565611,0,0,0,0,0,0,0,0,0,0,0.000592378068847496
alvaro obregon,atlamaxac,0,0,0,0,0,0,0,0,0,0,0,0,0,0,0,0,0.000181061017562919,0,0,0,0.000225988700564972,0,0,0,0,0,0,0,0,0,0,0,0.000131639570854999
alvaro obregon,atlamaya,0,0,0,0,0,0,0,0,0,0,0,0,0,0,0,0,0.000362122035125837,0.00073909830007391,0,0,0,0.000904977375565611,0,0,0,0,0,0,0,0,0,0,0.000263279141709998
alvaro obregon,ave real,0,0,0,0,0,0,0,0,0,0,0,0,0,0,0,0,0,0,0,0,0.000677966101694915,0,0,0,0,0,0,0,0,0,0,0,0.000197459356282499
alvaro obregon,axotla,0,0,0,0,0,0,0,0,0,0,0,0,0,0,0,0,0.000181061017562919,0,0,0,0.000677966101694915,0.000904977375565611,0,0,0,0,0.00104384133611691,0,0,0,0,0,0.000394918712564997
alvaro obregon,bejero del pueblo santa fe,0,0,0,0,0,0,0,0,0,0,0,0,0,0,0,0,0.000362122035125837,0,0,0,0,0,0.0015600624024961,0,0,0,0,0,0,0,0,0,0.000197459356282499
alvaro obregon,belen de las flores seccion cuchilla,0,0,0,0,0,0,0,0,0,0,0,0,0,0,0,0,0,0,0,0,0.000225988700564972,0,0.0031201248049922,0,0,0,0,0,0,0,0,0,0.000197459356282499
alvaro obregon,bellavista,0,0,0,0,0,0,0,0,0,0,0,0,0,0,0,0,0.0028969762810067,0,0,0,0.000677966101694915,0,0.0031201248049922,0,0.00617283950617284,0,0,0,0,0,0,0,0.00144803527940499
alvaro obregon,bonanza,0,0,0,0,0,0,0,0,0,0,0,0,0,0,0,0,0.000181061017562919,0,0,0,0,0,0,0,0,0,0,0,0,0,0,0,6.58197854274995e-05
alvaro obregon,bosques 2a seccion,0,0,0,0,0,0,0,0,0,0,0,0,0,0,0,0,0.000181061017562919,0,0,0,0,0,0,0,0,0,0,0,0,0,0,0,6.58197854274995e-05
alvaro obregon,calzada jalalpa,0,0,0,0,0,0,0,0,0,0,0,0,0,0,0,0,0.000905305087814594,0,0,0,0,0.000904977375565611,0,0,0,0,0,0,0,0,0,0,0.000394918712564997
alvaro obregon,camino real de tetelpan,0,0,0,0,0,0,0,0,0,0,0,0,0,0,0,0,0.000181061017562919,0,0,0,0,0.000904977375565611,0,0,0,0,0,0,0,0,0,0,0.000131639570854999
alvaro obregon,campestre,0,0,0,0,0,0,0,0,0,0,0,0,0,0,0,0,0,0,0,0,0.000225988700564972,0,0,0.00584795321637427,0,0,0,0,0,0,0,0,0.000131639570854999
alvaro obregon,canada,0,0,0,0,0,0,0,0,0,0,0,0,0,0,0,0,0.000724244070251675,0,0,0,0,0,0,0,0,0,0,0,0,0,0,0,0.000263279141709998
alvaro obregon,canutillo,0,0,0,0,0,0,0,0,0,0,0,0,0,0,0,0,0.000362122035125837,0,0,0.0025706940874036,0,0,0,0,0,0,0,0,0,0,0,0,0.000197459356282499
alvaro obregon,carlos a madrazo,0,0,0,0,0,0,0,0,0,0,0,0,0,0,0,0,0.000181061017562919,0,0,0,0,0,0,0,0,0,0,0,0,0,0,0,6.58197854274995e-05
alvaro obregon,casa del agronomo,0,0,0,0,0,0,0,0,0,0,0,0,0,0,0,0,0,0,0,0,0,0,0.0015600624024961,0,0,0,0,0,0,0,0,0,6.58197854274995e-05
alvaro obregon,cehuaya,0,0,0,0,0,0,0,0,0,0,0,0,0,0,0,0,0.000181061017562919,0,0,0,0,0,0,0,0,0,0,0,0,0,0,0,6.58197854274995e-05
alvaro obregon,chimalistac,0,0,0,0,0,0,0,0,0,0,0,0,0,0,0,0,0.000181061017562919,0,0,0,0.000451977401129944,0.000904977375565611,0,0,0,0.015625,0,0,0,0,0,0,0.000329098927137498
alvaro obregon,colinas de tarango,0,0,0,0,0,0,0,0,0,0,0,0,0,0,0,0,0,0,0,0,0.000225988700564972,0,0,0,0,0,0,0,0,0,0,0,6.58197854274995e-05
alvaro obregon,corpus christy,0,0,0,0,0,0,0,0,0,0,0,0,0,0,0,0,0.00108636610537751,0,0,0.0025706940874036,0.0015819209039548,0.000904977375565611,0,0,0,0,0,0,0,0,0,0,0.000987296781412493
alvaro obregon,desarrollo urbano el piru,0,0,0,0,0,0,0,0,0,0,0,0,0,0,0,0,0.00108636610537751,0,0.00309597523219814,0,0,0.00361990950226244,0.0015600624024961,0,0,0,0,0,0,0,0,0,0.000789837425129994
alvaro obregon,ejido san mateo,0,0,0,0,0,0,0,0,0,0,0,0,0,0,0,0,0.000181061017562919,0,0,0,0,0,0,0,0,0,0,0,0,0,0,0,6.58197854274995e-05
alvaro obregon,el arbol ampliacion,0,0,0,0,0,0,0,0,0,0,0,0,0,0,0,0,0.000181061017562919,0,0,0,0,0,0,0,0,0,0,0,0,0,0,0,6.58197854274995e-05
alvaro obregon,el capulin,0,0,0,0,0,0,0,0,0,0,0,0,0,0,0,0,0.000181061017562919,0,0,0,0.000225988700564972,0,0,0,0,0,0,0,0,0,0,0,0.000131639570854999
alvaro obregon,el cuernito,0,0,0,0,0,0,0,0,0,0,0,0,0,0,0,0,0.000362122035125837,0,0,0,0.000225988700564972,0,0,0,0,0,0,0,0,0,0,0,0.000197459356282499
alvaro obregon,el piru santa fe,0,0,0,0,0,0,0,0,0,0,0,0,0,0,0,0,0,0,0,0,0.000225988700564972,0,0,0,0,0,0,0,0,0,0,0,6.58197854274995e-05
alvaro obregon,el rodeo,0,0,0,0,0,0,0,0,0,0,0,0,0,0,0,0,0.000181061017562919,0,0,0,0.000225988700564972,0,0,0,0,0,0,0,0,0,0,0,0.000131639570854999
alvaro obregon,el tejocote,0,0,0,0,0,0,0,0,0,0,0,0,0,0,0,0,0,0,0,0,0.000225988700564972,0.000904977375565611,0,0,0,0,0,0,0,0,0,0,0.000131639570854999
alvaro obregon,ermita tizapan,0,0,0,0,0,0,0,0,0,0,0,0,0,0,0,0,0,0,0,0,0.000451977401129944,0,0,0,0,0,0,0,0,0,0,0,0.000131639570854999
alvaro obregon,estado de hidalgo,0,0,0,0,0,0,0,0,0,0,0,0,0,0,0,0,0.000543183052688756,0,0,0,0,0,0,0,0,0,0,0,0,0,0,0,0.000197459356282499
alvaro obregon,estado de hidalgo i,0,0,0,0,0,0,0,0,0,0,0,0,0,0,0,0,0,0,0,0,0,0.000904977375565611,0,0,0,0,0,0,0,0,0,0,6.58197854274995e-05
alvaro obregon,flor de maria,0,0,0,0,0,0,0,0,0,0,0,0,0,0,0,0,0.000543183052688756,0,0,0,0,0,0,0,0,0,0,0,0,0,0,0,0.000197459356282499
alvaro obregon,florida,0,0,0,0,0,0,0,0,0,0,0,0,0,0,0,0,0,0,0,0,0.000903954802259887,0,0,0,0,0,0,0,0,0,0,0,0.000263279141709998
alvaro obregon,galeana,0,0,0,0,0,0,0,0,0,0,0,0,0,0,0,0,0.000181061017562919,0,0,0,0,0,0,0,0,0,0,0,0,0,0,0,6.58197854274995e-05
alvaro obregon,gamitos,0,0,0,0,0,0,0,0,0,0,0,0,0,0,0,0,0,0,0,0,0,0.000904977375565611,0,0,0,0,0,0,0,0,0,0,6.58197854274995e-05
alvaro obregon,garcimarrero,0,0,0,0,0,0,0,0,0,0,0,0,0,0,0,0,0.000362122035125837,0.00073909830007391,0,0.0025706940874036,0,0.000904977375565611,0.0015600624024961,0.00584795321637427,0,0,0,0,0,0,0,0,0.000460738497992497
alvaro obregon,garcimarrero norte,0,0,0,0,0,0,0,0,0,0,0,0,0,0,0,0,0,0.00073909830007391,0,0,0.000225988700564972,0,0,0,0,0,0,0,0,0,0,0,0.000131639570854999
alvaro obregon,golondrinas,0,0,0,0,0,0,0,0,0,0,0,0,0,0,0,0,0.000181061017562919,0,0,0,0.000225988700564972,0.000904977375565611,0,0,0,0,0,0,0,0,0,0,0.000197459356282499
alvaro obregon,golondrinas 1a seccion,0,0,0,0,0,0,0,0,0,0,0,0,0,0,0,0,0.000181061017562919,0,0,0,0.000451977401129944,0,0.0015600624024961,0,0,0,0,0,0,0,0,0,0.000263279141709998
alvaro obregon,golondrinas 2a seccion,0,0,0,0,0,0,0,0,0,0,0,0,0,0,0,0,0.000181061017562919,0,0,0,0,0,0,0,0,0,0,0,0,0,0,0,6.58197854274995e-05
alvaro obregon,hidalgo,0,0,0,0,0,0,0,0,0,0,0,0,0,0,0,0,0.00108636610537751,0,0,0,0,0,0,0,0,0,0,0,0,0,0,0,0.000394918712564997
alvaro obregon,hogar y redencion,0,0,0,0,0,0,0,0,0,0,0,0,0,0,0,0,0.000543183052688756,0,0,0,0.000677966101694915,0,0,0,0,0,0,0,0,0,0,0,0.000394918712564997
alvaro obregon,isidro fabela,0,0,0,0,0,0,0,0,0,0,0,0,0,0,0,0,0.000362122035125837,0,0,0,0.000225988700564972,0,0,0,0,0,0,0,0,0,0,0,0.000197459356282499
alvaro obregon,jalalpa tepito,0,0,0,0,0,0,0,0,0,0,0,0,0,0,0,0,0.000543183052688756,0.00147819660014782,0,0,0.000677966101694915,0,0,0,0,0,0,0,0,0,0,0,0.000526558283419996
alvaro obregon,jardines del pedregal,0,0,0,0,0,0,0,0,0,0,0,0,0,0,0,0,0.00181061017562919,0.00073909830007391,0,0,0.0031638418079096,0.00271493212669683,0.0015600624024961,0.0175438596491228,0,0,0,0,0,0,0,0,0.00210623313367998
alvaro obregon,la arana,0,0,0,0,0,0,0,0,0,0,0,0,0,0,0,0,0.000362122035125837,0,0,0,0.000225988700564972,0,0,0,0,0,0,0,0,0,0,0,0.000197459356282499
alvaro obregon,la cascada,0,0,0,0,0,0,0,0,0,0,0,0,0,0,0,0,0.000362122035125837,0,0,0,0.000225988700564972,0,0,0,0,0,0,0,0,0,0,0,0.000197459356282499
alvaro obregon,la conchita,0,0,0,0,0,0,0,0,0,0,0,0,0,0,0,0,0.000905305087814594,0,0.00309597523219814,0,0,0,0,0,0,0,0,0,0,0,0,0,0.000394918712564997
alvaro obregon,la martinica,0,0,0,0,0,0,0,0,0,0,0,0,0,0,0,0,0.000362122035125837,0,0,0,0,0,0,0,0,0,0,0,0,0,0,0,0.000131639570854999
alvaro obregon,la martinica ii,0,0,0,0,0,0,0,0,0,0,0,0,0,0,0,0,0.000362122035125837,0,0,0,0,0,0,0,0,0,0,0,0,0,0,0,0.000131639570854999
alvaro obregon,la milagrosa,0,0,0,0,0,0,0,0,0,0,0,0,0,0,0,0,0,0,0,0,0.000225988700564972,0.000904977375565611,0,0,0,0,0,0,0,0,0,0,0.000131639570854999
alvaro obregon,la palmita,0,0,0,0,0,0,0,0,0,0,0,0,0,0,0,0,0.000543183052688756,0,0,0,0.000677966101694915,0,0.0015600624024961,0,0,0,0,0,0,0,0,0,0.000460738497992497
alvaro obregon,las aguilas,0,0,0,0,0,0,0,0,0,0,0,0,0,0,0,0,0.000724244070251675,0.00147819660014782,0,0.0025706940874036,0,0,0,0,0,0,0,0,0,0,0,0,0.000460738497992497
alvaro obregon,las aguilas (aob-3),0,0,0,0,0,0,0,0,0,0,0,0,0,0,0,0,0.000181061017562919,0.00147819660014782,0,0,0.0015819209039548,0.000904977375565611,0,0,0,0,0,0,0,0,0,0,0.000724017639702495
alvaro obregon,las aguilas 1a seccion,0,0,0,0,0,0,0,0,0,0,0,0,0,0,0,0,0.000543183052688756,0.00073909830007391,0,0,0.000225988700564972,0,0.0015600624024961,0,0,0,0,0,0,0,0,0,0.000394918712564997
alvaro obregon,las aguilas 2o parque,0,0,0,0,0,0,0,0,0,0,0,0,0,0,0,0,0,0,0,0,0,0.000904977375565611,0,0,0,0,0,0,0,0,0,0,6.58197854274995e-05
alvaro obregon,las americas,0,0,0,0,0,0,0,0,0,0,0,0,0,0,0,0,0.000362122035125837,0,0,0,0.000225988700564972,0,0,0,0,0,0,0,0,0,0,0,0.000197459356282499
alvaro obregon,las palmas,0,0,0,0,0,0,0,0,0,0,0,0,0,0,0,0,0.000362122035125837,0,0,0,0,0,0,0,0,0,0,0,0,0,0,0,0.000131639570854999
alvaro obregon,liberacion proletaria,0,0,0,0,0,0,0,0,0,0,0,0,0,0,0,0,0.000543183052688756,0,0,0,0.000451977401129944,0,0,0,0,0,0,0,0,0,0,0,0.000329098927137498
alvaro obregon,lomas axomiatla,0,0,0,0,0,0,0,0,0,0,0,0,0,0,0,0,0,0,0,0,0,0.000904977375565611,0,0,0,0,0,0,0,0,0,0,6.58197854274995e-05
alvaro obregon,lomas de becerra,0,0,0,0,0,0,0,0,0,0,0,0,0,0,0,0,0.00217273221075502,0,0,0,0.000451977401129944,0,0.0015600624024961,0,0,0,0,0.0169491525423729,0,0,0,0,0.00105311656683999
alvaro obregon,lomas de capula,0,0,0,0,0,0,0,0,0,0,0,0,0,0,0,0,0.000362122035125837,0,0,0.0025706940874036,0.000451977401129944,0,0,0,0,0,0,0,0,0,0,0,0.000329098927137498
alvaro obregon,lomas de chamontoya,0,0,0,0,0,0,0,0,0,0,0,0,0,0,0,0,0.000181061017562919,0,0.00309597523219814,0,0.000677966101694915,0,0.0015600624024961,0,0,0,0,0,0,0,0,0,0.000394918712564997
alvaro obregon,lomas de guadalupe,0,0,0,0,0,0,0,0,0,0,0,0,0,0,0,0,0,0,0,0,0.000225988700564972,0,0,0,0,0,0,0,0,0,0,0,6.58197854274995e-05
alvaro obregon,lomas de las aguilas,0,0,0,0,0,0,0,0,0,0,0,0,0,0,0,0,0,0,0,0,0,0.000904977375565611,0,0,0,0,0,0,0,0,0,0,6.58197854274995e-05
alvaro obregon,lomas de plateros,0,0,0,0,0,0,0,0,0,0,0,0,0,0,0,0,0.00181061017562919,0.00073909830007391,0,0,0.00225988700564972,0.00361990950226244,0,0,0.00617283950617284,0,0,0,0,0,0,0,0.00171131442111499
alvaro obregon,lomas de puerta grande,0,0,0,0,0,0,0,0,0,0,0,0,0,0,0,0,0.000362122035125837,0,0,0,0,0.000904977375565611,0,0,0,0,0,0,0,0,0,0,0.000197459356282499
alvaro obregon,lomas de san angel inn,0,0,0,0,0,0,0,0,0,0,0,0,0,0,0,0,0.000362122035125837,0,0,0,0.000225988700564972,0,0,0,0,0,0,0,0,0,0,0,0.000197459356282499
alvaro obregon,lomas de santa fe,0,0,0,0,0,0,0,0,0,0,0,0,0,0,0,0,0,0,0,0.0025706940874036,0.000451977401129944,0,0,0,0,0,0,0,0,0,0,0,0.000197459356282499
alvaro obregon,lomas de santo domingo,0,0,0,0,0,0,0,0,0,0,0,0,0,0,0,0,0.000181061017562919,0,0,0,0,0,0,0,0,0,0,0,0,0,0,0,6.58197854274995e-05
alvaro obregon,lomas de tarango,0,0,0,0,0,0,0,0,0,0,0,0,0,0,0,0,0,0,0,0,0.000677966101694915,0,0,0,0,0,0,0.0169491525423729,0,0,0,0,0.000263279141709998
alvaro obregon,loreto,0,0,0,0,0,0,0,0,0,0,0,0,0,0,0,0,0.000362122035125837,0,0,0,0.00135593220338983,0.00180995475113122,0,0,0,0.015625,0,0,0,0,0,0,0.000724017639702495
alvaro obregon,los alpes,0,0,0,0,0,0,0,0,0,0,0,0,0,0,0,0,0.00126742712294043,0.00221729490022173,0,0.0025706940874036,0.000451977401129944,0,0,0,0,0,0.00208768267223382,0,0,0,0,0,0.000987296781412493
alvaro obregon,los cedros,0,0,0,0,0,0,0,0,0,0,0,0,0,0,0,0,0,0,0,0,0.000451977401129944,0,0.0015600624024961,0,0,0,0,0,0,0,0,0,0.000197459356282499
alvaro obregon,maria g de garcia ruiz,0,0,0,0,0,0,0,0,0,0,0,0,0,0,0,0,0.000362122035125837,0,0.00309597523219814,0,0.000225988700564972,0,0.0031201248049922,0,0,0,0,0,0,0,0,0,0.000394918712564997
alvaro obregon,merced gomez,0,0,0,0,0,0,0,0,0,0,0,0,0,0,0,0,0.00144848814050335,0.00369549150036955,0,0.0025706940874036,0.00180790960451977,0,0,0,0,0,0,0,0,0,0,0,0.00144803527940499
alvaro obregon,miguel gaona armenta,0,0,0,0,0,0,0,0,0,0,0,0,0,0,0,0,0.000181061017562919,0,0,0,0,0,0,0,0,0,0,0,0,0,0,0,6.58197854274995e-05
alvaro obregon,milpa los cerros,0,0,0,0,0,0,0,0,0,0,0,0,0,0,0,0,0.000181061017562919,0,0,0,0,0,0,0,0,0,0,0,0,0,0,0,6.58197854274995e-05
alvaro obregon,mina los coyotes,0,0,0,0,0,0,0,0,0,0,0,0,0,0,0,0,0.000181061017562919,0.00073909830007391,0,0,0,0,0.0015600624024961,0,0,0,0,0,0,0,0,0,0.000197459356282499
alvaro obregon,minas cristo rey,0,0,0,0,0,0,0,0,0,0,0,0,0,0,0,0,0.000905305087814594,0.00369549150036955,0,0.0025706940874036,0.00112994350282486,0,0,0,0,0,0,0,0,0,0,0,0.00105311656683999
alvaro obregon,mixcoac,0,0,0,0,0,0,0,0,0,0,0,0,0,0,0,0,0,0,0,0,0.000225988700564972,0,0,0,0,0,0,0,0,0,0,0,6.58197854274995e-05
alvaro obregon,molino de rosas,0,0,0,0,0,0,0,0,0,0,0,0,0,0,0,0,0,0,0,0,0.000225988700564972,0,0,0,0,0,0,0,0,0,0,0,6.58197854274995e-05
alvaro obregon,molino de santo domingo,0,0,0,0,0,0,0,0,0,0,0,0,0,0,0,0,0.00126742712294043,0.00221729490022173,0,0,0,0,0,0,0,0,0,0,0,0,0,0,0.000658197854274995
alvaro obregon,observatorio,0,0,0,0,0,0,0,0,0,0,0,0,0,0,0,0,0.000181061017562919,0,0,0,0,0,0,0,0,0,0,0,0,0,0,0,6.58197854274995e-05
alvaro obregon,palmas,0,0,0,0,0,0,0,0,0,0,0,0,0,0,0,0,0.000181061017562919,0,0,0,0.000451977401129944,0,0,0,0,0,0,0,0,0,0,0,0.000197459356282499
alvaro obregon,parque las aguilas,0,0,0,0,0,0,0,0,0,0,0,0,0,0,0,0,0,0,0,0,0.000225988700564972,0,0,0,0,0,0,0,0,0,0,0,6.58197854274995e-05
alvaro obregon,pilares aguilas,0,0,0,0,0,0,0,0,0,0,0,0,0,0,0,0,0.000362122035125837,0,0,0,0.000225988700564972,0,0,0,0,0,0,0,0,0,0,0,0.000197459356282499
alvaro obregon,piloto adolfo lopez mateos,0,0,0,0,0,0,0,0,0,0,0,0,0,0,0,0,0.000724244070251675,0.00073909830007391,0,0,0.000225988700564972,0.000904977375565611,0.0015600624024961,0,0,0,0,0,0,0,0,0,0.000526558283419996
alvaro obregon,piru xocomecatla,0,0,0,0,0,0,0,0,0,0,0,0,0,0,0,0,0,0.00073909830007391,0,0,0,0,0,0,0,0,0,0,0,0,0,0,6.58197854274995e-05
alvaro obregon,poder popular merced gomez,0,0,0,0,0,0,0,0,0,0,0,0,0,0,0,0,0.000181061017562919,0,0,0,0,0,0,0,0,0,0,0,0,0,0,0,6.58197854274995e-05
alvaro obregon,polvora,0,0,0,0,0,0,0,0,0,0,0,0,0,0,0,0,0.000181061017562919,0,0,0,0,0,0,0,0.00617283950617284,0,0,0,0,0,0,0,0.000131639570854999
alvaro obregon,ponciano arriaga,0,0,0,0,0,0,0,0,0,0,0,0,0,0,0,0,0.000362122035125837,0,0,0,0,0.000904977375565611,0,0,0,0,0,0,0,0,0,0,0.000197459356282499
alvaro obregon,preconcreto,0,0,0,0,0,0,0,0,0,0,0,0,0,0,0,0,0.000181061017562919,0,0,0,0,0,0,0,0,0,0,0,0,0,0,0,6.58197854274995e-05
alvaro obregon,presidentes,0,0,0,0,0,0,0,0,0,0,0,0,0,0,0,0,0.00108636610537751,0,0,0,0,0,0.0015600624024961,0,0,0,0,0,0,0,0,0,0.000460738497992497
alvaro obregon,privada del rincon,0,0,0,0,0,0,0,0,0,0,0,0,0,0,0,0,0,0.00073909830007391,0,0,0,0,0,0,0,0,0,0,0,0,0,0,6.58197854274995e-05
alvaro obregon,pueblo santa fe,0,0,0,0,0,0,0,0,0,0,0,0,0,0,0,0,0.00144848814050335,0.00073909830007391,0.00619195046439629,0,0,0,0.0046801872074883,0,0.0123456790123457,0,0,0,0,0,0,0,0.00105311656683999
alvaro obregon,puerta grande,0,0,0,0,0,0,0,0,0,0,0,0,0,0,0,0,0,0,0,0,0,0.000904977375565611,0,0,0,0,0,0,0,0,0,0,6.58197854274995e-05
alvaro obregon,puerta grande reacomodo,0,0,0,0,0,0,0,0,0,0,0,0,0,0,0,0,0.000362122035125837,0,0,0,0,0,0,0,0,0,0,0,0,0,0,0,0.000131639570854999
alvaro obregon,punta de cehuaya,0,0,0,0,0,0,0,0,0,0,0,0,0,0,0,0,0.000181061017562919,0,0,0,0.000451977401129944,0,0.0015600624024961,0,0,0,0,0,0,0,0,0,0.000263279141709998
alvaro obregon,reacomodo belen de las flores,0,0,0,0,0,0,0,0,0,0,0,0,0,0,0,0,0,0.00147819660014782,0,0,0,0,0,0,0,0,0,0,0,0,0,0,0.000131639570854999
alvaro obregon,real del bosque,0,0,0,0,0,0,0,0,0,0,0,0,0,0,0,0,0,0.00073909830007391,0,0,0,0,0,0,0,0,0,0,0,0,0,0,6.58197854274995e-05
alvaro obregon,real del monte,0,0,0,0,0,0,0,0,0,0,0,0,0,0,0,0,0.000362122035125837,0,0,0,0,0,0,0,0,0,0,0,0,0,0,0,0.000131639570854999
alvaro obregon,rincon de la bolsa,0,0,0,0,0,0,0,0,0,0,0,0,0,0,0,0,0.000181061017562919,0,0.00309597523219814,0,0,0,0,0,0,0,0,0,0,0,0,0,0.000131639570854999
alvaro obregon,rinconada las cuevitas,0,0,0,0,0,0,0,0,0,0,0,0,0,0,0,0,0,0,0,0,0,0.000904977375565611,0,0,0,0,0,0,0,0,0,0,6.58197854274995e-05
alvaro obregon,san angel,0,0,0,0,0,0,0,0,0,0,0,0,0,0,0,0,0.00144848814050335,0.00073909830007391,0,0.0025706940874036,0.00203389830508475,0.00180995475113122,0,0,0,0.015625,0,0,0,0,0,0,0.00144803527940499
alvaro obregon,san angel inn,0,0,0,0,0,0,0,0,0,0,0,0,0,0,0,0,0.000181061017562919,0,0,0,0,0,0,0,0,0,0,0,0,0,0,0,6.58197854274995e-05
alvaro obregon,san bartolo ameyalco,0,0,0,0,0,0,0,0,0,0,0,0,0,0,0,0,0.00199167119319211,0.00073909830007391,0.00309597523219814,0,0.00135593220338983,0.000904977375565611,0.0031201248049922,0,0,0,0,0,0,0,0,0,0.00144803527940499
alvaro obregon,san clemente norte,0,0,0,0,0,0,0,0,0,0,0,0,0,0,0,0,0.000181061017562919,0,0,0,0.000225988700564972,0,0,0,0,0,0,0,0,0,0,0,0.000131639570854999
alvaro obregon,san clemente sur,0,0,0,0,0,0,0,0,0,0,0,0,0,0,0,0,0.000362122035125837,0.00073909830007391,0,0,0.000677966101694915,0,0,0,0,0,0,0,0,0,0,0,0.000394918712564997
alvaro obregon,san pedro de los pinos,0,0,0,0,0,0,0,0,0,0,0,0,0,0,0,0,0.00162954915806627,0.00443458980044346,0,0.0051413881748072,0.000903954802259887,0.000904977375565611,0,0,0,0,0,0.0169491525423729,0,0,0,0,0.00151385506483249
alvaro obregon,santa fe,0,0,0,0,0,0,0,0,0,0,0,0,0,0,0,0,0.000181061017562919,0,0,0,0,0,0,0,0,0,0,0,0,0,0,0,6.58197854274995e-05
alvaro obregon,santa fe imss,0,0,0,0,0,0,0,0,0,0,0,0,0,0,0,0,0.000362122035125837,0,0,0,0.000451977401129944,0,0,0,0,0,0,0,0,0,0,0,0.000263279141709998
alvaro obregon,santa fe infonavit,0,0,0,0,0,0,0,0,0,0,0,0,0,0,0,0,0,0,0,0.0025706940874036,0,0,0,0,0,0,0,0,0,0,0,0,6.58197854274995e-05
alvaro obregon,santa lucia,0,0,0,0,0,0,0,0,0,0,0,0,0,0,0,0,0.000905305087814594,0.00073909830007391,0,0,0.000451977401129944,0.00271493212669683,0,0,0,0,0,0,0,0,0,0,0.000724017639702495
alvaro obregon,santa lucia chantepec,0,0,0,0,0,0,0,0,0,0,0,0,0,0,0,0,0.000724244070251675,0.00073909830007391,0,0,0.000225988700564972,0,0,0,0,0,0,0,0,0,0,0,0.000394918712564997
alvaro obregon,santa lucia reacomodo,0,0,0,0,0,0,0,0,0,0,0,0,0,0,0,0,0,0,0,0,0.000225988700564972,0,0,0,0,0,0,0,0,0,0,0,6.58197854274995e-05
alvaro obregon,santa maria nonoalco,0,0,0,0,0,0,0,0,0,0,0,0,0,0,0,0,0.000181061017562919,0.00147819660014782,0,0,0.000225988700564972,0,0.0015600624024961,0,0,0,0,0,0,0,0,0,0.000329098927137498
alvaro obregon,tetelpan,0,0,0,0,0,0,0,0,0,0,0,0,0,0,0,0,0.000543183052688756,0,0.00309597523219814,0,0.000225988700564972,0,0,0,0,0,0,0,0,0,0,0,0.000329098927137498
alvaro obregon,tizampampano del pueblo tetelpan,0,0,0,0,0,0,0,0,0,0,0,0,0,0,0,0,0,0,0,0,0.000451977401129944,0,0,0,0,0,0,0,0,0,0,0,0.000131639570854999
alvaro obregon,tizapan,0,0,0,0,0,0,0,0,0,0,0,0,0,0,0,0,0.00108636610537751,0.00073909830007391,0,0,0.00112994350282486,0,0,0,0,0,0,0,0,0,0,0,0.000789837425129994
alvaro obregon,tlacopac,0,0,0,0,0,0,0,0,0,0,0,0,0,0,0,0,0.000181061017562919,0,0,0,0,0,0,0,0,0,0,0,0,0,0,0,6.58197854274995e-05
alvaro obregon,tlacoyaque,0,0,0,0,0,0,0,0,0,0,0,0,0,0,0,0,0.000181061017562919,0,0,0,0,0.00271493212669683,0.0015600624024961,0.00584795321637427,0,0,0,0,0,0,0,0,0.000394918712564997
alvaro obregon,tlacuitlapa,0,0,0,0,0,0,0,0,0,0,0,0,0,0,0,0,0.000362122035125837,0,0,0,0,0,0,0,0,0,0,0,0,0,0,0,0.000131639570854999
alvaro obregon,tlapechico,0,0,0,0,0,0,0,0,0,0,0,0,0,0,0,0,0.000543183052688756,0.00147819660014782,0,0.0025706940874036,0.000225988700564972,0,0,0,0,0,0,0,0,0,0,0,0.000460738497992497
alvaro obregon,tolteca,0,0,0,0,0,0,0,0,0,0,0,0,0,0,0,0,0.00217273221075502,0.00073909830007391,0,0,0.00135593220338983,0.000904977375565611,0,0,0,0,0,0.0169491525423729,0,0,0,0,0.00138221549397749
alvaro obregon,torres de potrero,0,0,0,0,0,0,0,0,0,0,0,0,0,0,0,0,0.00144848814050335,0.00147819660014782,0,0,0.000677966101694915,0.000904977375565611,0,0,0,0,0,0,0,0,0,0,0.000921476995984993
alvaro obregon,valentin gomez farias,0,0,0,0,0,0,0,0,0,0,0,0,0,0,0,0,0,0,0,0,0,0.000904977375565611,0,0,0,0,0,0,0,0,0,0,6.58197854274995e-05
alvaro obregon,villa verdun,0,0,0,0,0,0,0,0,0,0,0,0,0,0,0,0,0.000181061017562919,0,0,0,0,0,0,0,0,0,0,0,0,0,0,0,6.58197854274995e-05
alvaro obregon,zenon delgado,0,0,0,0,0,0,0,0,0,0,0,0,0,0,0,0,0.000905305087814594,0,0,0.0025706940874036,0,0,0,0,0,0,0,0,0,0,0,0,0.000394918712564997
azcapotzalco,aguilera,0,0,0,0,0,0,0,0,0,0,0,0,0,0,0,0,0.000362122035125837,0,0,0,0,0,0.0015600624024961,0,0,0,0,0,0,0,0,0,0.000197459356282499
azcapotzalco,aldana,0,0,0,0,0,0,0,0,0,0,0,0,0,0,0,0,0.000181061017562919,0.00147819660014782,0,0,0,0.000904977375565611,0,0,0,0,0,0,0,0,0,0,0.000263279141709998
azcapotzalco,ampliacion petrolera,0,0,0,0,0,0,0,0,0,0,0,0,0,0,0,0,0.000543183052688756,0.00147819660014782,0,0,0.000225988700564972,0,0,0,0,0,0,0,0,0,0,0,0.000394918712564997
azcapotzalco,angel zimbron,0,0,0,0,0,0,0,0,0,0,0,0,0,0,0,0,0.000724244070251675,0,0,0,0.000225988700564972,0.000904977375565611,0,0,0,0,0,0,0,0,0,0,0.000394918712564997
azcapotzalco,arenal,0,0,0,0,0,0,0,0,0,0,0,0,0,0,0,0,0.000362122035125837,0,0,0.0025706940874036,0,0,0,0,0,0,0,0,0,0,0,0,0.000197459356282499
azcapotzalco,benito juarez,0,0,0,0,0,0,0,0,0,0,0,0,0,0,0,0,0.000181061017562919,0,0,0,0,0,0,0,0,0,0,0,0,0,0,0,6.58197854274995e-05
azcapotzalco,centro de azcapotzalco,0,0,0,0,0,0,0,0,0,0,0,0,0,0,0,0,0.00199167119319211,0.00591278640059128,0,0,0.000225988700564972,0.000904977375565611,0,0,0,0,0,0,0,0,0,0,0.00138221549397749
azcapotzalco,coltongo,0,0,0,0,0,0,0,0,0,0,0,0,0,0,0,0,0.000543183052688756,0,0,0,0.000225988700564972,0,0.0015600624024961,0,0,0,0,0,0,0,0,0,0.000329098927137498
azcapotzalco,cosmopolita,0,0,0,0,0,0,0,0,0,0,0,0,0,0,0,0,0.000181061017562919,0,0,0,0,0.000904977375565611,0,0,0,0,0,0,0,0,0,0,0.000131639570854999
azcapotzalco,del recreo,0,0,0,0,0,0,0,0,0,0,0,0,0,0,0,0,0.000543183052688756,0.00295639320029564,0.00309597523219814,0,0.000903954802259887,0.000904977375565611,0,0,0,0,0,0,0,0,0,0,0.000855657210557494
azcapotzalco,el jaguey,0,0,0,0,0,0,0,0,0,0,0,0,0,0,0,0,0.000181061017562919,0,0,0,0.000225988700564972,0,0,0,0,0,0,0,0,0,0,0,0.000131639570854999
azcapotzalco,estacion pantaco,0,0,0,0,0,0,0,0,0,0,0,0,0,0,0,0,0.000181061017562919,0,0,0,0.000225988700564972,0,0,0,0,0,0,0,0,0,0,0,0.000131639570854999
azcapotzalco,euzkadi,0,0,0,0,0,0,0,0,0,0,0,0,0,0,0,0,0.000181061017562919,0.00073909830007391,0,0,0,0.00180995475113122,0,0,0,0,0,0,0,0,0,0,0.000263279141709998
azcapotzalco,ex-hacienda el rosario,0,0,0,0,0,0,0,0,0,0,0,0,0,0,0,0,0,0,0,0,0.000677966101694915,0,0,0,0,0,0,0,0,0,0,0,0.000197459356282499
azcapotzalco,francisco villa,0,0,0,0,0,0,0,0,0,0,0,0,0,0,0,0,0,0,0,0,0.000225988700564972,0.000904977375565611,0,0,0,0,0,0,0,0,0,0,0.000131639570854999
azcapotzalco,hogar y seguridad,0,0,0,0,0,0,0,0,0,0,0,0,0,0,0,0,0.000362122035125837,0.00073909830007391,0,0.0025706940874036,0.000225988700564972,0,0,0,0,0,0,0,0,0,0,0,0.000329098927137498
azcapotzalco,huautla de las salinas,0,0,0,0,0,0,0,0,0,0,0,0,0,0,0,0,0,0,0,0,0.000225988700564972,0,0,0,0,0,0,0,0,0,0,0,6.58197854274995e-05
azcapotzalco,ignacio allende,0,0,0,0,0,0,0,0,0,0,0,0,0,0,0,0,0.000181061017562919,0,0,0,0,0,0,0,0,0,0,0,0,0,0,0,6.58197854274995e-05
azcapotzalco,jardin azpeitia,0,0,0,0,0,0,0,0,0,0,0,0,0,0,0,0,0,0,0,0,0.000225988700564972,0,0,0,0,0,0,0,0,0,0,0,6.58197854274995e-05
azcapotzalco,la raza,0,0,0,0,0,0,0,0,0,0,0,0,0,0,0,0,0,0.00073909830007391,0,0,0.000451977401129944,0.00180995475113122,0,0,0,0,0,0,0,0,0,0,0.000329098927137498
azcapotzalco,las armas,0,0,0,0,0,0,0,0,0,0,0,0,0,0,0,0,0.000181061017562919,0,0,0,0,0,0,0,0,0,0,0,0,0,0,0,6.58197854274995e-05
azcapotzalco,las salinas,0,0,0,0,0,0,0,0,0,0,0,0,0,0,0,0,0,0,0,0,0.000225988700564972,0,0,0,0,0,0,0,0,0,0,0,6.58197854274995e-05
azcapotzalco,liberacion,0,0,0,0,0,0,0,0,0,0,0,0,0,0,0,0,0.000181061017562919,0,0.00309597523219814,0,0,0,0.0046801872074883,0,0,0,0,0,0,0,0,0,0.000329098927137498
azcapotzalco,libertad,0,0,0,0,0,0,0,0,0,0,0,0,0,0,0,0,0.000181061017562919,0,0.00309597523219814,0,0,0,0,0,0,0,0,0,0,0,0,0,0.000131639570854999
azcapotzalco,manuel rivera anaya croc 1,0,0,0,0,0,0,0,0,0,0,0,0,0,0,0,0,0,0,0,0.0025706940874036,0,0,0,0,0,0,0,0,0,0,0,0,6.58197854274995e-05
azcapotzalco,miguel hidalgo,0,0,0,0,0,0,0,0,0,0,0,0,0,0,0,0,0.000181061017562919,0,0,0,0,0,0,0,0,0,0,0,0,0,0,0,6.58197854274995e-05
azcapotzalco,nueva espana,0,0,0,0,0,0,0,0,0,0,0,0,0,0,0,0,0.000181061017562919,0,0,0,0,0,0,0,0,0,0,0,0,0,0,0,6.58197854274995e-05
azcapotzalco,nueva santa maria,0,0,0,0,0,0,0,0,0,0,0,0,0,0,0,0,0.000543183052688756,0.00147819660014782,0,0,0.00180790960451977,0,0,0,0,0,0,0,0,0,0,0,0.000855657210557494
azcapotzalco,pasteros,0,0,0,0,0,0,0,0,0,0,0,0,0,0,0,0,0.000181061017562919,0.00295639320029564,0,0,0.000677966101694915,0.000904977375565611,0,0,0,0,0.00104384133611691,0,0,0,0,0,0.000658197854274995
azcapotzalco,petrolera,0,0,0,0,0,0,0,0,0,0,0,0,0,0,0,0,0.000181061017562919,0.00073909830007391,0,0,0,0.000904977375565611,0,0,0,0,0,0,0,0,0,0,0.000197459356282499
azcapotzalco,plenitud,0,0,0,0,0,0,0,0,0,0,0,0,0,0,0,0,0,0,0,0,0.000225988700564972,0,0,0,0,0,0,0,0,0,0,0,6.58197854274995e-05
azcapotzalco,porvenir,0,0,0,0,0,0,0,0,0,0,0,0,0,0,0,0,0.000181061017562919,0.00073909830007391,0,0.0025706940874036,0,0,0,0,0,0,0,0,0,0,0,0,0.000197459356282499
azcapotzalco,potrero del llano,0,0,0,0,0,0,0,0,0,0,0,0,0,0,0,0,0,0,0,0,0.000451977401129944,0,0,0,0,0,0,0,0,0,0,0,0.000131639570854999
azcapotzalco,prados del rosario,0,0,0,0,0,0,0,0,0,0,0,0,0,0,0,0,0.000181061017562919,0.00073909830007391,0,0,0.00135593220338983,0.000904977375565611,0,0,0,0,0,0,0,0,0,0,0.000592378068847496
azcapotzalco,presidente madero,0,0,0,0,0,0,0,0,0,0,0,0,0,0,0,0,0.000362122035125837,0,0,0,0.000451977401129944,0.00180995475113122,0.0015600624024961,0,0,0,0,0,0,0,0,0,0.000460738497992497
azcapotzalco,pro-hogar,0,0,0,0,0,0,0,0,0,0,0,0,0,0,0,0,0.00181061017562919,0.00295639320029564,0,0,0.000903954802259887,0,0.0015600624024961,0,0,0,0,0,0,0,0,0,0.00125057592312249
azcapotzalco,providencia,0,0,0,0,0,0,0,0,0,0,0,0,0,0,0,0,0.00199167119319211,0.00295639320029564,0,0,0.000451977401129944,0,0,0,0,0.015625,0,0,0,0,0,0,0.00118475613769499
azcapotzalco,reynosa tamaulipas,0,0,0,0,0,0,0,0,0,0,0,0,0,0,0,0,0.000905305087814594,0.00295639320029564,0,0,0.000225988700564972,0,0,0,0,0,0,0,0,0,0,0,0.000658197854274995
azcapotzalco,san andres,0,0,0,0,0,0,0,0,0,0,0,0,0,0,0,0,0.00162954915806627,0.00147819660014782,0.00309597523219814,0.0102827763496144,0.00112994350282486,0.00542986425339367,0.0015600624024961,0,0,0,0.00104384133611691,0,0,0,0,0,0.00190877377739749
azcapotzalco,san andres de las salinas,0,0,0,0,0,0,0,0,0,0,0,0,0,0,0,0,0,0,0,0.0025706940874036,0,0,0,0,0,0,0,0,0,0,0,0,6.58197854274995e-05
azcapotzalco,san antonio,0,0,0,0,0,0,0,0,0,0,0,0,0,0,0,0,0.000543183052688756,0.00073909830007391,0,0.0025706940874036,0.000677966101694915,0,0.0015600624024961,0,0,0,0,0,0,0,0,0,0.000592378068847496
azcapotzalco,san bernabe,0,0,0,0,0,0,0,0,0,0,0,0,0,0,0,0,0.000181061017562919,0,0,0,0,0.000904977375565611,0,0,0,0,0,0,0,0,0,0,0.000131639570854999
azcapotzalco,san francisco tetecala,0,0,0,0,0,0,0,0,0,0,0,0,0,0,0,0,0.000181061017562919,0.00147819660014782,0,0,0,0,0.0015600624024961,0,0,0,0.00313152400835073,0,0,0,0,0,0.000460738497992497
azcapotzalco,san francisco xocotitla,0,0,0,0,0,0,0,0,0,0,0,0,0,0,0,0,0.000724244070251675,0,0,0,0.000451977401129944,0.000904977375565611,0.0015600624024961,0,0,0,0,0,0,0,0,0,0.000526558283419996
azcapotzalco,san juan tlihuaca,0,0,0,0,0,0,0,0,0,0,0,0,0,0,0,0,0.000905305087814594,0.00073909830007391,0.00309597523219814,0.0025706940874036,0.000903954802259887,0.000904977375565611,0,0,0,0,0,0,0,0,0,0,0.000855657210557494
azcapotzalco,san mateo,0,0,0,0,0,0,0,0,0,0,0,0,0,0,0,0,0.000181061017562919,0,0,0,0.000225988700564972,0,0,0,0,0,0,0,0,0,0,0,0.000131639570854999
azcapotzalco,san miguel amantla,0,0,0,0,0,0,0,0,0,0,0,0,0,0,0,0,0.000724244070251675,0,0.00309597523219814,0,0.000225988700564972,0.000904977375565611,0,0,0,0,0,0,0,0,0,0,0.000460738497992497
azcapotzalco,san pedro xalpa,0,0,0,0,0,0,0,0,0,0,0,0,0,0,0,0,0,0,0.00309597523219814,0.0025706940874036,0.000677966101694915,0,0,0,0,0,0,0,0,0,0,0,0.000329098927137498
azcapotzalco,san rafael,0,0,0,0,0,0,0,0,0,0,0,0,0,0,0,0,0,0,0,0,0.000225988700564972,0,0,0.0116959064327485,0,0,0,0,0,0,0,0,0.000197459356282499
azcapotzalco,san sebastian,0,0,0,0,0,0,0,0,0,0,0,0,0,0,0,0,0.000362122035125837,0,0,0,0,0,0.0015600624024961,0,0,0,0,0,0,0,0,0,0.000197459356282499
azcapotzalco,santa apolonia,0,0,0,0,0,0,0,0,0,0,0,0,0,0,0,0,0.000181061017562919,0.00073909830007391,0,0,0,0,0,0,0,0,0,0.0169491525423729,0,0,0,0,0.000197459356282499
azcapotzalco,santa barbara,0,0,0,0,0,0,0,0,0,0,0,0,0,0,0,0,0.00126742712294043,0.00147819660014782,0.00309597523219814,0,0.00112994350282486,0,0,0,0,0.015625,0,0,0,0,0,0,0.00105311656683999
azcapotzalco,santa catarina,0,0,0,0,0,0,0,0,0,0,0,0,0,0,0,0,0.000543183052688756,0.00443458980044346,0,0.0051413881748072,0.000451977401129944,0.000904977375565611,0,0,0,0,0,0,0,0,0,0,0.000921476995984993
azcapotzalco,santa cruz acayucan,0,0,0,0,0,0,0,0,0,0,0,0,0,0,0,0,0.000543183052688756,0.00147819660014782,0,0,0.000225988700564972,0.00180995475113122,0,0,0,0,0,0,0,0,0,0,0.000526558283419996
azcapotzalco,santa cruz de las salinas,0,0,0,0,0,0,0,0,0,0,0,0,0,0,0,0,0.000181061017562919,0,0,0.0025706940874036,0,0,0,0,0,0,0,0,0,0,0,0,0.000131639570854999
azcapotzalco,santa ines,0,0,0,0,0,0,0,0,0,0,0,0,0,0,0,0,0.000362122035125837,0,0,0,0.000451977401129944,0,0,0,0,0,0,0,0,0,0,0,0.000263279141709998
azcapotzalco,santa maria malinalco,0,0,0,0,0,0,0,0,0,0,0,0,0,0,0,0,0,0,0,0.0025706940874036,0,0.00180995475113122,0,0,0,0,0,0,0,0,0,0,0.000197459356282499
azcapotzalco,santo domingo,0,0,0,0,0,0,0,0,0,0,0,0,0,0,0,0,0.000362122035125837,0,0,0.0025706940874036,0.000225988700564972,0,0,0,0,0,0,0,0,0,0,0,0.000263279141709998
azcapotzalco,sector naval,0,0,0,0,0,0,0,0,0,0,0,0,0,0,0,0,0,0.00221729490022173,0,0,0,0,0,0,0,0,0,0,0,0,0,0,0.000197459356282499
azcapotzalco,sindicato mexicano de electricistas,0,0,0,0,0,0,0,0,0,0,0,0,0,0,0,0,0.000181061017562919,0.00073909830007391,0,0,0,0,0.0015600624024961,0,0,0,0,0,0,0,0,0,0.000197459356282499
azcapotzalco,tlatilco,0,0,0,0,0,0,0,0,0,0,0,0,0,0,0,0,0.000181061017562919,0.00295639320029564,0,0,0.000225988700564972,0.000904977375565611,0.0015600624024961,0,0,0,0,0,0,0,0,0,0.000526558283419996
azcapotzalco,trabajadores de hierro,0,0,0,0,0,0,0,0,0,0,0,0,0,0,0,0,0.000362122035125837,0,0,0,0,0,0,0.00584795321637427,0,0,0,0,0,0,0,0,0.000197459356282499
azcapotzalco,un hogar para cada trabajador,0,0,0,0,0,0,0,0,0,0,0,0,0,0,0,0,0,0,0,0,0,0.00180995475113122,0,0,0,0,0,0,0,0,0,0,0.000131639570854999
azcapotzalco,victoria de las democracias,0,0,0,0,0,0,0,0,0,0,0,0,0,0,0,0,0.000543183052688756,0.00147819660014782,0,0,0.000451977401129944,0,0,0,0,0,0,0,0,0,0,0,0.000460738497992497
benito juarez,8 de agosto,0,0,0,0,0,0,0,0,0,0,0,0,0,0,0,0,0.000181061017562919,0,0,0,0.000677966101694915,0,0,0,0,0,0,0,0,0,0,0,0.000263279141709998
benito juarez,acacias,0,0,0,0,0,0,0,0,0,0,0,0,0,0,0,0,0.000543183052688756,0,0,0.0025706940874036,0.000903954802259887,0.000904977375565611,0.0015600624024961,0,0.00617283950617284,0,0,0,0,0,0,0,0.000724017639702495
benito juarez,americas unidas,0,0,0,0,0,0,0,0,0,0,0,0,0,0,0,0,0.000905305087814594,0,0,0,0.000677966101694915,0.000904977375565611,0,0,0,0,0.00417536534446764,0.0169491525423729,0,0,0,0,0.000921476995984993
benito juarez,atenor salas,0,0,0,0,0,0,0,0,0,0,0,0,0,0,0,0,0.000362122035125837,0,0,0,0.000225988700564972,0.000904977375565611,0.0015600624024961,0,0,0,0,0,0,0,0,0,0.000329098927137498
benito juarez,ciudad de los deportes,0,0,0,0,0,0,0,0,0,0,0,0,0,0,0,0,0.00199167119319211,0,0,0,0.00112994350282486,0,0,0,0,0,0,0,0,0,0,0,0.00105311656683999
benito juarez,credito constructor,0,0,0,0,0,0,0,0,0,0,0,0,0,0,0,0,0,0,0,0,0,0,0,0,0,0,0,0.0169491525423729,0,0,0,0,6.58197854274995e-05
benito juarez,del carmen,0,0,0,0,0,0,0,0,0,0,0,0,0,0,0,0,0,0,0,0.0025706940874036,0.000677966101694915,0.00180995475113122,0,0,0,0,0,0,0,0,0,0,0.000394918712564997
benito juarez,del lago,0,0,0,0,0,0,0,0,0,0,0,0,0,0,0,0,0.000362122035125837,0.00073909830007391,0,0,0.000225988700564972,0,0,0,0.00617283950617284,0,0,0,0,0,0,0,0.000329098927137498
benito juarez,escandon i seccion,0,0,0,0,0,0,0,0,0,0,0,0,0,0,0,0,0,0,0,0,0.000225988700564972,0,0,0,0,0,0,0,0,0,0,0,6.58197854274995e-05
benito juarez,extremadura insurgentes,0,0,0,0,0,0,0,0,0,0,0,0,0,0,0,0,0.000181061017562919,0,0,0,0.000677966101694915,0,0,0,0,0,0,0,0,0,0,0,0.000263279141709998
benito juarez,independencia,0,0,0,0,0,0,0,0,0,0,0,0,0,0,0,0,0.000181061017562919,0.00073909830007391,0,0,0.000225988700564972,0.00180995475113122,0,0.0116959064327485,0,0,0,0,0,0,0,0,0.000460738497992497
benito juarez,insurgentes san borja,0,0,0,0,0,0,0,0,0,0,0,0,0,0,0,0,0.000181061017562919,0.00073909830007391,0,0,0.000677966101694915,0.000904977375565611,0,0,0,0,0,0,0,0,0,0,0.000394918712564997
benito juarez,josefa ortiz de dominguez,0,0,0,0,0,0,0,0,0,0,0,0,0,0,0,0,0.000181061017562919,0,0,0,0,0,0,0,0,0,0.00208768267223382,0,0,0,0,0,0.000197459356282499
benito juarez,merced gomez,0,0,0,0,0,0,0,0,0,0,0,0,0,0,0,0,0,0,0,0,0.000903954802259887,0,0,0,0,0,0,0,0,0,0,0,0.000263279141709998
benito juarez,miguel aleman,0,0,0,0,0,0,0,0,0,0,0,0,0,0,0,0,0,0.00073909830007391,0,0,0,0,0,0,0,0,0,0,0,0,0,0,6.58197854274995e-05
benito juarez,miravalle,0,0,0,0,0,0,0,0,0,0,0,0,0,0,0,0,0.000543183052688756,0.00147819660014782,0,0,0,0.000904977375565611,0,0,0,0,0,0,0,0,0,0,0.000394918712564997
benito juarez,mixcoac,0,0,0,0,0,0,0,0,0,0,0,0,0,0,0,0,0.000724244070251675,0,0,0,0.000677966101694915,0.000904977375565611,0.0015600624024961,0,0,0,0.0167014613778706,0,0,0,0,0,0.00164549463568749
benito juarez,nativitas,0,0,0,0,0,0,0,0,0,0,0,0,0,0,0,0,0.000905305087814594,0.00221729490022173,0,0,0.00180790960451977,0.000904977375565611,0,0,0,0,0,0,0,0,0,0,0.00111893635226749
benito juarez,periodista,0,0,0,0,0,0,0,0,0,0,0,0,0,0,0,0,0.000181061017562919,0,0,0,0,0,0,0,0,0,0,0,0,0,0,0,6.58197854274995e-05
benito juarez,postal,0,0,0,0,0,0,0,0,0,0,0,0,0,0,0,0,0.000362122035125837,0.00073909830007391,0,0,0.000451977401129944,0,0,0,0,0,0,0,0,0,0,0,0.000329098927137498
benito juarez,residencial emperadores,0,0,0,0,0,0,0,0,0,0,0,0,0,0,0,0,0.000181061017562919,0,0,0,0,0,0,0,0,0.015625,0.00104384133611691,0,0,0,0,0,0.000197459356282499
benito juarez,roma sur,0,0,0,0,0,0,0,0,0,0,0,0,0,0,0,0,0,0,0,0,0,0.000904977375565611,0,0,0,0,0,0,0,0,0,0,6.58197854274995e-05
benito juarez,san jose insurgentes,0,0,0,0,0,0,0,0,0,0,0,0,0,0,0,0,0.00181061017562919,0.00073909830007391,0,0,0.00225988700564972,0,0,0,0,0,0.00104384133611691,0,0,0,0,0,0.00144803527940499
benito juarez,san juan,0,0,0,0,0,0,0,0,0,0,0,0,0,0,0,0,0.000543183052688756,0,0,0.0025706940874036,0.000677966101694915,0.000904977375565611,0,0,0,0,0,0,0,0,0,0,0.000526558283419996
benito juarez,san simon ticumac,0,0,0,0,0,0,0,0,0,0,0,0,0,0,0,0,0.000905305087814594,0.00221729490022173,0,0.0025706940874036,0.00135593220338983,0.00271493212669683,0.0015600624024961,0,0,0,0.00104384133611691,0,0,0,0,0,0.00131639570854999
benito juarez,tlacoquemecatl,0,0,0,0,0,0,0,0,0,0,0,0,0,0,0,0,0.000905305087814594,0.00221729490022173,0,0.0025706940874036,0.0015819209039548,0.00180995475113122,0,0,0,0,0.00313152400835073,0,0,0,0,0,0.00138221549397749
benito juarez,villa de cortes,0,0,0,0,0,0,0,0,0,0,0,0,0,0,0,0,0.000181061017562919,0,0,0,0.000225988700564972,0,0,0,0,0,0.00104384133611691,0,0,0,0,0,0.000197459356282499
benito juarez,xoco,0,0,0,0,0,0,0,0,0,0,0,0,0,0,0,0,0.00108636610537751,0.00147819660014782,0,0.0051413881748072,0.00225988700564972,0,0,0,0,0,0.00104384133611691,0.0169491525423729,0,0,0,0,0.00144803527940499
coyoacan,acasulco,0,0,0,0,0,0,0,0,0,0,0,0,0,0,0,0,0,0,0,0,0.000225988700564972,0.000904977375565611,0,0,0,0,0,0,0,0,0,0,0.000131639570854999
coyoacan,alameda sur,0,0,0,0,0,0,0,0,0,0,0,0,0,0,0,0,0,0,0,0,0.000225988700564972,0,0,0,0,0,0,0,0,0,0,0,6.58197854274995e-05
coyoacan,alianza popular revolucionaria,0,0,0,0,0,0,0,0,0,0,0,0,0,0,0,0,0.000543183052688756,0,0,0,0.0015819209039548,0.000904977375565611,0,0,0,0,0,0,0,0,0,0,0.000724017639702495
coyoacan,ampliacion del carmen,0,0,0,0,0,0,0,0,0,0,0,0,0,0,0,0,0,0,0,0,0.000225988700564972,0,0,0,0,0,0,0,0,0,0,0,6.58197854274995e-05
coyoacan,ampliacion la candelaria,0,0,0,0,0,0,0,0,0,0,0,0,0,0,0,0,0.000362122035125837,0,0,0,0.000225988700564972,0,0,0.00584795321637427,0,0,0,0,0,0,0,0,0.000263279141709998
coyoacan,ampliacion san francisco culhuacan,0,0,0,0,0,0,0,0,0,0,0,0,0,0,0,0,0.00162954915806627,0.00295639320029564,0,0.0025706940874036,0.000225988700564972,0.000904977375565611,0,0,0,0,0,0,0,0,0,0,0.00105311656683999
coyoacan,atlantida,0,0,0,0,0,0,0,0,0,0,0,0,0,0,0,0,0,0,0,0.0051413881748072,0,0,0,0,0,0,0,0,0,0,0,0,0.000131639570854999
coyoacan,avante,0,0,0,0,0,0,0,0,0,0,0,0,0,0,0,0,0.000362122035125837,0.00147819660014782,0,0,0.000903954802259887,0,0,0,0.00617283950617284,0,0,0,0,0,0,0,0.000592378068847496
coyoacan,barrio del nino jesus,0,0,0,0,0,0,0,0,0,0,0,0,0,0,0,0,0,0.00073909830007391,0.00309597523219814,0,0,0,0,0,0,0,0,0,0,0,0,0,0.000131639570854999
coyoacan,barrio san lucas,0,0,0,0,0,0,0,0,0,0,0,0,0,0,0,0,0.000362122035125837,0.00073909830007391,0,0,0,0,0.0015600624024961,0,0.00617283950617284,0,0,0,0,0,0,0,0.000329098927137498
coyoacan,bosques de tetlameya,0,0,0,0,0,0,0,0,0,0,0,0,0,0,0,0,0.000362122035125837,0,0,0,0.000225988700564972,0,0,0,0,0,0,0,0,0,0,0,0.000197459356282499
coyoacan,cacama,0,0,0,0,0,0,0,0,0,0,0,0,0,0,0,0,0,0,0,0.0025706940874036,0,0,0,0,0,0,0,0,0,0,0,0,6.58197854274995e-05
coyoacan,cafetales,0,0,0,0,0,0,0,0,0,0,0,0,0,0,0,0,0.000362122035125837,0.00147819660014782,0,0,0.000225988700564972,0.000904977375565611,0,0,0,0,0,0,0,0,0,0,0.000394918712564997
coyoacan,campestre churubusco,0,0,0,0,0,0,0,0,0,0,0,0,0,0,0,0,0.00362122035125837,0.00369549150036955,0,0,0.0015819209039548,0.000904977375565611,0,0.00584795321637427,0.00617283950617284,0,0.00104384133611691,0,0,0,0,0,0.00236951227538998
coyoacan,campestre coyoacan,0,0,0,0,0,0,0,0,0,0,0,0,0,0,0,0,0.000181061017562919,0.00295639320029564,0,0,0.00135593220338983,0,0,0,0,0,0,0,0,0,0,0,0.000724017639702495
coyoacan,carmen serdan,0,0,0,0,0,0,0,0,0,0,0,0,0,0,0,0,0.00126742712294043,0.00073909830007391,0,0.0025706940874036,0.000677966101694915,0,0.0015600624024961,0,0,0,0,0,0,0,0,0,0.000855657210557494
coyoacan,central de autobuses del sur taxquena,0,0,0,0,0,0,0,0,0,0,0,0,0,0,0,0,0.000543183052688756,0,0,0,0,0,0,0,0,0,0.00626304801670146,0,0,0,0,0,0.000592378068847496
coyoacan,churubusco country club,0,0,0,0,0,0,0,0,0,0,0,0,0,0,0,0,0.000362122035125837,0.00073909830007391,0,0,0.000225988700564972,0,0,0,0.00617283950617284,0,0.00208768267223382,0,0,0,0,0,0.000460738497992497
coyoacan,ciudad jardin,0,0,0,0,0,0,0,0,0,0,0,0,0,0,0,0,0.000181061017562919,0,0,0,0.000451977401129944,0,0,0,0,0,0,0,0,0,0,0,0.000197459356282499
coyoacan,copilco el bajo,0,0,0,0,0,0,0,0,0,0,0,0,0,0,0,0,0.000905305087814594,0.00221729490022173,0,0,0.000451977401129944,0.000904977375565611,0,0,0,0,0.00104384133611691,0,0,0,0,0,0.000789837425129994
coyoacan,copilco universidad issste,0,0,0,0,0,0,0,0,0,0,0,0,0,0,0,0,0.000181061017562919,0,0,0,0,0,0,0,0,0,0,0,0,0,0,0,6.58197854274995e-05
coyoacan,cuadrante de san francisco,0,0,0,0,0,0,0,0,0,0,0,0,0,0,0,0,0.000905305087814594,0.00073909830007391,0,0,0.00112994350282486,0,0,0,0,0,0,0,0,0,0,0,0.000724017639702495
coyoacan,culhuacan ctm seccion ix,0,0,0,0,0,0,0,0,0,0,0,0,0,0,0,0,0.000724244070251675,0.00073909830007391,0,0,0.00180790960451977,0.000904977375565611,0,0,0,0,0,0,0,0,0,0,0.000921476995984993
coyoacan,culhuacan ctm seccion v,0,0,0,0,0,0,0,0,0,0,0,0,0,0,0,0,0.000543183052688756,0,0,0.0025706940874036,0.000677966101694915,0.00180995475113122,0,0.00584795321637427,0,0,0,0,0,0,0,0,0.000658197854274995
coyoacan,culhuacan ctm seccion vi,0,0,0,0,0,0,0,0,0,0,0,0,0,0,0,0,0.000543183052688756,0.00073909830007391,0,0.0077120822622108,0.000225988700564972,0.000904977375565611,0,0,0,0,0,0,0,0,0,0,0.000592378068847496
coyoacan,culhuacan ctm seccion x,0,0,0,0,0,0,0,0,0,0,0,0,0,0,0,0,0,0.00073909830007391,0,0,0.00112994350282486,0,0,0,0,0,0,0,0,0,0,0,0.000394918712564997
coyoacan,el centinela,0,0,0,0,0,0,0,0,0,0,0,0,0,0,0,0,0.000362122035125837,0,0,0,0,0,0,0,0,0,0,0,0,0,0,0,0.000131639570854999
coyoacan,el mirador,0,0,0,0,0,0,0,0,0,0,0,0,0,0,0,0,0,0.00147819660014782,0,0,0.000225988700564972,0,0,0,0,0,0,0,0,0,0,0,0.000197459356282499
coyoacan,el parque de coyoacan,0,0,0,0,0,0,0,0,0,0,0,0,0,0,0,0,0,0.00147819660014782,0,0,0.000451977401129944,0,0,0,0,0,0,0,0,0,0,0,0.000263279141709998
coyoacan,el reloj,0,0,0,0,0,0,0,0,0,0,0,0,0,0,0,0,0.000543183052688756,0,0,0,0.000677966101694915,0,0,0,0,0,0,0,0,0,0,0,0.000394918712564997
coyoacan,el rosario,0,0,0,0,0,0,0,0,0,0,0,0,0,0,0,0,0,0,0,0.0025706940874036,0.000225988700564972,0,0,0,0,0,0,0,0,0,0,0,0.000131639570854999
coyoacan,el rosedal,0,0,0,0,0,0,0,0,0,0,0,0,0,0,0,0,0,0,0,0,0.000677966101694915,0,0,0,0,0,0.00104384133611691,0,0,0,0,0,0.000263279141709998
coyoacan,emiliano zapata,0,0,0,0,0,0,0,0,0,0,0,0,0,0,0,0,0.000181061017562919,0.00073909830007391,0,0,0,0,0,0,0,0,0,0,0,0,0,0,0.000131639570854999
coyoacan,emiliano zapata fraccionamiento popular,0,0,0,0,0,0,0,0,0,0,0,0,0,0,0,0,0.000362122035125837,0.00147819660014782,0,0,0.000451977401129944,0,0.0015600624024961,0,0,0,0,0,0,0,0,0,0.000460738497992497
coyoacan,espartaco,0,0,0,0,0,0,0,0,0,0,0,0,0,0,0,0,0.000543183052688756,0,0,0,0.00112994350282486,0.000904977375565611,0,0,0,0,0,0,0,0,0,0,0.000592378068847496
coyoacan,estadio azteca,0,0,0,0,0,0,0,0,0,0,0,0,0,0,0,0,0.000181061017562919,0.00073909830007391,0,0,0,0,0,0,0.00617283950617284,0,0,0,0,0,0,0,0.000197459356282499
coyoacan,estadio olimpico mexico 68,0,0,0,0,0,0,0,0,0,0,0,0,0,0,0,0,0.000362122035125837,0,0,0,0.000225988700564972,0,0,0,0,0,0,0,0,0,0,0,0.000197459356282499
coyoacan,ex-ejido de san pablo tepetlapa,0,0,0,0,0,0,0,0,0,0,0,0,0,0,0,0,0,0,0,0,0.00112994350282486,0.000904977375565611,0,0.00584795321637427,0,0,0,0,0,0,0,0,0.000460738497992497
coyoacan,ex-ejido de santa ursula coapa,0,0,0,0,0,0,0,0,0,0,0,0,0,0,0,0,0.000724244070251675,0,0,0,0.000903954802259887,0.00452488687782806,0,0,0,0,0,0,0,0,0,0,0.000855657210557494
coyoacan,haciendas de coyoacan,0,0,0,0,0,0,0,0,0,0,0,0,0,0,0,0,0.000543183052688756,0.00147819660014782,0,0,0,0.000904977375565611,0,0,0.00617283950617284,0,0,0,0,0,0,0,0.000460738497992497
coyoacan,huayamilpas,0,0,0,0,0,0,0,0,0,0,0,0,0,0,0,0,0,0.00073909830007391,0,0,0.000225988700564972,0,0,0,0,0,0,0,0,0,0,0,0.000131639570854999
coyoacan,jardines de coyoacan,0,0,0,0,0,0,0,0,0,0,0,0,0,0,0,0,0.000362122035125837,0,0,0,0.000903954802259887,0.000904977375565611,0,0,0,0,0,0,0,0,0,0,0.000460738497992497
coyoacan,jardines del pedregal de san angel,0,0,0,0,0,0,0,0,0,0,0,0,0,0,0,0,0.000905305087814594,0,0,0,0.00112994350282486,0.000904977375565611,0.0015600624024961,0.0116959064327485,0,0,0.00104384133611691,0,0,0,0,0,0.000987296781412493
coyoacan,joyas del pedregal,0,0,0,0,0,0,0,0,0,0,0,0,0,0,0,0,0,0,0,0,0.000225988700564972,0,0,0,0,0,0,0,0,0,0,0,6.58197854274995e-05
coyoacan,las campanas,0,0,0,0,0,0,0,0,0,0,0,0,0,0,0,0,0.000181061017562919,0,0,0,0,0,0,0,0,0,0,0,0,0,0,0,6.58197854274995e-05
coyoacan,los cedros,0,0,0,0,0,0,0,0,0,0,0,0,0,0,0,0,0,0.00073909830007391,0,0,0,0,0,0,0,0,0,0,0,0,0,0,6.58197854274995e-05
coyoacan,los cipreses,0,0,0,0,0,0,0,0,0,0,0,0,0,0,0,0,0,0,0,0,0.000225988700564972,0,0,0,0,0,0,0,0,0,0,0,6.58197854274995e-05
coyoacan,los ciruelos,0,0,0,0,0,0,0,0,0,0,0,0,0,0,0,0,0.000543183052688756,0.00073909830007391,0,0,0.000451977401129944,0,0,0,0,0,0,0,0,0,0,0,0.000394918712564997
coyoacan,los sauces,0,0,0,0,0,0,0,0,0,0,0,0,0,0,0,0,0,0,0,0,0.000225988700564972,0.000904977375565611,0,0,0,0,0,0,0,0,0,0,0.000131639570854999
coyoacan,media luna,0,0,0,0,0,0,0,0,0,0,0,0,0,0,0,0,0,0,0,0,0.000225988700564972,0,0,0,0,0,0,0,0,0,0,0,6.58197854274995e-05
coyoacan,monte de piedad,0,0,0,0,0,0,0,0,0,0,0,0,0,0,0,0,0.000181061017562919,0,0,0,0.000225988700564972,0,0,0,0,0,0,0.0169491525423729,0,0,0,0,0.000197459356282499
coyoacan,olimpica,0,0,0,0,0,0,0,0,0,0,0,0,0,0,0,0,0.000181061017562919,0,0,0,0.000225988700564972,0,0,0,0,0,0,0,0,0,0,0,0.000131639570854999
coyoacan,parque san andres,0,0,0,0,0,0,0,0,0,0,0,0,0,0,0,0,0.000724244070251675,0.00147819660014782,0,0.0025706940874036,0.00293785310734463,0,0,0,0,0,0,0,0,0,0,0,0.00131639570854999
coyoacan,pedregal de carrasco,0,0,0,0,0,0,0,0,0,0,0,0,0,0,0,0,0,0,0,0,0.000451977401129944,0,0,0,0,0,0,0,0,0,0,0,0.000131639570854999
coyoacan,pedregal de coyoacan,0,0,0,0,0,0,0,0,0,0,0,0,0,0,0,0,0.000181061017562919,0,0,0,0.000225988700564972,0,0,0,0,0,0,0,0,0,0,0,0.000131639570854999
coyoacan,pedregal del maurel,0,0,0,0,0,0,0,0,0,0,0,0,0,0,0,0,0,0,0,0,0.000451977401129944,0.000904977375565611,0,0,0,0,0,0,0,0,0,0,0.000197459356282499
coyoacan,pedregal del sur,0,0,0,0,0,0,0,0,0,0,0,0,0,0,0,0,0.000181061017562919,0,0,0,0.00112994350282486,0,0,0,0.0123456790123457,0,0,0,0,0,0,0,0.000526558283419996
coyoacan,petrolera taxquena,0,0,0,0,0,0,0,0,0,0,0,0,0,0,0,0,0.000181061017562919,0.00147819660014782,0,0,0.000451977401129944,0,0,0,0,0,0,0,0,0,0,0,0.000329098927137498
coyoacan,prado churubusco,0,0,0,0,0,0,0,0,0,0,0,0,0,0,0,0,0.000724244070251675,0.00073909830007391,0,0,0.000903954802259887,0,0,0,0,0.015625,0,0,0,0,0,0,0.000658197854274995
coyoacan,prados de coyoacan,0,0,0,0,0,0,0,0,0,0,0,0,0,0,0,0,0.000181061017562919,0.00073909830007391,0,0,0.000677966101694915,0.000904977375565611,0,0,0.00617283950617284,0,0,0,0,0,0,0,0.000460738497992497
coyoacan,pueblo de los reyes,0,0,0,0,0,0,0,0,0,0,0,0,0,0,0,0,0.000905305087814594,0.00221729490022173,0.00309597523219814,0.0051413881748072,0.00248587570621469,0.00180995475113122,0.0015600624024961,0,0,0,0,0,0,0,0,0,0.00164549463568749
coyoacan,pueblo de santa ursula coapa,0,0,0,0,0,0,0,0,0,0,0,0,0,0,0,0,0.000724244070251675,0.00073909830007391,0.00619195046439629,0,0.00112994350282486,0.00180995475113122,0,0,0,0,0,0,0,0,0,0,0.000921476995984993
coyoacan,pueblo la candelaria,0,0,0,0,0,0,0,0,0,0,0,0,0,0,0,0,0.000724244070251675,0,0,0,0.000677966101694915,0.00180995475113122,0,0,0,0.015625,0,0,0,0,0,0,0.000658197854274995
coyoacan,quetzalcoatl,0,0,0,0,0,0,0,0,0,0,0,0,0,0,0,0,0.000181061017562919,0,0,0,0.000225988700564972,0,0,0,0,0,0,0,0,0,0,0,0.000131639570854999
coyoacan,residencial mar de la tranquilidad,0,0,0,0,0,0,0,0,0,0,0,0,0,0,0,0,0,0,0,0,0,0.000904977375565611,0,0,0,0,0,0,0,0,0,0,6.58197854274995e-05
coyoacan,rinconada de los reyes,0,0,0,0,0,0,0,0,0,0,0,0,0,0,0,0,0.000181061017562919,0,0,0,0,0,0,0,0,0,0,0,0,0,0,0,6.58197854274995e-05
coyoacan,rinconada las playas infonavit,0,0,0,0,0,0,0,0,0,0,0,0,0,0,0,0,0.000181061017562919,0,0,0,0,0,0,0,0,0,0,0,0,0,0,0,6.58197854274995e-05
coyoacan,san mateo,0,0,0,0,0,0,0,0,0,0,0,0,0,0,0,0,0.000362122035125837,0,0,0,0,0,0.0015600624024961,0,0,0,0,0,0,0,0,0,0.000197459356282499
coyoacan,santa ursula coapa,0,0,0,0,0,0,0,0,0,0,0,0,0,0,0,0,0.000543183052688756,0.00073909830007391,0.00619195046439629,0,0.00112994350282486,0.00271493212669683,0,0,0,0,0,0,0,0,0,0,0.000921476995984993
coyoacan,torres del maurel,0,0,0,0,0,0,0,0,0,0,0,0,0,0,0,0,0,0,0,0,0.000225988700564972,0,0,0,0,0,0,0,0,0,0,0,6.58197854274995e-05
coyoacan,unidad hab usovi,0,0,0,0,0,0,0,0,0,0,0,0,0,0,0,0,0.000362122035125837,0,0,0,0,0,0,0,0,0,0,0,0,0,0,0,0.000131639570854999
coyoacan,unidad obrero hab ctm culhuacan zona 13,0,0,0,0,0,0,0,0,0,0,0,0,0,0,0,0,0.000724244070251675,0.00073909830007391,0,0,0.000677966101694915,0,0,0,0,0,0,0,0,0,0,0,0.000526558283419996
coyoacan,unidad obrero hab culhuacan,0,0,0,0,0,0,0,0,0,0,0,0,0,0,0,0,0.000181061017562919,0,0,0,0.000677966101694915,0,0,0,0,0,0,0,0,0,0,0,0.000263279141709998
coyoacan,villa coyoacan,0,0,0,0,0,0,0,0,0,0,0,0,0,0,0,0,0.00126742712294043,0,0,0,0.000451977401129944,0,0,0,0,0,0,0,0,0,0,0,0.000592378068847496
coyoacan,villa panamericana,0,0,0,0,0,0,0,0,0,0,0,0,0,0,0,0,0.000362122035125837,0,0,0.0025706940874036,0.00135593220338983,0,0,0.00584795321637427,0,0.015625,0,0,0,0,0,0,0.000724017639702495
coyoacan,xotepingo,0,0,0,0,0,0,0,0,0,0,0,0,0,0,0,0,0.000181061017562919,0.00073909830007391,0,0,0.000677966101694915,0.000904977375565611,0,0,0,0,0,0,0,0,0,0,0.000394918712564997
cuajimalpa de morelos,adolfo lopez mateos,0,0,0,0,0,0,0,0,0,0,0,0,0,0,0,0,0.000181061017562919,0,0,0,0,0,0,0,0,0,0,0,0,0,0,0,6.58197854274995e-05
cuajimalpa de morelos,agua bendita,0,0,0,0,0,0,0,0,0,0,0,0,0,0,0,0,0.000181061017562919,0,0,0,0,0,0,0,0,0,0,0,0,0,0,0,6.58197854274995e-05
cuajimalpa de morelos,ahuatenco,0,0,0,0,0,0,0,0,0,0,0,0,0,0,0,0,0.000181061017562919,0,0,0,0,0,0,0,0,0,0,0,0,0,0,0,6.58197854274995e-05
cuajimalpa de morelos,amado nervo,0,0,0,0,0,0,0,0,0,0,0,0,0,0,0,0,0,0,0,0,0.000225988700564972,0,0,0,0,0,0,0,0,0,0,0,6.58197854274995e-05
cuajimalpa de morelos,bosques de las lomas,0,0,0,0,0,0,0,0,0,0,0,0,0,0,0,0,0,0.00147819660014782,0,0,0,0,0,0,0,0,0,0,0,0,0,0,0.000131639570854999
cuajimalpa de morelos,cacalote,0,0,0,0,0,0,0,0,0,0,0,0,0,0,0,0,0.000181061017562919,0,0,0,0,0,0,0,0,0,0,0,0,0,0,0,6.58197854274995e-05
cuajimalpa de morelos,cola de pato - pueblo,0,0,0,0,0,0,0,0,0,0,0,0,0,0,0,0,0,0,0,0,0,0.000904977375565611,0,0,0,0,0,0,0,0,0,0,6.58197854274995e-05
cuajimalpa de morelos,cruz blanca,0,0,0,0,0,0,0,0,0,0,0,0,0,0,0,0,0.000362122035125837,0,0,0,0.000225988700564972,0,0,0,0,0,0,0,0,0,0,0,0.000197459356282499
cuajimalpa de morelos,cuajimalpa,0,0,0,0,0,0,0,0,0,0,0,0,0,0,0,0,0.00144848814050335,0.00147819660014782,0,0,0.00248587570621469,0,0.0031201248049922,0,0,0,0,0,0,0,0,0,0.00151385506483249
cuajimalpa de morelos,el ebano,0,0,0,0,0,0,0,0,0,0,0,0,0,0,0,0,0,0,0,0,0,0.000904977375565611,0,0,0,0,0,0,0,0,0,0,6.58197854274995e-05
cuajimalpa de morelos,el molinito,0,0,0,0,0,0,0,0,0,0,0,0,0,0,0,0,0.000181061017562919,0,0,0,0,0,0,0,0,0,0,0,0,0,0,0,6.58197854274995e-05
cuajimalpa de morelos,el molino,0,0,0,0,0,0,0,0,0,0,0,0,0,0,0,0,0,0.00073909830007391,0,0,0,0,0,0,0,0,0,0,0,0,0,0,6.58197854274995e-05
cuajimalpa de morelos,jesus del monte,0,0,0,0,0,0,0,0,0,0,0,0,0,0,0,0,0,0.00073909830007391,0,0,0.000451977401129944,0,0,0,0,0,0,0,0,0,0,0,0.000197459356282499
cuajimalpa de morelos,la navidad,0,0,0,0,0,0,0,0,0,0,0,0,0,0,0,0,0.000362122035125837,0.00073909830007391,0,0,0.000903954802259887,0.00180995475113122,0,0,0,0,0,0,0,0,0,0,0.000592378068847496
cuajimalpa de morelos,la pila,0,0,0,0,0,0,0,0,0,0,0,0,0,0,0,0,0.000362122035125837,0,0,0.0025706940874036,0,0.000904977375565611,0.0015600624024961,0,0,0,0,0,0,0,0,0,0.000329098927137498
cuajimalpa de morelos,la venta,0,0,0,0,0,0,0,0,0,0,0,0,0,0,0,0,0,0,0,0,0.000451977401129944,0,0,0,0,0,0,0,0,0,0,0,0.000131639570854999
cuajimalpa de morelos,las lajas,0,0,0,0,0,0,0,0,0,0,0,0,0,0,0,0,0.000181061017562919,0,0,0,0,0.000904977375565611,0,0,0,0,0,0,0,0,0,0,0.000131639570854999
cuajimalpa de morelos,las tinajas,0,0,0,0,0,0,0,0,0,0,0,0,0,0,0,0,0,0.00073909830007391,0,0,0,0,0,0,0,0,0,0,0,0,0,0,6.58197854274995e-05
cuajimalpa de morelos,lomas de memetla,0,0,0,0,0,0,0,0,0,0,0,0,0,0,0,0,0.000362122035125837,0,0,0,0.000677966101694915,0,0,0,0,0,0,0,0,0,0,0,0.000329098927137498
cuajimalpa de morelos,lomas de san pedro,0,0,0,0,0,0,0,0,0,0,0,0,0,0,0,0,0.000181061017562919,0,0,0,0,0.000904977375565611,0,0,0,0,0,0,0,0,0,0,0.000131639570854999
cuajimalpa de morelos,lomas de vista hermosa,0,0,0,0,0,0,0,0,0,0,0,0,0,0,0,0,0,0.00073909830007391,0,0,0.000451977401129944,0.000904977375565611,0.0015600624024961,0,0,0,0,0,0,0,0,0,0.000329098927137498
cuajimalpa de morelos,lomas del chamizal,0,0,0,0,0,0,0,0,0,0,0,0,0,0,0,0,0.000181061017562919,0.00295639320029564,0,0,0.000225988700564972,0.000904977375565611,0,0,0,0,0,0,0,0,0,0,0.000460738497992497
cuajimalpa de morelos,manzanastitla,0,0,0,0,0,0,0,0,0,0,0,0,0,0,0,0,0,0,0,0,0.000225988700564972,0,0,0,0,0,0,0,0,0,0,0,6.58197854274995e-05
cuajimalpa de morelos,palo alto,0,0,0,0,0,0,0,0,0,0,0,0,0,0,0,0,0.000181061017562919,0,0,0,0,0,0,0,0,0,0,0,0,0,0,0,6.58197854274995e-05
cuajimalpa de morelos,paseo de las lomas,0,0,0,0,0,0,0,0,0,0,0,0,0,0,0,0,0,0,0,0,0.000225988700564972,0,0,0,0,0,0,0,0,0,0,0,6.58197854274995e-05
cuajimalpa de morelos,san jose de los cedros,0,0,0,0,0,0,0,0,0,0,0,0,0,0,0,0,0.00126742712294043,0.00147819660014782,0,0,0.000451977401129944,0.000904977375565611,0.0015600624024961,0,0,0,0,0,0,0,0,0,0.000855657210557494
cuajimalpa de morelos,san lorenzo acopilco,0,0,0,0,0,0,0,0,0,0,0,0,0,0,0,0,0.000362122035125837,0,0,0.0025706940874036,0,0.000904977375565611,0,0,0,0,0,0,0,0,0,0,0.000263279141709998
cuajimalpa de morelos,san pablo chimalpa,0,0,0,0,0,0,0,0,0,0,0,0,0,0,0,0,0,0,0,0,0.000225988700564972,0.00271493212669683,0.0046801872074883,0,0,0,0,0,0,0.0833333333333333,0,0,0.000526558283419996
cuajimalpa de morelos,tepetongo,0,0,0,0,0,0,0,0,0,0,0,0,0,0,0,0,0,0,0,0,0,0,0,0.00584795321637427,0,0,0,0,0,0,0,0,6.58197854274995e-05
cuajimalpa de morelos,xalpa,0,0,0,0,0,0,0,0,0,0,0,0,0,0,0,0,0,0,0,0,0.000225988700564972,0,0.0015600624024961,0,0,0,0,0,0,0,0,0,0.000131639570854999
cuajimalpa de morelos,zentlapatl,0,0,0,0,0,0,0,0,0,0,0,0,0,0,0,0,0.000543183052688756,0,0,0,0,0.000904977375565611,0,0,0,0,0,0,0,0,0,0,0.000263279141709998
cuauhtemoc,algarin,0,0,0,0,0,0,0,0,0,0,0,0,0,0,0,0,0.000543183052688756,0.00147819660014782,0,0,0.000451977401129944,0,0,0,0,0,0,0,0,0,0,0,0.000460738497992497
cuauhtemoc,atlampa,0,0,0,0,0,0,0,0,0,0,0,0,0,0,0,0,0.00199167119319211,0.00073909830007391,0,0.0025706940874036,0.0015819209039548,0.000904977375565611,0.0046801872074883,0,0,0,0,0,0,0,0,0,0.00157967485025999
cuauhtemoc,centro urbano benito juarez,0,0,0,0,0,0,0,0,0,0,0,0,0,0,0,0,0.000362122035125837,0,0,0,0.000225988700564972,0,0,0,0,0,0,0,0,0,0,0,0.000197459356282499
cuauhtemoc,ex-hipodromo de peralvillo,0,0,0,0,0,0,0,0,0,0,0,0,0,0,0,0,0.00108636610537751,0.00221729490022173,0,0,0.000451977401129944,0.000904977375565611,0.0015600624024961,0,0,0,0,0,0,0,0,0,0.000855657210557494
cuauhtemoc,hipodromo condesa,0,0,0,0,0,0,0,0,0,0,0,0,0,0,0,0,0.000362122035125837,0,0,0,0.0015819209039548,0,0,0,0,0,0,0,0,0,0,0,0.000592378068847496
cuauhtemoc,nonoalco tlatelolco,0,0,0,0,0,0,0,0,0,0,0,0,0,0,0,0,0.00398334238638421,0,0,0,0.00429378531073446,0.00361990950226244,0.0031201248049922,0,0,0,0.00521920668058455,0,0,0,0,0,0.00342262884222997
cuauhtemoc,paulino navarro,0,0,0,0,0,0,0,0,0,0,0,0,0,0,0,0,0.000362122035125837,0,0,0,0.000225988700564972,0,0.0015600624024961,0,0,0,0.00104384133611691,0,0,0,0,0,0.000329098927137498
cuauhtemoc,peralvillo,0,0,0,0,0,0,0,0,0,0,0,0,0,0,0,0,0.000724244070251675,0.00295639320029564,0.00309597523219814,0.0077120822622108,0.00180790960451977,0.00361990950226244,0.0031201248049922,0,0.00617283950617284,0,0,0,0,0,0,0,0.00177713420654249
cuauhtemoc,san rafael,0,0,0,0,0,0,0,0,0,0,0,0,0,0,0,0,0.00506970849176172,0.00073909830007391,0,0,0.00225988700564972,0.00180995475113122,0,0,0,0,0,0,0,0,0,0,0.00269861120252748
cuauhtemoc,santa maria insurgentes,0,0,0,0,0,0,0,0,0,0,0,0,0,0,0,0,0.000362122035125837,0,0,0,0.000451977401129944,0.000904977375565611,0,0,0,0,0,0,0,0,0,0,0.000329098927137498
cuauhtemoc,valle gomez,0,0,0,0,0,0,0,0,0,0,0,0,0,0,0,0,0.000181061017562919,0,0,0,0.000451977401129944,0.000904977375565611,0.0015600624024961,0.00584795321637427,0,0,0,0,0,0,0,0,0.000394918712564997
cuauhtemoc,vista alegre,0,0,0,0,0,0,0,0,0,0,0,0,0,0,0,0,0.000724244070251675,0,0,0,0.000451977401129944,0.000904977375565611,0.0015600624024961,0,0,0,0.0271398747390397,0,0,0,0,0,0.00223787270453498
gustavo a madero,15 de agosto,0,0,0,0,0,0,0,0,0,0,0,0,0,0,0,0,0.000724244070251675,0,0,0.0025706940874036,0,0,0,0,0,0,0.00626304801670146,0,0,0,0,0,0.000724017639702495
gustavo a madero,25 de julio,0,0,0,0,0,0,0,0,0,0,0,0,0,0,0,0,0,0,0,0,0.00135593220338983,0,0,0,0,0,0,0,0,0,0,0,0.000394918712564997
gustavo a madero,6 de junio,0,0,0,0,0,0,0,0,0,0,0,0,0,0,0,0,0,0,0,0,0,0.000904977375565611,0,0,0,0,0,0,0,0,0,0,6.58197854274995e-05
gustavo a madero,7 de noviembre,0,0,0,0,0,0,0,0,0,0,0,0,0,0,0,0,0.000181061017562919,0.00073909830007391,0,0,0,0,0,0,0,0,0.00104384133611691,0,0,0,0,0,0.000197459356282499
gustavo a madero,ahuehuetes,0,0,0,0,0,0,0,0,0,0,0,0,0,0,0,0,0.000181061017562919,0,0,0,0.000677966101694915,0.00180995475113122,0,0,0,0,0,0,0,0,0,0,0.000394918712564997
gustavo a madero,ampliacion benito juarez,0,0,0,0,0,0,0,0,0,0,0,0,0,0,0,0,0.000181061017562919,0,0,0,0,0,0,0,0,0,0,0,0,0,0,0,6.58197854274995e-05
gustavo a madero,ampliacion gabriel hernandez,0,0,0,0,0,0,0,0,0,0,0,0,0,0,0,0,0.000362122035125837,0.00295639320029564,0,0,0,0,0,0.00584795321637427,0,0,0,0,0,0,0,0,0.000460738497992497
gustavo a madero,ampliacion guadalupe proletaria,0,0,0,0,0,0,0,0,0,0,0,0,0,0,0,0,0.000362122035125837,0,0.00309597523219814,0.0025706940874036,0.000451977401129944,0,0,0,0,0,0,0,0,0,0,0,0.000394918712564997
gustavo a madero,ampliacion martires de rio blanco,0,0,0,0,0,0,0,0,0,0,0,0,0,0,0,0,0,0.00073909830007391,0,0,0,0,0,0,0,0,0,0,0,0,0,0,6.58197854274995e-05
gustavo a madero,ampliacion panamericana,0,0,0,0,0,0,0,0,0,0,0,0,0,0,0,0,0.000724244070251675,0,0.00309597523219814,0,0,0.000904977375565611,0.0015600624024961,0,0,0,0,0,0,0,0,0,0.000460738497992497
gustavo a madero,ampliacion providencia,0,0,0,0,0,0,0,0,0,0,0,0,0,0,0,0,0.000181061017562919,0,0,0,0.00135593220338983,0,0,0,0,0,0,0,0,0,0,0,0.000460738497992497
gustavo a madero,ampliacion san juan de aragon ctm,0,0,0,0,0,0,0,0,0,0,0,0,0,0,0,0,0.000181061017562919,0,0,0,0,0,0,0,0,0,0,0,0,0,0,0,6.58197854274995e-05
gustavo a madero,aragon fovissste,0,0,0,0,0,0,0,0,0,0,0,0,0,0,0,0,0.000362122035125837,0,0,0,0.000225988700564972,0,0,0,0,0,0,0,0,0,0,0,0.000197459356282499
gustavo a madero,aragon inguaran,0,0,0,0,0,0,0,0,0,0,0,0,0,0,0,0,0.000362122035125837,0,0,0,0.000677966101694915,0,0,0,0,0,0,0,0,0,0,0,0.000329098927137498
gustavo a madero,arboledas de cuautepec el alto,0,0,0,0,0,0,0,0,0,0,0,0,0,0,0,0,0,0.00073909830007391,0.00619195046439629,0,0.000903954802259887,0.000904977375565611,0,0,0,0,0,0,0,0,0,0,0.000526558283419996
gustavo a madero,barrio candelaria ticoman,0,0,0,0,0,0,0,0,0,0,0,0,0,0,0,0,0.000181061017562919,0,0,0,0.000451977401129944,0.000904977375565611,0.0015600624024961,0,0,0,0,0,0,0,0,0,0.000329098927137498
gustavo a madero,belisario dominguez,0,0,0,0,0,0,0,0,0,0,0,0,0,0,0,0,0,0.00073909830007391,0,0,0.000225988700564972,0,0,0,0,0,0,0,0,0,0,0,0.000131639570854999
gustavo a madero,bondojito,0,0,0,0,0,0,0,0,0,0,0,0,0,0,0,0,0.000543183052688756,0.00073909830007391,0,0.0025706940874036,0.000677966101694915,0,0.0015600624024961,0,0,0,0,0,0,0,0,0,0.000592378068847496
gustavo a madero,capultitlan,0,0,0,0,0,0,0,0,0,0,0,0,0,0,0,0,0.00108636610537751,0.00073909830007391,0,0,0.00135593220338983,0.000904977375565611,0,0,0,0,0,0,0,0,0,0,0.000921476995984993
gustavo a madero,castillo chico,0,0,0,0,0,0,0,0,0,0,0,0,0,0,0,0,0,0.00147819660014782,0,0.0025706940874036,0.000451977401129944,0,0.0015600624024961,0,0,0,0,0,0,0,0,0,0.000394918712564997
gustavo a madero,castillo grande,0,0,0,0,0,0,0,0,0,0,0,0,0,0,0,0,0,0,0,0.0025706940874036,0.000677966101694915,0,0,0,0,0,0,0,0,0,0,0,0.000263279141709998
gustavo a madero,cocoyotes,0,0,0,0,0,0,0,0,0,0,0,0,0,0,0,0,0.000181061017562919,0,0,0.0025706940874036,0,0.000904977375565611,0,0,0,0,0,0,0,0,0,0,0.000197459356282499
gustavo a madero,constitucion de la republica,0,0,0,0,0,0,0,0,0,0,0,0,0,0,0,0,0.00217273221075502,0.00147819660014782,0,0,0.000903954802259887,0.00180995475113122,0,0,0,0,0.00313152400835073,0.0169491525423729,0,0,0,0,0.00157967485025999
gustavo a madero,ctm aragon,0,0,0,0,0,0,0,0,0,0,0,0,0,0,0,0,0.000543183052688756,0,0,0,0.000225988700564972,0,0.0015600624024961,0,0,0,0,0,0,0,0,0,0.000329098927137498
gustavo a madero,ctm atzacoalco,0,0,0,0,0,0,0,0,0,0,0,0,0,0,0,0,0.000362122035125837,0.00221729490022173,0,0,0.00135593220338983,0,0,0,0,0,0,0,0,0,0,0,0.000724017639702495
gustavo a madero,ctm el risco,0,0,0,0,0,0,0,0,0,0,0,0,0,0,0,0,0,0.00073909830007391,0,0,0.000451977401129944,0,0,0,0,0,0,0,0,0,0,0,0.000197459356282499
gustavo a madero,cuautepec barrio alto,0,0,0,0,0,0,0,0,0,0,0,0,0,0,0,0,0,0.00073909830007391,0,0,0.000451977401129944,0.000904977375565611,0,0,0,0,0,0,0,0,0,0,0.000263279141709998
gustavo a madero,cuchilla la joya,0,0,0,0,0,0,0,0,0,0,0,0,0,0,0,0,0.000181061017562919,0.00073909830007391,0,0,0,0,0,0,0,0,0,0,0,0,0,0,0.000131639570854999
gustavo a madero,defensores de la republica,0,0,0,0,0,0,0,0,0,0,0,0,0,0,0,0,0.000362122035125837,0.00147819660014782,0,0,0.000903954802259887,0,0.0015600624024961,0,0,0,0,0,0,0,0,0,0.000592378068847496
gustavo a madero,del bosque,0,0,0,0,0,0,0,0,0,0,0,0,0,0,0,0,0,0,0,0,0.000225988700564972,0,0.0015600624024961,0,0,0,0,0,0,0,0,0,0.000131639570854999
gustavo a madero,del carmen,0,0,0,0,0,0,0,0,0,0,0,0,0,0,0,0,0.000181061017562919,0.00073909830007391,0,0,0.000225988700564972,0,0.0015600624024961,0,0,0,0,0,0,0,0,0,0.000263279141709998
gustavo a madero,del obrero,0,0,0,0,0,0,0,0,0,0,0,0,0,0,0,0,0.000181061017562919,0.00147819660014782,0,0,0,0.000904977375565611,0,0,0,0,0,0,0,0,0,0,0.000263279141709998
gustavo a madero,dinamita,0,0,0,0,0,0,0,0,0,0,0,0,0,0,0,0,0.000362122035125837,0,0,0,0,0,0,0,0,0,0,0,0,0,0,0,0.000131639570854999
gustavo a madero,eduardo molina ii,0,0,0,0,0,0,0,0,0,0,0,0,0,0,0,0,0,0,0,0,0.000451977401129944,0,0,0,0,0,0,0,0,0,0,0,0.000131639570854999
gustavo a madero,ejidos san juan de aragon 1a seccion,0,0,0,0,0,0,0,0,0,0,0,0,0,0,0,0,0.000181061017562919,0.00073909830007391,0,0,0.000451977401129944,0.000904977375565611,0,0,0,0,0,0,0,0,0,0,0.000329098927137498
gustavo a madero,el arbolillo,0,0,0,0,0,0,0,0,0,0,0,0,0,0,0,0,0,0.00073909830007391,0.00309597523219814,0,0.000903954802259887,0.00180995475113122,0,0,0,0,0,0,0,0,0,0,0.000526558283419996
gustavo a madero,el arbolillo ctm,0,0,0,0,0,0,0,0,0,0,0,0,0,0,0,0,0.000181061017562919,0,0,0,0,0.00180995475113122,0.0015600624024961,0,0,0,0,0,0,0,0,0,0.000263279141709998
gustavo a madero,el coyol,0,0,0,0,0,0,0,0,0,0,0,0,0,0,0,0,0,0,0,0.0025706940874036,0.000451977401129944,0,0,0,0,0,0,0,0,0,0,0,0.000197459356282499
gustavo a madero,el milagro,0,0,0,0,0,0,0,0,0,0,0,0,0,0,0,0,0,0,0,0,0,0.000904977375565611,0,0,0,0,0,0,0,0,0,0,6.58197854274995e-05
gustavo a madero,el tepetatal,0,0,0,0,0,0,0,0,0,0,0,0,0,0,0,0,0,0,0,0,0.000451977401129944,0,0,0,0,0,0,0,0,0,0,0,0.000131639570854999
gustavo a madero,emiliano zapata,0,0,0,0,0,0,0,0,0,0,0,0,0,0,0,0,0.000362122035125837,0.00073909830007391,0,0,0.000225988700564972,0.00271493212669683,0,0,0,0,0,0,0.125,0,0,0,0.000526558283419996
gustavo a madero,estanzuela,0,0,0,0,0,0,0,0,0,0,0,0,0,0,0,0,0.000181061017562919,0,0,0,0,0,0,0,0,0,0,0,0,0,0,0,6.58197854274995e-05
gustavo a madero,estrella,0,0,0,0,0,0,0,0,0,0,0,0,0,0,0,0,0.000905305087814594,0.00221729490022173,0,0.0025706940874036,0.000903954802259887,0.000904977375565611,0,0,0,0,0,0,0,0,0,0,0.000921476995984993
gustavo a madero,ex escuela de tiro,0,0,0,0,0,0,0,0,0,0,0,0,0,0,0,0,0.000362122035125837,0,0,0,0.000225988700564972,0,0,0,0,0,0,0,0,0,0,0,0.000197459356282499
gustavo a madero,faja de oro,0,0,0,0,0,0,0,0,0,0,0,0,0,0,0,0,0,0,0,0,0,0,0.0015600624024961,0,0,0,0,0,0,0,0,0,6.58197854274995e-05
gustavo a madero,fernando casas aleman,0,0,0,0,0,0,0,0,0,0,0,0,0,0,0,0,0,0,0,0,0.000225988700564972,0,0,0,0,0,0.00104384133611691,0,0,0,0,0,0.000131639570854999
gustavo a madero,ferrocarrilera,0,0,0,0,0,0,0,0,0,0,0,0,0,0,0,0,0.000362122035125837,0,0,0,0.00112994350282486,0,0,0,0,0,0,0,0,0,0,0,0.000460738497992497
gustavo a madero,forestal,0,0,0,0,0,0,0,0,0,0,0,0,0,0,0,0,0.000543183052688756,0.00147819660014782,0,0.0025706940874036,0,0.000904977375565611,0.0015600624024961,0,0,0,0,0,0,0,0,0,0.000526558283419996
gustavo a madero,forestal i,0,0,0,0,0,0,0,0,0,0,0,0,0,0,0,0,0.000362122035125837,0,0,0,0.000451977401129944,0,0,0,0,0,0,0,0,0,0,0,0.000263279141709998
gustavo a madero,gabriel hernandez,0,0,0,0,0,0,0,0,0,0,0,0,0,0,0,0,0.00108636610537751,0,0.00309597523219814,0,0.000677966101694915,0.00271493212669683,0.0015600624024961,0,0,0,0,0,0,0,0,0,0.000921476995984993
gustavo a madero,gertrudis sanchez 1a seccion,0,0,0,0,0,0,0,0,0,0,0,0,0,0,0,0,0.000181061017562919,0,0,0,0,0.000904977375565611,0.0015600624024961,0,0,0,0,0,0,0,0,0,0.000197459356282499
gustavo a madero,gertrudis sanchez 3a seccion,0,0,0,0,0,0,0,0,0,0,0,0,0,0,0,0,0.000362122035125837,0.00073909830007391,0,0,0.00203389830508475,0,0.0031201248049922,0,0,0,0,0,0,0,0,0,0.000921476995984993
gustavo a madero,granjas modernas,0,0,0,0,0,0,0,0,0,0,0,0,0,0,0,0,0.00217273221075502,0.00147819660014782,0,0,0.000903954802259887,0.00452488687782806,0,0,0,0,0.00417536534446764,0,0,0,0,0,0.00177713420654249
gustavo a madero,guadalupe proletaria,0,0,0,0,0,0,0,0,0,0,0,0,0,0,0,0,0.000543183052688756,0,0,0,0.000677966101694915,0,0,0,0.00617283950617284,0,0,0,0,0,0,0,0.000460738497992497
gustavo a madero,guadalupe victoria,0,0,0,0,0,0,0,0,0,0,0,0,0,0,0,0,0.000362122035125837,0,0.00309597523219814,0,0,0,0,0,0,0,0,0,0,0,0,0,0.000197459356282499
gustavo a madero,guadalupe victoria cuautepec,0,0,0,0,0,0,0,0,0,0,0,0,0,0,0,0,0.000362122035125837,0,0,0,0.000451977401129944,0,0,0,0,0,0,0,0,0,0,0,0.000263279141709998
gustavo a madero,heroe de nacozari,0,0,0,0,0,0,0,0,0,0,0,0,0,0,0,0,0,0,0,0,0.000225988700564972,0,0,0,0,0,0,0,0,0,0,0,6.58197854274995e-05
gustavo a madero,heroes de cerro prieto,0,0,0,0,0,0,0,0,0,0,0,0,0,0,0,0,0.000362122035125837,0,0,0,0.000225988700564972,0,0.0015600624024961,0,0,0,0,0,0,0,0,0,0.000263279141709998
gustavo a madero,heroes de chapultepec,0,0,0,0,0,0,0,0,0,0,0,0,0,0,0,0,0,0,0.00309597523219814,0,0.000225988700564972,0,0,0,0,0,0,0,0,0,0,0,0.000131639570854999
gustavo a madero,indeco,0,0,0,0,0,0,0,0,0,0,0,0,0,0,0,0,0,0,0,0,0.000225988700564972,0,0,0,0,0,0,0,0,0,0,0,6.58197854274995e-05
gustavo a madero,infonavit camino san juan de aragon,0,0,0,0,0,0,0,0,0,0,0,0,0,0,0,0,0,0,0.00309597523219814,0,0,0,0,0,0,0,0,0,0,0,0,0,6.58197854274995e-05
gustavo a madero,jose maria morelos y pavon 2,0,0,0,0,0,0,0,0,0,0,0,0,0,0,0,0,0,0,0,0,0.000225988700564972,0,0,0,0,0,0,0,0,0,0,0,6.58197854274995e-05
gustavo a madero,juan de dios batiz,0,0,0,0,0,0,0,0,0,0,0,0,0,0,0,0,0,0,0,0,0.000225988700564972,0.000904977375565611,0,0,0,0,0,0,0,0,0,0,0.000131639570854999
gustavo a madero,juan gonzalez romero,0,0,0,0,0,0,0,0,0,0,0,0,0,0,0,0,0.000362122035125837,0.00073909830007391,0,0.0051413881748072,0.00135593220338983,0,0.0015600624024961,0,0,0,0,0,0,0,0,0,0.000789837425129994
gustavo a madero,juventino rosas,0,0,0,0,0,0,0,0,0,0,0,0,0,0,0,0,0.000362122035125837,0.00073909830007391,0,0.0025706940874036,0.000225988700564972,0.000904977375565611,0,0,0,0,0,0,0,0,0,0,0.000394918712564997
gustavo a madero,la casilda,0,0,0,0,0,0,0,0,0,0,0,0,0,0,0,0,0.000181061017562919,0,0,0,0.000451977401129944,0.000904977375565611,0.0015600624024961,0,0,0,0,0,0,0,0,0,0.000329098927137498
gustavo a madero,la cruz,0,0,0,0,0,0,0,0,0,0,0,0,0,0,0,0,0.000362122035125837,0,0.00309597523219814,0,0.000451977401129944,0.000904977375565611,0,0,0,0,0.00104384133611691,0,0,0,0,0,0.000460738497992497
gustavo a madero,la escalera,0,0,0,0,0,0,0,0,0,0,0,0,0,0,0,0,0,0,0,0,0.000225988700564972,0,0,0,0,0,0,0,0,0,0,0,6.58197854274995e-05
gustavo a madero,la esmeralda,0,0,0,0,0,0,0,0,0,0,0,0,0,0,0,0,0.000181061017562919,0,0,0,0.000451977401129944,0.000904977375565611,0,0,0,0,0,0,0,0,0,0,0.000263279141709998
gustavo a madero,la forestal 2,0,0,0,0,0,0,0,0,0,0,0,0,0,0,0,0,0,0,0,0,0.000225988700564972,0,0,0,0,0,0,0,0,0,0,0,6.58197854274995e-05
gustavo a madero,la joyita,0,0,0,0,0,0,0,0,0,0,0,0,0,0,0,0,0.000181061017562919,0,0,0,0.000451977401129944,0,0,0,0,0,0,0,0,0,0,0,0.000197459356282499
gustavo a madero,la laguna ticoman,0,0,0,0,0,0,0,0,0,0,0,0,0,0,0,0,0.000362122035125837,0.00221729490022173,0,0,0.0015819209039548,0.000904977375565611,0,0,0,0,0,0,0,0,0,0,0.000855657210557494
gustavo a madero,la malinche,0,0,0,0,0,0,0,0,0,0,0,0,0,0,0,0,0.000724244070251675,0.00073909830007391,0,0,0.000225988700564972,0,0.0015600624024961,0,0,0,0.00104384133611691,0,0,0,0,0,0.000526558283419996
gustavo a madero,la pastora,0,0,0,0,0,0,0,0,0,0,0,0,0,0,0,0,0.000181061017562919,0,0,0,0.000677966101694915,0.000904977375565611,0.0062402496099844,0,0,0,0,0,0,0,0,0,0.000592378068847496
gustavo a madero,la pradera,0,0,0,0,0,0,0,0,0,0,0,0,0,0,0,0,0.00108636610537751,0.00147819660014782,0,0,0.000903954802259887,0.00271493212669683,0.0015600624024961,0.0116959064327485,0,0,0,0,0,0,0,0,0.00118475613769499
gustavo a madero,la pradera i,0,0,0,0,0,0,0,0,0,0,0,0,0,0,0,0,0.000181061017562919,0,0,0,0,0,0.0015600624024961,0,0,0,0,0,0,0,0,0,0.000131639570854999
gustavo a madero,li legislatura,0,0,0,0,0,0,0,0,0,0,0,0,0,0,0,0,0,0,0,0,0.000225988700564972,0,0,0,0,0,0,0,0,0,0,0,6.58197854274995e-05
gustavo a madero,lomas de cuautepec,0,0,0,0,0,0,0,0,0,0,0,0,0,0,0,0,0.000543183052688756,0.00073909830007391,0,0,0.000677966101694915,0.000904977375565611,0,0,0,0,0,0,0,0,0,0,0.000526558283419996
gustavo a madero,lomas de san juan ixhuatepec 2a seccion,0,0,0,0,0,0,0,0,0,0,0,0,0,0,0,0,0,0,0,0,0,0,0.0015600624024961,0,0,0,0,0,0,0,0,0,6.58197854274995e-05
gustavo a madero,luis donaldo colosio,0,0,0,0,0,0,0,0,0,0,0,0,0,0,0,0,0,0,0.00309597523219814,0,0,0,0,0,0,0,0,0,0,0,0,0,6.58197854274995e-05
gustavo a madero,malacates,0,0,0,0,0,0,0,0,0,0,0,0,0,0,0,0,0.000362122035125837,0,0,0.0051413881748072,0.000225988700564972,0,0,0,0,0,0,0,0,0,0,0,0.000329098927137498
gustavo a madero,malvinas mexicanas,0,0,0,0,0,0,0,0,0,0,0,0,0,0,0,0,0.000181061017562919,0,0,0,0,0,0.0015600624024961,0,0,0,0,0,0,0,0,0,0.000131639570854999
gustavo a madero,martin carrera,0,0,0,0,0,0,0,0,0,0,0,0,0,0,0,0,0.00144848814050335,0.00221729490022173,0,0.0025706940874036,0.000903954802259887,0.00271493212669683,0.0046801872074883,0.0116959064327485,0.00617283950617284,0,0.00104384133611691,0,0,0,0,0,0.00171131442111499
gustavo a madero,martires de rio blanco,0,0,0,0,0,0,0,0,0,0,0,0,0,0,0,0,0.000362122035125837,0.00221729490022173,0,0,0.000451977401129944,0,0,0,0,0,0,0,0,0,0,0,0.000460738497992497
gustavo a madero,maximino avila camacho,0,0,0,0,0,0,0,0,0,0,0,0,0,0,0,0,0,0,0,0,0.000451977401129944,0,0,0,0,0,0,0,0,0,0,0,0.000131639570854999
gustavo a madero,narciso bassols,0,0,0,0,0,0,0,0,0,0,0,0,0,0,0,0,0,0,0,0,0.000225988700564972,0.000904977375565611,0.0015600624024961,0,0,0,0,0,0,0,0,0,0.000197459356282499
gustavo a madero,nueva tenochtitlan,0,0,0,0,0,0,0,0,0,0,0,0,0,0,0,0,0.000181061017562919,0.00073909830007391,0,0.0025706940874036,0.000451977401129944,0,0.0031201248049922,0,0,0,0,0,0,0,0,0,0.000460738497992497
gustavo a madero,parque metropolitano,0,0,0,0,0,0,0,0,0,0,0,0,0,0,0,0,0,0,0,0,0.000225988700564972,0,0.0015600624024961,0,0,0,0,0,0,0,0,0,0.000131639570854999
gustavo a madero,planetario lindavista,0,0,0,0,0,0,0,0,0,0,0,0,0,0,0,0,0.000181061017562919,0,0,0,0.000225988700564972,0,0,0,0,0,0,0,0,0,0,0,0.000131639570854999
gustavo a madero,plaza oriente,0,0,0,0,0,0,0,0,0,0,0,0,0,0,0,0,0,0,0,0,0.000225988700564972,0,0,0,0,0,0,0,0,0,0,0,6.58197854274995e-05
gustavo a madero,progreso nacional,0,0,0,0,0,0,0,0,0,0,0,0,0,0,0,0,0.000905305087814594,0.00147819660014782,0,0.0025706940874036,0.00112994350282486,0,0,0,0,0,0,0.0169491525423729,0,0,0,0,0.000921476995984993
gustavo a madero,providencia,0,0,0,0,0,0,0,0,0,0,0,0,0,0,0,0,0.00144848814050335,0.00295639320029564,0,0,0.0015819209039548,0.000904977375565611,0,0,0,0,0,0.0169491525423729,0,0,0,0,0.00138221549397749
gustavo a madero,residencial la escalera,0,0,0,0,0,0,0,0,0,0,0,0,0,0,0,0,0.000724244070251675,0,0.00309597523219814,0,0.000677966101694915,0.000904977375565611,0,0,0,0,0,0,0,0,0,0,0.000592378068847496
gustavo a madero,san jose de la escalera,0,0,0,0,0,0,0,0,0,0,0,0,0,0,0,0,0.000181061017562919,0,0,0,0.00180790960451977,0,0.0015600624024961,0,0,0,0,0,0,0,0,0,0.000658197854274995
gustavo a madero,san jose ticoman,0,0,0,0,0,0,0,0,0,0,0,0,0,0,0,0,0.000362122035125837,0,0,0,0.000451977401129944,0,0.0015600624024961,0,0,0,0,0,0,0,0,0,0.000329098927137498
gustavo a madero,san juan de aragon iv seccion,0,0,0,0,0,0,0,0,0,0,0,0,0,0,0,0,0.00199167119319211,0.00073909830007391,0,0,0.000903954802259887,0,0,0.00584795321637427,0,0,0.00730688935281837,0,0,0,0,0,0.00157967485025999
gustavo a madero,san juan de aragon v seccion,0,0,0,0,0,0,0,0,0,0,0,0,0,0,0,0,0.000181061017562919,0,0,0,0,0.000904977375565611,0,0,0,0,0,0,0,0,0,0,0.000131639570854999
gustavo a madero,san juan de aragon vi seccion,0,0,0,0,0,0,0,0,0,0,0,0,0,0,0,0,0.00144848814050335,0.00295639320029564,0,0.0025706940874036,0.00225988700564972,0.000904977375565611,0,0,0,0,0,0,0,0,0,0,0.00157967485025999
gustavo a madero,san juan y guadalupe ticoman,0,0,0,0,0,0,0,0,0,0,0,0,0,0,0,0,0.000181061017562919,0,0.00309597523219814,0,0.00112994350282486,0.00180995475113122,0.0031201248049922,0,0,0,0,0,0,0,0,0,0.000724017639702495
gustavo a madero,san pedro el chico,0,0,0,0,0,0,0,0,0,0,0,0,0,0,0,0,0.000543183052688756,0,0,0,0.00293785310734463,0,0,0,0,0,0.00104384133611691,0,0,0,0,0,0.00111893635226749
gustavo a madero,san rafael ticoman,0,0,0,0,0,0,0,0,0,0,0,0,0,0,0,0,0,0,0,0,0.000677966101694915,0,0,0,0,0,0,0,0,0,0,0,0.000197459356282499
gustavo a madero,santiago atepetlac,0,0,0,0,0,0,0,0,0,0,0,0,0,0,0,0,0,0,0,0.0025706940874036,0.000677966101694915,0.000904977375565611,0,0,0,0.015625,0,0,0,0,0,0,0.000394918712564997
gustavo a madero,siete maravillas,0,0,0,0,0,0,0,0,0,0,0,0,0,0,0,0,0.000181061017562919,0,0,0,0.000225988700564972,0,0,0,0,0,0,0,0,0,0,0,0.000131639570854999
gustavo a madero,solidaridad nacional,0,0,0,0,0,0,0,0,0,0,0,0,0,0,0,0,0.000362122035125837,0.00073909830007391,0,0,0.000677966101694915,0.000904977375565611,0.0015600624024961,0,0,0,0,0,0,0,0,0,0.000526558283419996
gustavo a madero,tablas de san agustin,0,0,0,0,0,0,0,0,0,0,0,0,0,0,0,0,0.000543183052688756,0.00221729490022173,0,0,0.00112994350282486,0.000904977375565611,0.0015600624024961,0,0,0,0.00104384133611691,0,0,0,0,0,0.000921476995984993
gustavo a madero,tlacamaca,0,0,0,0,0,0,0,0,0,0,0,0,0,0,0,0,0.000181061017562919,0,0,0,0.000677966101694915,0,0,0,0,0,0,0,0,0,0,0,0.000263279141709998
gustavo a madero,tlalpexco,0,0,0,0,0,0,0,0,0,0,0,0,0,0,0,0,0.000181061017562919,0,0,0,0.000451977401129944,0.00180995475113122,0.0031201248049922,0,0,0,0,0,0,0,0,0,0.000460738497992497
gustavo a madero,torres de san juan,0,0,0,0,0,0,0,0,0,0,0,0,0,0,0,0,0,0,0,0,0.000225988700564972,0,0,0,0,0,0,0,0,0,0,0,6.58197854274995e-05
gustavo a madero,torres lindavista,0,0,0,0,0,0,0,0,0,0,0,0,0,0,0,0,0,0.00147819660014782,0,0.0025706940874036,0,0,0,0,0,0,0,0,0,0,0,0,0.000197459356282499
gustavo a madero,tres estrellas,0,0,0,0,0,0,0,0,0,0,0,0,0,0,0,0,0.000362122035125837,0.00073909830007391,0,0,0.000451977401129944,0,0,0,0,0,0,0,0,0,0,0,0.000329098927137498
gustavo a madero,triunfo de la republica,0,0,0,0,0,0,0,0,0,0,0,0,0,0,0,0,0.000181061017562919,0,0,0,0,0,0,0,0,0,0,0,0,0,0,0,6.58197854274995e-05
gustavo a madero,unidad profesional adolfo lopez mateos,0,0,0,0,0,0,0,0,0,0,0,0,0,0,0,0,0.000181061017562919,0,0,0,0.0015819209039548,0,0,0,0,0,0,0.0169491525423729,0,0,0,0,0.000592378068847496
gustavo a madero,valle de madero,0,0,0,0,0,0,0,0,0,0,0,0,0,0,0,0,0.000181061017562919,0,0,0,0.000225988700564972,0.00180995475113122,0.0015600624024961,0,0,0,0,0,0,0,0,0,0.000329098927137498
gustavo a madero,valle del tepeyac,0,0,0,0,0,0,0,0,0,0,0,0,0,0,0,0,0,0.00073909830007391,0,0,0.000225988700564972,0,0,0,0,0,0,0,0,0,0,0,0.000131639570854999
gustavo a madero,vallejo,0,0,0,0,0,0,0,0,0,0,0,0,0,0,0,0,0.00162954915806627,0.00369549150036955,0.00619195046439629,0,0.000903954802259887,0.00271493212669683,0.0031201248049922,0,0,0,0.00417536534446764,0,0.125,0,0,0,0.00197459356282499
gustavo a madero,vallejo poniente,0,0,0,0,0,0,0,0,0,0,0,0,0,0,0,0,0.000905305087814594,0,0,0,0.000451977401129944,0,0,0.00584795321637427,0,0,0.00417536534446764,0,0,0,0,0,0.000789837425129994
gustavo a madero,vasco de quiroga,0,0,0,0,0,0,0,0,0,0,0,0,0,0,0,0,0.000905305087814594,0,0.00309597523219814,0.0025706940874036,0.000903954802259887,0,0,0,0,0,0,0,0,0,0,0,0.000724017639702495
gustavo a madero,villa de aragon,0,0,0,0,0,0,0,0,0,0,0,0,0,0,0,0,0.000543183052688756,0,0,0,0.000225988700564972,0,0,0,0,0,0,0,0,0,0,0,0.000263279141709998
gustavo a madero,villa hermosa,0,0,0,0,0,0,0,0,0,0,0,0,0,0,0,0,0.000181061017562919,0,0,0,0.000225988700564972,0.000904977375565611,0,0,0,0,0,0,0,0,0,0,0.000197459356282499
gustavo a madero,zona escolar,0,0,0,0,0,0,0,0,0,0,0,0,0,0,0,0,0.000543183052688756,0.00443458980044346,0,0,0.00135593220338983,0.000904977375565611,0,0,0,0,0,0,0,0.0833333333333333,0,0,0.00111893635226749
iztacalco,ampliacion gabriel ramos millan,0,0,0,0,0,0,0,0,0,0,0,0,0,0,0,0,0.00325909831613254,0,0,0.0051413881748072,0.0015819209039548,0,0.0031201248049922,0.00584795321637427,0,0,0,0,0,0,0,0,0.00197459356282499
iztacalco,carlos zapata vela,0,0,0,0,0,0,0,0,0,0,0,0,0,0,0,0,0.00199167119319211,0.00147819660014782,0,0,0.00112994350282486,0.00180995475113122,0,0.00584795321637427,0,0,0,0,0,0,0,0,0.00138221549397749
iztacalco,cuchilla agricola oriental,0,0,0,0,0,0,0,0,0,0,0,0,0,0,0,0,0.000181061017562919,0.00147819660014782,0,0,0.000451977401129944,0,0,0,0,0,0.00104384133611691,0,0,0,0,0,0.000394918712564997
iztacalco,el rodeo,0,0,0,0,0,0,0,0,0,0,0,0,0,0,0,0,0.000543183052688756,0.00147819660014782,0,0.0025706940874036,0.000451977401129944,0,0,0,0,0,0,0,0,0,0,0,0.000526558283419996
iztacalco,ex-ejido de la magdalena mixiuhca,0,0,0,0,0,0,0,0,0,0,0,0,0,0,0,0,0.000724244070251675,0,0,0,0.000225988700564972,0,0,0,0,0,0,0,0,0,0,0,0.000329098927137498
iztacalco,fraccionamiento coyuya,0,0,0,0,0,0,0,0,0,0,0,0,0,0,0,0,0.000724244070251675,0,0,0,0,0,0,0,0,0,0.00521920668058455,0,0,0,0,0,0.000592378068847496
iztacalco,gabriel ramos millan,0,0,0,0,0,0,0,0,0,0,0,0,0,0,0,0,0.000181061017562919,0,0,0,0.00112994350282486,0,0,0,0,0,0,0,0,0,0,0,0.000394918712564997
iztacalco,gabriel ramos millan seccion tlacotal,0,0,0,0,0,0,0,0,0,0,0,0,0,0,0,0,0.00108636610537751,0.00073909830007391,0.00309597523219814,0,0.00135593220338983,0,0.0031201248049922,0,0,0,0,0,0,0,0,0,0.00105311656683999
iztacalco,infonavit iztacalco,0,0,0,0,0,0,0,0,0,0,0,0,0,0,0,0,0.00199167119319211,0.00147819660014782,0,0.0077120822622108,0.00293785310734463,0.00271493212669683,0.0015600624024961,0.00584795321637427,0.00617283950617284,0,0.00104384133611691,0,0,0,0,0,0.00236951227538998
iztacalco,inpi picos,0,0,0,0,0,0,0,0,0,0,0,0,0,0,0,0,0,0,0,0,0.000225988700564972,0,0,0,0,0,0,0,0,0,0,0,6.58197854274995e-05
iztacalco,jardines tecma,0,0,0,0,0,0,0,0,0,0,0,0,0,0,0,0,0,0,0,0,0,0,0,0,0.00617283950617284,0,0,0,0,0,0,0,6.58197854274995e-05
iztacalco,la asuncion,0,0,0,0,0,0,0,0,0,0,0,0,0,0,0,0,0,0.00147819660014782,0,0,0.000225988700564972,0,0,0,0,0,0,0,0,0,0,0,0.000197459356282499
iztacalco,la cruz coyuya,0,0,0,0,0,0,0,0,0,0,0,0,0,0,0,0,0.000181061017562919,0.00073909830007391,0.00309597523219814,0,0.000903954802259887,0,0.0015600624024961,0,0,0,0,0,0,0,0,0,0.000526558283419996
iztacalco,los picos de iztacalco seccion 1b,0,0,0,0,0,0,0,0,0,0,0,0,0,0,0,0,0.000181061017562919,0,0,0,0.000225988700564972,0,0.0015600624024961,0,0,0,0.00208768267223382,0,0,0,0,0,0.000329098927137498
iztacalco,martires de tlatelolco,0,0,0,0,0,0,0,0,0,0,0,0,0,0,0,0,0.000181061017562919,0,0,0,0,0,0,0,0,0,0,0,0,0,0,0,6.58197854274995e-05
iztacalco,moderna,0,0,0,0,0,0,0,0,0,0,0,0,0,0,0,0,0.000181061017562919,0,0,0,0,0,0,0,0,0,0,0,0,0,0,0,6.58197854274995e-05
iztacalco,mosco chinampa,0,0,0,0,0,0,0,0,0,0,0,0,0,0,0,0,0.000181061017562919,0,0,0,0.000225988700564972,0,0.0015600624024961,0,0,0,0,0,0,0,0,0,0.000197459356282499
iztacalco,nueva santa anita,0,0,0,0,0,0,0,0,0,0,0,0,0,0,0,0,0,0,0,0,0.000903954802259887,0.000904977375565611,0,0,0,0,0,0,0,0,0,0,0.000329098927137498
iztacalco,reforma iztaccihuatl sur,0,0,0,0,0,0,0,0,0,0,0,0,0,0,0,0,0,0,0,0,0.000225988700564972,0,0,0,0,0,0,0,0,0,0,0,6.58197854274995e-05
iztacalco,san francisco xicaltongo,0,0,0,0,0,0,0,0,0,0,0,0,0,0,0,0,0,0,0,0,0,0.000904977375565611,0,0,0,0,0,0,0,0,0,0,6.58197854274995e-05
iztacalco,san miguel,0,0,0,0,0,0,0,0,0,0,0,0,0,0,0,0,0.000362122035125837,0.00147819660014782,0,0.0025706940874036,0.000451977401129944,0.00180995475113122,0.0015600624024961,0.00584795321637427,0,0,0.00104384133611691,0,0,0,0,0,0.000789837425129994
iztacalco,santa anita,0,0,0,0,0,0,0,0,0,0,0,0,0,0,0,0,0.000724244070251675,0.00147819660014782,0,0,0.00112994350282486,0.00361990950226244,0,0,0,0,0.00521920668058455,0,0,0,0,0,0.00131639570854999
iztacalco,santa cruz,0,0,0,0,0,0,0,0,0,0,0,0,0,0,0,0,0,0,0,0,0.000225988700564972,0,0,0,0,0,0,0,0,0,0,0,6.58197854274995e-05
iztacalco,santiago sur,0,0,0,0,0,0,0,0,0,0,0,0,0,0,0,0,0.000362122035125837,0,0,0.0025706940874036,0.000225988700564972,0.000904977375565611,0,0.0116959064327485,0,0,0,0,0,0,0,0,0.000460738497992497
iztacalco,tlazintla,0,0,0,0,0,0,0,0,0,0,0,0,0,0,0,0,0.000543183052688756,0,0,0,0.000451977401129944,0,0,0.00584795321637427,0,0,0,0,0,0,0,0,0.000394918712564997
iztacalco,zapotla,0,0,0,0,0,0,0,0,0,0,0,0,0,0,0,0,0.000362122035125837,0.00073909830007391,0,0,0.00135593220338983,0.00180995475113122,0,0,0,0,0,0,0,0,0,0,0.000724017639702495
iztapalapa,12 de diciembre,0,0,0,0,0,0,0,0,0,0,0,0,0,0,0,0,0.000181061017562919,0,0,0,0.000225988700564972,0.00271493212669683,0.0015600624024961,0,0,0,0,0,0,0,0,0,0.000394918712564997
iztapalapa,1ra ampliacion santiago acahualtepec,0,0,0,0,0,0,0,0,0,0,0,0,0,0,0,0,0.00126742712294043,0,0.00309597523219814,0,0.000903954802259887,0,0.0015600624024961,0,0,0,0,0,0,0,0,0,0.000855657210557494
iztapalapa,2a ampliacion santiago acahualtepec,0,0,0,0,0,0,0,0,0,0,0,0,0,0,0,0,0.00253485424588086,0.00147819660014782,0.00309597523219814,0.0025706940874036,0.0015819209039548,0.000904977375565611,0.0015600624024961,0,0,0,0,0,0,0,0,0,0.00177713420654249
iztapalapa,2da ampliacion barrio san miguel (san felipe terre,0,0,0,0,0,0,0,0,0,0,0,0,0,0,0,0,0,0,0,0.0025706940874036,0,0.000904977375565611,0,0,0,0,0.00104384133611691,0,0,0,0,0,0.000197459356282499
iztapalapa,2da ampliacion paraje san juan,0,0,0,0,0,0,0,0,0,0,0,0,0,0,0,0,0.000362122035125837,0,0.00309597523219814,0,0,0.000904977375565611,0,0,0,0,0,0,0,0.0833333333333333,0,0,0.000329098927137498
iztapalapa,ampliacion el santuario,0,0,0,0,0,0,0,0,0,0,0,0,0,0,0,0,0.000181061017562919,0,0,0,0.000225988700564972,0,0,0,0,0,0,0,0,0,0,0,0.000131639570854999
iztapalapa,ampliacion emiliano zapata,0,0,0,0,0,0,0,0,0,0,0,0,0,0,0,0,0.000724244070251675,0.00073909830007391,0,0.0051413881748072,0.000225988700564972,0.000904977375565611,0,0.0116959064327485,0,0,0,0,0,0,0,0,0.000724017639702495
iztapalapa,ampliacion ricardo flores magon,0,0,0,0,0,0,0,0,0,0,0,0,0,0,0,0,0.000181061017562919,0.00073909830007391,0,0,0.000677966101694915,0,0.0015600624024961,0,0,0,0.00208768267223382,0,0,0,0,0,0.000526558283419996
iztapalapa,ampliacion san miguel,0,0,0,0,0,0,0,0,0,0,0,0,0,0,0,0,0.000181061017562919,0,0,0,0.000225988700564972,0,0,0,0,0,0,0,0,0,0,0,0.000131639570854999
iztapalapa,ampliacion san miguel 8va,0,0,0,0,0,0,0,0,0,0,0,0,0,0,0,0,0.00126742712294043,0.00073909830007391,0,0.0025706940874036,0.000451977401129944,0.00271493212669683,0,0,0,0,0,0,0,0,0,0,0.000921476995984993
iztapalapa,ampliacion sinatel,0,0,0,0,0,0,0,0,0,0,0,0,0,0,0,0,0.000181061017562919,0.00073909830007391,0,0,0,0,0,0,0,0,0,0,0,0,0,0,0.000131639570854999
iztapalapa,ampliacion veracruzana,0,0,0,0,0,0,0,0,0,0,0,0,0,0,0,0,0,0,0,0,0.000225988700564972,0,0,0,0,0,0,0,0,0,0,0,6.58197854274995e-05
iztapalapa,area federal complejo de telefonia (contel sct),0,0,0,0,0,0,0,0,0,0,0,0,0,0,0,0,0.000181061017562919,0,0,0,0.000225988700564972,0,0,0,0,0,0,0,0,0,0,0,0.000131639570854999
iztapalapa,area federal panteon civil san nicolas tolentino,0,0,0,0,0,0,0,0,0,0,0,0,0,0,0,0,0,0,0,0,0.000225988700564972,0,0,0,0,0,0,0,0,0,0,0,6.58197854274995e-05
iztapalapa,area federal parque cuitlahuac,0,0,0,0,0,0,0,0,0,0,0,0,0,0,0,0,0.000362122035125837,0,0,0,0,0,0,0,0,0,0,0,0,0,0,0,0.000131639570854999
iztapalapa,area federal parque ecologico el salado,0,0,0,0,0,0,0,0,0,0,0,0,0,0,0,0,0.000362122035125837,0.00073909830007391,0,0,0.000677966101694915,0,0,0,0.00617283950617284,0,0,0.0169491525423729,0,0,0,0,0.000526558283419996
iztapalapa,banjidal,0,0,0,0,0,0,0,0,0,0,0,0,0,0,0,0,0,0,0,0,0.000677966101694915,0.000904977375565611,0,0,0,0,0,0,0,0,0,0,0.000263279141709998
iztapalapa,barrio tula,0,0,0,0,0,0,0,0,0,0,0,0,0,0,0,0,0.000181061017562919,0,0,0,0.000225988700564972,0.000904977375565611,0,0,0,0,0,0,0,0,0,0,0.000197459356282499
iztapalapa,bellavista,0,0,0,0,0,0,0,0,0,0,0,0,0,0,0,0,0.000181061017562919,0,0,0,0.000225988700564972,0.000904977375565611,0,0.00584795321637427,0,0,0,0,0,0,0,0,0.000263279141709998
iztapalapa,benito juarez,0,0,0,0,0,0,0,0,0,0,0,0,0,0,0,0,0,0,0,0,0,0,0.0015600624024961,0,0,0,0,0,0,0,0,0,6.58197854274995e-05
iztapalapa,benito juarez i,0,0,0,0,0,0,0,0,0,0,0,0,0,0,0,0,0.000181061017562919,0,0,0,0,0,0,0,0,0,0.00208768267223382,0,0,0,0,0,0.000197459356282499
iztapalapa,cabeza de juarez i,0,0,0,0,0,0,0,0,0,0,0,0,0,0,0,0,0.000181061017562919,0,0,0,0,0,0,0,0,0,0,0,0,0,0,0,6.58197854274995e-05
iztapalapa,cabeza de juarez ii,0,0,0,0,0,0,0,0,0,0,0,0,0,0,0,0,0,0,0,0,0,0,0.0015600624024961,0,0,0,0,0,0,0,0,0,6.58197854274995e-05
iztapalapa,cabeza de juarez iii,0,0,0,0,0,0,0,0,0,0,0,0,0,0,0,0,0.000543183052688756,0,0,0,0,0.000904977375565611,0.0031201248049922,0,0,0,0,0,0,0,0,0,0.000394918712564997
iztapalapa,cabeza de juarez ix,0,0,0,0,0,0,0,0,0,0,0,0,0,0,0,0,0.000362122035125837,0.00073909830007391,0,0,0.000225988700564972,0,0.0015600624024961,0,0,0,0,0,0,0,0,0,0.000329098927137498
iztapalapa,cabeza de juarez seccion vi,0,0,0,0,0,0,0,0,0,0,0,0,0,0,0,0,0.000181061017562919,0,0,0,0.000225988700564972,0,0,0,0,0,0,0,0,0,0,0,0.000131639570854999
iztapalapa,cabeza de juarez vii,0,0,0,0,0,0,0,0,0,0,0,0,0,0,0,0,0.000181061017562919,0,0.00309597523219814,0,0,0.000904977375565611,0,0,0,0,0,0,0,0,0,0,0.000197459356282499
iztapalapa,cabeza de juarez viii,0,0,0,0,0,0,0,0,0,0,0,0,0,0,0,0,0,0,0,0,0.000225988700564972,0,0.0031201248049922,0,0,0.015625,0,0,0,0,0,0,0.000263279141709998
iztapalapa,cabeza de juarez x,0,0,0,0,0,0,0,0,0,0,0,0,0,0,0,0,0.000181061017562919,0,0,0,0.000225988700564972,0.00180995475113122,0,0,0,0,0,0,0,0,0,0,0.000263279141709998
iztapalapa,cacama,0,0,0,0,0,0,0,0,0,0,0,0,0,0,0,0,0.000181061017562919,0.00073909830007391,0.00309597523219814,0,0.000451977401129944,0.00180995475113122,0,0,0,0,0,0,0,0,0,0,0.000460738497992497
iztapalapa,casa blanca,0,0,0,0,0,0,0,0,0,0,0,0,0,0,0,0,0.00126742712294043,0,0.00619195046439629,0.0025706940874036,0,0,0,0,0,0,0,0,0,0,0,0,0.000658197854274995
iztapalapa,cerro de la estrella,0,0,0,0,0,0,0,0,0,0,0,0,0,0,0,0,0.00199167119319211,0.00295639320029564,0,0,0.00225988700564972,0.00361990950226244,0.0046801872074883,0,0,0,0,0,0,0,0,0,0.00210623313367998
iztapalapa,citlalli,0,0,0,0,0,0,0,0,0,0,0,0,0,0,0,0,0.00108636610537751,0.00073909830007391,0.00309597523219814,0,0.000451977401129944,0.000904977375565611,0,0,0,0,0,0,0,0,0,0,0.000724017639702495
iztapalapa,colonial iztapalapa,0,0,0,0,0,0,0,0,0,0,0,0,0,0,0,0,0,0,0,0,0,0,0,0,0.00617283950617284,0,0,0,0,0,0,0,6.58197854274995e-05
iztapalapa,constitucion de 1917,0,0,0,0,0,0,0,0,0,0,0,0,0,0,0,0,0.00217273221075502,0.00221729490022173,0,0,0.00338983050847458,0.000904977375565611,0,0,0.0123456790123457,0,0.00417536534446764,0,0,0,0,0,0.00243533206081748
iztapalapa,cooperativa biatlon,0,0,0,0,0,0,0,0,0,0,0,0,0,0,0,0,0.000362122035125837,0,0,0,0,0,0,0,0,0,0,0,0,0,0,0,0.000131639570854999
iztapalapa,cuchilla del moral 1,0,0,0,0,0,0,0,0,0,0,0,0,0,0,0,0,0.000181061017562919,0,0,0,0.000225988700564972,0,0,0,0,0,0,0,0,0,0,0,0.000131639570854999
iztapalapa,cuitlahuac,0,0,0,0,0,0,0,0,0,0,0,0,0,0,0,0,0.000181061017562919,0,0,0,0,0,0,0,0,0,0,0,0,0,0,0,6.58197854274995e-05
iztapalapa,dr alfonso ortiz tirado,0,0,0,0,0,0,0,0,0,0,0,0,0,0,0,0,0.000181061017562919,0,0,0,0.00203389830508475,0,0,0,0,0,0,0,0,0,0,0,0.000658197854274995
iztapalapa,ejercito de oriente 2,0,0,0,0,0,0,0,0,0,0,0,0,0,0,0,0,0.00199167119319211,0,0.00309597523219814,0,0.000451977401129944,0.00180995475113122,0,0,0.0185185185185185,0,0.00730688935281837,0,0,0,0,0,0.00171131442111499
iztapalapa,ejercito de oriente zona penon,0,0,0,0,0,0,0,0,0,0,0,0,0,0,0,0,0.00543183052688756,0.00073909830007391,0.0154798761609907,0.0102827763496144,0.000225988700564972,0.000904977375565611,0.0062402496099844,0,0,0,0,0,0,0,0,0,0.00302771012966498
iztapalapa,el chamizal (la magueyera el retiro),0,0,0,0,0,0,0,0,0,0,0,0,0,0,0,0,0,0,0,0,0.000225988700564972,0,0,0,0,0,0,0,0,0,0,0,6.58197854274995e-05
iztapalapa,el eden,0,0,0,0,0,0,0,0,0,0,0,0,0,0,0,0,0,0,0,0,0,0.000904977375565611,0,0,0,0,0,0,0,0,0,0,6.58197854274995e-05
iztapalapa,el manto,0,0,0,0,0,0,0,0,0,0,0,0,0,0,0,0,0.000724244070251675,0,0,0,0.000225988700564972,0.000904977375565611,0.0031201248049922,0,0.00617283950617284,0,0.00104384133611691,0,0,0,0,0,0.000658197854274995
iztapalapa,el mirador,0,0,0,0,0,0,0,0,0,0,0,0,0,0,0,0,0,0,0,0,0.000225988700564972,0,0,0,0,0,0,0,0,0,0,0,6.58197854274995e-05
iztapalapa,el molino tezonco,0,0,0,0,0,0,0,0,0,0,0,0,0,0,0,0,0.000724244070251675,0,0.00309597523219814,0,0.000677966101694915,0,0.0015600624024961,0,0,0,0,0,0,0,0,0,0.000592378068847496
iztapalapa,el prado,0,0,0,0,0,0,0,0,0,0,0,0,0,0,0,0,0.000181061017562919,0,0,0,0.000451977401129944,0,0,0,0,0,0.00104384133611691,0,0,0,0,0,0.000263279141709998
iztapalapa,el retono,0,0,0,0,0,0,0,0,0,0,0,0,0,0,0,0,0.00126742712294043,0.00147819660014782,0,0,0.000677966101694915,0.00271493212669683,0,0,0,0,0,0,0,0,0,0,0.000987296781412493
iztapalapa,el rodeo,0,0,0,0,0,0,0,0,0,0,0,0,0,0,0,0,0.00108636610537751,0,0,0,0.000677966101694915,0,0,0,0,0,0,0,0,0,0,0,0.000592378068847496
iztapalapa,el sifon,0,0,0,0,0,0,0,0,0,0,0,0,0,0,0,0,0.000362122035125837,0,0,0,0.00135593220338983,0,0,0.00584795321637427,0,0,0,0,0,0,0,0,0.000592378068847496
iztapalapa,el triangulo,0,0,0,0,0,0,0,0,0,0,0,0,0,0,0,0,0.000362122035125837,0,0,0,0.000225988700564972,0,0.0015600624024961,0,0,0,0,0,0,0,0,0,0.000263279141709998
iztapalapa,el vergel,0,0,0,0,0,0,0,0,0,0,0,0,0,0,0,0,0.00181061017562919,0.00073909830007391,0.00309597523219814,0,0.00112994350282486,0.000904977375565611,0,0,0,0,0,0.0169491525423729,0,0,0,0,0.00125057592312249
iztapalapa,ermita zaragoza,0,0,0,0,0,0,0,0,0,0,0,0,0,0,0,0,0.00398334238638421,0,0.00309597523219814,0.012853470437018,0.00180790960451977,0.00180995475113122,0.0031201248049922,0.00584795321637427,0.00617283950617284,0.015625,0.00417536534446764,0,0,0,0,0,0.00309352991509248
iztapalapa,estado de anahuac,0,0,0,0,0,0,0,0,0,0,0,0,0,0,0,0,0.000181061017562919,0,0,0,0.000451977401129944,0,0,0,0,0,0,0,0,0,0,0,0.000197459356282499
iztapalapa,estado de veracruz,0,0,0,0,0,0,0,0,0,0,0,0,0,0,0,0,0,0,0,0,0,0.000904977375565611,0,0,0,0,0,0,0,0,0,0,6.58197854274995e-05
iztapalapa,estrella culhuacan,0,0,0,0,0,0,0,0,0,0,0,0,0,0,0,0,0,0,0,0,0.000677966101694915,0,0,0,0,0,0,0,0,0,0,0,0.000197459356282499
iztapalapa,granjas esmeralda,0,0,0,0,0,0,0,0,0,0,0,0,0,0,0,0,0.000181061017562919,0,0,0,0.000451977401129944,0,0,0,0,0,0,0,0,0,0,0,0.000197459356282499
iztapalapa,granjas estrella,0,0,0,0,0,0,0,0,0,0,0,0,0,0,0,0,0.000905305087814594,0.00073909830007391,0,0,0.000225988700564972,0.000904977375565611,0.0015600624024961,0,0,0,0.00104384133611691,0,0,0,0,0,0.000658197854274995
iztapalapa,guadalupe,0,0,0,0,0,0,0,0,0,0,0,0,0,0,0,0,0.000362122035125837,0,0,0,0.000451977401129944,0.000904977375565611,0.0015600624024961,0,0,0.015625,0,0,0,0,0,0,0.000460738497992497
iztapalapa,ignacio zaragoza,0,0,0,0,0,0,0,0,0,0,0,0,0,0,0,0,0.000362122035125837,0,0,0,0.000225988700564972,0.000904977375565611,0,0,0,0,0,0,0,0,0,0,0.000263279141709998
iztapalapa,infonavit iztacalco,0,0,0,0,0,0,0,0,0,0,0,0,0,0,0,0,0,0,0,0,0.000225988700564972,0,0,0,0,0,0,0,0,0,0,0,6.58197854274995e-05
iztapalapa,insurgentes,0,0,0,0,0,0,0,0,0,0,0,0,0,0,0,0,0.000181061017562919,0,0.00619195046439629,0.0025706940874036,0,0,0,0,0.00617283950617284,0,0,0,0,0,0,0,0.000329098927137498
iztapalapa,jacarandas,0,0,0,0,0,0,0,0,0,0,0,0,0,0,0,0,0.000362122035125837,0.00147819660014782,0,0.0025706940874036,0.000903954802259887,0.00180995475113122,0.0031201248049922,0,0,0,0,0,0,0,0,0,0.000855657210557494
iztapalapa,jardines de churubusco,0,0,0,0,0,0,0,0,0,0,0,0,0,0,0,0,0.000181061017562919,0,0,0,0,0.000904977375565611,0,0.00584795321637427,0,0,0,0,0,0,0,0,0.000197459356282499
iztapalapa,jose maria morelos y pavon,0,0,0,0,0,0,0,0,0,0,0,0,0,0,0,0,0.000724244070251675,0,0.00309597523219814,0,0.000225988700564972,0,0,0,0,0,0,0,0,0,0,0,0.000394918712564997
iztapalapa,justo sierra,0,0,0,0,0,0,0,0,0,0,0,0,0,0,0,0,0,0,0,0,0,0,0,0.00584795321637427,0,0,0,0,0,0,0,0,6.58197854274995e-05
iztapalapa,la asuncion,0,0,0,0,0,0,0,0,0,0,0,0,0,0,0,0,0,0,0,0,0,0,0,0.00584795321637427,0,0,0,0,0,0,0,0,6.58197854274995e-05
iztapalapa,la colmena,0,0,0,0,0,0,0,0,0,0,0,0,0,0,0,0,0.000181061017562919,0,0,0,0.000677966101694915,0,0,0,0,0,0,0,0,0,0,0,0.000263279141709998
iztapalapa,la era,0,0,0,0,0,0,0,0,0,0,0,0,0,0,0,0,0.00126742712294043,0.00073909830007391,0,0,0.00112994350282486,0,0,0,0.00617283950617284,0,0,0,0,0,0,0,0.000921476995984993
iztapalapa,la esperanza,0,0,0,0,0,0,0,0,0,0,0,0,0,0,0,0,0.000543183052688756,0,0,0,0.000903954802259887,0,0,0,0.00617283950617284,0,0.00208768267223382,0,0,0,0,0,0.000658197854274995
iztapalapa,la planta,0,0,0,0,0,0,0,0,0,0,0,0,0,0,0,0,0.000362122035125837,0,0,0,0,0,0,0,0,0,0,0,0,0,0,0,0.000131639570854999
iztapalapa,la regadera,0,0,0,0,0,0,0,0,0,0,0,0,0,0,0,0,0,0.00073909830007391,0,0,0,0,0,0,0,0,0,0,0,0,0,0,6.58197854274995e-05
iztapalapa,las americas,0,0,0,0,0,0,0,0,0,0,0,0,0,0,0,0,0,0.00073909830007391,0,0,0.000903954802259887,0,0,0,0,0,0,0,0,0,0,0,0.000329098927137498
iztapalapa,leyes de reforma 2a seccion,0,0,0,0,0,0,0,0,0,0,0,0,0,0,0,0,0,0,0,0,0.000225988700564972,0,0.0015600624024961,0,0,0,0,0,0,0,0,0,0.000131639570854999
iztapalapa,leyes de reforma 3a seccion,0,0,0,0,0,0,0,0,0,0,0,0,0,0,0,0,0.00307803729856962,0.00073909830007391,0.00309597523219814,0.0025706940874036,0.00384180790960452,0.00271493212669683,0,0,0,0,0,0,0.125,0,0,0,0.00269861120252748
iztapalapa,lomas de la estancia,0,0,0,0,0,0,0,0,0,0,0,0,0,0,0,0,0.00126742712294043,0.00073909830007391,0.00309597523219814,0.0025706940874036,0.00180790960451977,0.00271493212669683,0.0015600624024961,0.0116959064327485,0,0,0,0,0,0,0,0,0.00157967485025999
iztapalapa,lomas de santa cruz,0,0,0,0,0,0,0,0,0,0,0,0,0,0,0,0,0.000724244070251675,0,0,0.0025706940874036,0.000225988700564972,0,0.0031201248049922,0,0,0,0,0,0,0,0,0,0.000526558283419996
iztapalapa,lomas de zaragoza,0,0,0,0,0,0,0,0,0,0,0,0,0,0,0,0,0.00162954915806627,0.00147819660014782,0,0,0.000903954802259887,0.00361990950226244,0,0.0175438596491228,0.00617283950617284,0,0,0,0,0,0,0,0.00151385506483249
iztapalapa,lomas el manto,0,0,0,0,0,0,0,0,0,0,0,0,0,0,0,0,0.000181061017562919,0,0.00309597523219814,0,0,0,0,0,0,0,0,0,0,0,0,0,0.000131639570854999
iztapalapa,lomas estrella 1a seccion,0,0,0,0,0,0,0,0,0,0,0,0,0,0,0,0,0.000362122035125837,0,0.00309597523219814,0,0.000451977401129944,0,0,0,0,0,0.00104384133611691,0,0,0,0,0,0.000394918712564997
iztapalapa,los cipreses,0,0,0,0,0,0,0,0,0,0,0,0,0,0,0,0,0,0,0,0,0.000225988700564972,0,0,0,0,0,0,0,0,0,0,0,6.58197854274995e-05
iztapalapa,los picos vi-b,0,0,0,0,0,0,0,0,0,0,0,0,0,0,0,0,0,0.00073909830007391,0,0,0.000451977401129944,0.00180995475113122,0,0,0,0,0,0,0,0,0,0,0.000329098927137498
iztapalapa,los reyes culhuacan,0,0,0,0,0,0,0,0,0,0,0,0,0,0,0,0,0.000362122035125837,0.00073909830007391,0.00309597523219814,0,0.00112994350282486,0.000904977375565611,0.0015600624024961,0,0,0,0,0,0,0,0,0,0.000724017639702495
iztapalapa,magdalena atlazolpa,0,0,0,0,0,0,0,0,0,0,0,0,0,0,0,0,0.000181061017562919,0.00073909830007391,0,0.0025706940874036,0.000451977401129944,0,0,0,0,0,0,0,0,0,0,0,0.000329098927137498
iztapalapa,margarita maza de juarez,0,0,0,0,0,0,0,0,0,0,0,0,0,0,0,0,0.000181061017562919,0,0,0,0,0,0,0,0,0,0,0,0,0,0,0,6.58197854274995e-05
iztapalapa,mexicaltzingo,0,0,0,0,0,0,0,0,0,0,0,0,0,0,0,0,0.000362122035125837,0.00147819660014782,0,0,0,0,0,0,0,0,0,0,0,0,0,0,0.000263279141709998
iztapalapa,miguel de la madrid,0,0,0,0,0,0,0,0,0,0,0,0,0,0,0,0,0.000543183052688756,0.00295639320029564,0,0,0.000903954802259887,0.000904977375565611,0,0.00584795321637427,0,0,0,0,0,0,0,0,0.000855657210557494
iztapalapa,militar sedena,0,0,0,0,0,0,0,0,0,0,0,0,0,0,0,0,0.000181061017562919,0,0,0,0.000225988700564972,0,0,0,0,0,0,0,0,0,0,0,0.000131639570854999
iztapalapa,minerva,0,0,0,0,0,0,0,0,0,0,0,0,0,0,0,0,0,0,0,0,0.000903954802259887,0,0,0,0,0,0,0,0,0,0,0,0.000263279141709998
iztapalapa,mixcoatl,0,0,0,0,0,0,0,0,0,0,0,0,0,0,0,0,0.000724244070251675,0,0,0.0025706940874036,0.000451977401129944,0,0,0,0,0,0,0,0,0,0,0,0.000460738497992497
iztapalapa,monte alban,0,0,0,0,0,0,0,0,0,0,0,0,0,0,0,0,0.000181061017562919,0,0,0,0,0,0,0,0,0,0,0,0,0,0,0,6.58197854274995e-05
iztapalapa,nueva rosita,0,0,0,0,0,0,0,0,0,0,0,0,0,0,0,0,0.000181061017562919,0,0.00309597523219814,0,0.000677966101694915,0,0,0,0,0,0,0,0,0,0,0,0.000329098927137498
iztapalapa,ojito de agua,0,0,0,0,0,0,0,0,0,0,0,0,0,0,0,0,0,0,0,0,0.000225988700564972,0,0,0,0,0,0,0,0,0,0,0,6.58197854274995e-05
iztapalapa,paraje san juan,0,0,0,0,0,0,0,0,0,0,0,0,0,0,0,0,0.000362122035125837,0.00221729490022173,0.00309597523219814,0,0.000903954802259887,0.000904977375565611,0,0,0.00617283950617284,0,0,0,0,0,0,0,0.000789837425129994
iztapalapa,parque recreativo santa cruz meyehualco,0,0,0,0,0,0,0,0,0,0,0,0,0,0,0,0,0.000181061017562919,0,0,0,0.000225988700564972,0.000904977375565611,0,0,0,0,0,0,0,0,0,0,0.000197459356282499
iztapalapa,plan de iguala,0,0,0,0,0,0,0,0,0,0,0,0,0,0,0,0,0,0.00073909830007391,0,0,0.000903954802259887,0,0.0015600624024961,0,0,0,0,0,0,0,0,0,0.000394918712564997
iztapalapa,predio el molino,0,0,0,0,0,0,0,0,0,0,0,0,0,0,0,0,0.000724244070251675,0.00221729490022173,0.00619195046439629,0,0.000903954802259887,0.00180995475113122,0.0078003120124805,0,0,0,0,0,0,0,0,0,0.00131639570854999
iztapalapa,progresista,0,0,0,0,0,0,0,0,0,0,0,0,0,0,0,0,0.000362122035125837,0.00073909830007391,0,0.0025706940874036,0.000451977401129944,0.00180995475113122,0,0,0,0,0,0,0,0,0,0,0.000526558283419996
iztapalapa,progreso del sur,0,0,0,0,0,0,0,0,0,0,0,0,0,0,0,0,0.000181061017562919,0,0,0,0.000677966101694915,0,0,0,0,0,0,0,0,0,0,0,0.000263279141709998
iztapalapa,purisima atlazolpa,0,0,0,0,0,0,0,0,0,0,0,0,0,0,0,0,0.00162954915806627,0.00147819660014782,0.00309597523219814,0,0.000225988700564972,0.000904977375565611,0.0015600624024961,0,0,0,0.00104384133611691,0,0,0,0,0,0.00105311656683999
iztapalapa,real del moral,0,0,0,0,0,0,0,0,0,0,0,0,0,0,0,0,0.000543183052688756,0,0,0,0.00135593220338983,0,0,0,0,0,0,0,0,0,0,0,0.000592378068847496
iztapalapa,reforma educativa,0,0,0,0,0,0,0,0,0,0,0,0,0,0,0,0,0.000181061017562919,0.00147819660014782,0.00309597523219814,0,0,0,0,0,0,0,0,0,0,0,0,0,0.000263279141709998
iztapalapa,san andres tetepilco,0,0,0,0,0,0,0,0,0,0,0,0,0,0,0,0,0.00126742712294043,0.00073909830007391,0,0,0.000451977401129944,0.000904977375565611,0,0,0,0.015625,0,0,0,0,0,0,0.000789837425129994
iztapalapa,san antonio culhuacan,0,0,0,0,0,0,0,0,0,0,0,0,0,0,0,0,0.00162954915806627,0.00073909830007391,0,0,0.000677966101694915,0,0.0015600624024961,0,0,0,0.00104384133611691,0,0,0,0,0,0.000987296781412493
iztapalapa,san jose aculco,0,0,0,0,0,0,0,0,0,0,0,0,0,0,0,0,0.00144848814050335,0.00147819660014782,0,0,0.000903954802259887,0,0.0015600624024961,0,0.00617283950617284,0,0,0,0,0,0,0,0.00105311656683999
iztapalapa,san jose buenavista,0,0,0,0,0,0,0,0,0,0,0,0,0,0,0,0,0.000181061017562919,0,0,0,0.000225988700564972,0.000904977375565611,0,0,0,0,0,0,0,0,0,0,0.000197459356282499
iztapalapa,san juan joya,0,0,0,0,0,0,0,0,0,0,0,0,0,0,0,0,0.000724244070251675,0.00073909830007391,0,0,0,0,0,0,0,0,0,0,0,0,0,0,0.000329098927137498
iztapalapa,san juanico nextipac,0,0,0,0,0,0,0,0,0,0,0,0,0,0,0,0,0.000362122035125837,0.00073909830007391,0,0,0.000225988700564972,0,0,0.00584795321637427,0,0,0,0,0,0,0,0,0.000329098927137498
iztapalapa,san lorenzo,0,0,0,0,0,0,0,0,0,0,0,0,0,0,0,0,0.000362122035125837,0.00221729490022173,0,0.0025706940874036,0.000225988700564972,0,0,0,0.00617283950617284,0,0,0,0,0,0,0,0.000526558283419996
iztapalapa,san lorenzo tezonco fovissste,0,0,0,0,0,0,0,0,0,0,0,0,0,0,0,0,0,0,0,0,0.000451977401129944,0,0,0,0,0,0,0,0,0,0,0,0.000131639570854999
iztapalapa,san lorenzo xicotencatl,0,0,0,0,0,0,0,0,0,0,0,0,0,0,0,0,0.000724244070251675,0,0.00309597523219814,0,0.000451977401129944,0,0,0,0,0,0,0,0,0,0,0,0.000460738497992497
iztapalapa,san marcos,0,0,0,0,0,0,0,0,0,0,0,0,0,0,0,0,0,0,0,0,0,0.000904977375565611,0,0,0,0,0,0,0,0,0,0,6.58197854274995e-05
iztapalapa,san miguel,0,0,0,0,0,0,0,0,0,0,0,0,0,0,0,0,0.00271591526344378,0.00147819660014782,0,0.0025706940874036,0.00225988700564972,0.00180995475113122,0.0031201248049922,0.00584795321637427,0.0123456790123457,0,0.00313152400835073,0,0,0,0,0,0.00250115184624498
iztapalapa,san pedro,0,0,0,0,0,0,0,0,0,0,0,0,0,0,0,0,0.00217273221075502,0,0.00928792569659443,0.0051413881748072,0,0,0,0,0,0,0,0,0,0,0,0,0.00111893635226749
iztapalapa,san sebastian tecoloxtitla,0,0,0,0,0,0,0,0,0,0,0,0,0,0,0,0,0.000362122035125837,0.00073909830007391,0,0,0.000677966101694915,0.00180995475113122,0,0,0,0,0,0,0,0,0,0,0.000526558283419996
iztapalapa,santa cruz meyehualco,0,0,0,0,0,0,0,0,0,0,0,0,0,0,0,0,0.00651819663226507,0.00443458980044346,0.00619195046439629,0.0051413881748072,0.00293785310734463,0.00361990950226244,0.0046801872074883,0.0116959064327485,0.0246913580246914,0,0,0,0,0,0,0,0.00473902455077996
iztapalapa,santa isabel industrial,0,0,0,0,0,0,0,0,0,0,0,0,0,0,0,0,0.00108636610537751,0.00147819660014782,0,0.0025706940874036,0.000903954802259887,0,0,0,0,0,0.00208768267223382,0,0,0,0,0,0.000987296781412493
iztapalapa,santa maria tomatlan,0,0,0,0,0,0,0,0,0,0,0,0,0,0,0,0,0.000543183052688756,0,0.00619195046439629,0,0.000451977401129944,0,0,0,0,0,0,0,0,0,0,0,0.000460738497992497
iztapalapa,santiago acahualtepec,0,0,0,0,0,0,0,0,0,0,0,0,0,0,0,0,0.00126742712294043,0.00073909830007391,0,0,0.000677966101694915,0.00180995475113122,0,0,0.00617283950617284,0,0,0,0,0,0,0,0.000921476995984993
iztapalapa,sideral,0,0,0,0,0,0,0,0,0,0,0,0,0,0,0,0,0.000181061017562919,0,0.00309597523219814,0,0,0.000904977375565611,0,0,0,0,0,0,0,0,0,0,0.000197459356282499
iztapalapa,sierra del valle,0,0,0,0,0,0,0,0,0,0,0,0,0,0,0,0,0.000181061017562919,0,0,0,0.000225988700564972,0,0,0,0,0,0,0,0,0,0,0,0.000131639570854999
iztapalapa,solidaridad,0,0,0,0,0,0,0,0,0,0,0,0,0,0,0,0,0.000905305087814594,0,0,0,0.000451977401129944,0,0,0,0,0,0,0,0,0,0,0,0.000460738497992497
iztapalapa,tenorios,0,0,0,0,0,0,0,0,0,0,0,0,0,0,0,0,0.000543183052688756,0,0,0.0025706940874036,0,0,0.0015600624024961,0,0,0,0,0,0,0,0,0,0.000329098927137498
iztapalapa,triangulo de las agujas,0,0,0,0,0,0,0,0,0,0,0,0,0,0,0,0,0.000181061017562919,0,0,0,0.000225988700564972,0,0,0,0.00617283950617284,0,0,0,0,0,0,0,0.000197459356282499
iztapalapa,tulyehualco,0,0,0,0,0,0,0,0,0,0,0,0,0,0,0,0,0.00108636610537751,0.00073909830007391,0,0.0025706940874036,0.00225988700564972,0.000904977375565611,0.0015600624024961,0,0,0,0.00521920668058455,0,0,0,0,0,0.00164549463568749
iztapalapa,unidad modelo,0,0,0,0,0,0,0,0,0,0,0,0,0,0,0,0,0.000181061017562919,0,0,0,0.000677966101694915,0,0,0,0,0,0,0,0,0,0,0,0.000263279141709998
iztapalapa,valle de luces 1a seccion,0,0,0,0,0,0,0,0,0,0,0,0,0,0,0,0,0.000181061017562919,0,0,0,0,0.000904977375565611,0,0,0,0,0,0,0,0,0,0,0.000131639570854999
iztapalapa,valle de luces 2a seccion,0,0,0,0,0,0,0,0,0,0,0,0,0,0,0,0,0,0,0,0,0.000225988700564972,0,0,0,0,0,0,0,0,0,0,0,6.58197854274995e-05
iztapalapa,valle de luces 3a seccion,0,0,0,0,0,0,0,0,0,0,0,0,0,0,0,0,0.000181061017562919,0,0,0,0.000225988700564972,0,0,0,0,0,0,0,0,0,0,0,0.000131639570854999
iztapalapa,valle de san lorenzo,0,0,0,0,0,0,0,0,0,0,0,0,0,0,0,0,0.000905305087814594,0,0.00309597523219814,0.0025706940874036,0.00135593220338983,0.000904977375565611,0.0062402496099844,0,0,0,0,0,0,0,0,0,0.00118475613769499
iztapalapa,zacahuitzco,0,0,0,0,0,0,0,0,0,0,0,0,0,0,0,0,0.000905305087814594,0.00073909830007391,0,0,0.000225988700564972,0.000904977375565611,0,0,0,0,0,0,0,0,0,0,0.000526558283419996
iztapalapa,zona urbana ejidal los reyes culhuacan,0,0,0,0,0,0,0,0,0,0,0,0,0,0,0,0,0,0,0,0,0.000451977401129944,0,0,0,0,0,0,0,0,0,0,0,0.000131639570854999
iztapalapa,zona urbana ejidal santa maria tomatlan,0,0,0,0,0,0,0,0,0,0,0,0,0,0,0,0,0.000181061017562919,0,0,0.0025706940874036,0.000225988700564972,0,0.0015600624024961,0,0,0,0,0,0,0,0,0,0.000263279141709998
la magdalena contreras,ampliacion potrerillo,0,0,0,0,0,0,0,0,0,0,0,0,0,0,0,0,0.000181061017562919,0.00073909830007391,0,0,0,0,0,0,0,0,0,0,0,0,0,0,0.000131639570854999
la magdalena contreras,atacaxco,0,0,0,0,0,0,0,0,0,0,0,0,0,0,0,0,0,0,0,0,0.000677966101694915,0,0,0.00584795321637427,0,0,0,0,0,0,0,0,0.000263279141709998
la magdalena contreras,barranca seca,0,0,0,0,0,0,0,0,0,0,0,0,0,0,0,0,0.000543183052688756,0,0,0,0.000225988700564972,0,0,0,0,0,0,0,0,0,0,0,0.000263279141709998
la magdalena contreras,barrio san francisco,0,0,0,0,0,0,0,0,0,0,0,0,0,0,0,0,0,0,0,0,0.000451977401129944,0,0,0,0,0,0,0,0,0,0,0,0.000131639570854999
la magdalena contreras,barros sierra,0,0,0,0,0,0,0,0,0,0,0,0,0,0,0,0,0.000181061017562919,0,0,0,0.000451977401129944,0.000904977375565611,0,0,0,0,0,0,0,0,0,0,0.000263279141709998
la magdalena contreras,el ermitano,0,0,0,0,0,0,0,0,0,0,0,0,0,0,0,0,0.000181061017562919,0.00073909830007391,0,0,0.000903954802259887,0,0.0015600624024961,0,0,0,0,0,0,0,0,0,0.000460738497992497
la magdalena contreras,el gavillero,0,0,0,0,0,0,0,0,0,0,0,0,0,0,0,0,0.000181061017562919,0,0,0,0.000225988700564972,0,0,0,0,0,0,0,0,0,0,0,0.000131639570854999
la magdalena contreras,el ocotal,0,0,0,0,0,0,0,0,0,0,0,0,0,0,0,0,0.000724244070251675,0,0.00309597523219814,0.0025706940874036,0.00135593220338983,0.00271493212669683,0.0015600624024961,0,0,0,0,0,0,0,0,0,0.00105311656683999
la magdalena contreras,el rosal,0,0,0,0,0,0,0,0,0,0,0,0,0,0,0,0,0.000181061017562919,0.00073909830007391,0,0,0.000225988700564972,0,0,0,0,0,0,0,0,0,0,0,0.000197459356282499
la magdalena contreras,el tanque,0,0,0,0,0,0,0,0,0,0,0,0,0,0,0,0,0.000362122035125837,0.00073909830007391,0,0.0025706940874036,0.000225988700564972,0,0.0015600624024961,0,0,0,0,0,0,0,0,0,0.000394918712564997
la magdalena contreras,el toro,0,0,0,0,0,0,0,0,0,0,0,0,0,0,0,0,0.000543183052688756,0.00073909830007391,0,0,0.000677966101694915,0,0,0,0,0,0,0,0,0,0,0,0.000460738497992497
la magdalena contreras,heroes de padierna,0,0,0,0,0,0,0,0,0,0,0,0,0,0,0,0,0.000724244070251675,0,0,0,0.000677966101694915,0.000904977375565611,0,0,0.00617283950617284,0.015625,0,0,0,0,0,0,0.000658197854274995
la magdalena contreras,huayatla,0,0,0,0,0,0,0,0,0,0,0,0,0,0,0,0,0.000905305087814594,0.00073909830007391,0,0.0025706940874036,0,0,0,0,0,0.015625,0,0,0,0,0,0,0.000526558283419996
la magdalena contreras,independencia batan sur,0,0,0,0,0,0,0,0,0,0,0,0,0,0,0,0,0.000181061017562919,0,0,0,0.000451977401129944,0,0,0,0,0,0,0,0,0,0,0,0.000197459356282499
la magdalena contreras,independencia san ramon,0,0,0,0,0,0,0,0,0,0,0,0,0,0,0,0,0,0,0,0,0.000451977401129944,0,0,0,0,0,0,0,0,0,0,0,0.000131639570854999
la magdalena contreras,ixtlahualtongo,0,0,0,0,0,0,0,0,0,0,0,0,0,0,0,0,0,0,0,0,0,0,0,0.00584795321637427,0,0,0,0,0,0,0,0,6.58197854274995e-05
la magdalena contreras,la carbonera,0,0,0,0,0,0,0,0,0,0,0,0,0,0,0,0,0.00181061017562919,0,0,0,0.000677966101694915,0.00180995475113122,0,0,0,0,0,0,0,0,0,0,0.000987296781412493
la magdalena contreras,la concepcion,0,0,0,0,0,0,0,0,0,0,0,0,0,0,0,0,0.000181061017562919,0,0,0.0025706940874036,0.000225988700564972,0,0,0,0.00617283950617284,0,0,0,0,0,0,0,0.000263279141709998
la magdalena contreras,la guadalupe,0,0,0,0,0,0,0,0,0,0,0,0,0,0,0,0,0.000181061017562919,0.00147819660014782,0,0,0,0,0,0,0,0,0,0,0,0,0,0,0.000197459356282499
la magdalena contreras,la magdalena,0,0,0,0,0,0,0,0,0,0,0,0,0,0,0,0,0,0.00073909830007391,0,0,0.000903954802259887,0,0,0,0,0,0,0,0,0,0,0,0.000329098927137498
la magdalena contreras,la malinche,0,0,0,0,0,0,0,0,0,0,0,0,0,0,0,0,0.000724244070251675,0.00147819660014782,0,0.0077120822622108,0.000451977401129944,0.000904977375565611,0,0.0116959064327485,0,0,0,0,0,0,0,0,0.000921476995984993
la magdalena contreras,lomas de san bernabe,0,0,0,0,0,0,0,0,0,0,0,0,0,0,0,0,0.000362122035125837,0,0.00309597523219814,0.0025706940874036,0.000677966101694915,0.00361990950226244,0,0,0,0,0,0,0,0,0,0,0.000724017639702495
la magdalena contreras,lomas quebradas,0,0,0,0,0,0,0,0,0,0,0,0,0,0,0,0,0.000362122035125837,0,0,0.0051413881748072,0,0.00180995475113122,0,0,0,0,0,0,0,0,0,0,0.000394918712564997
la magdalena contreras,los padres,0,0,0,0,0,0,0,0,0,0,0,0,0,0,0,0,0.000362122035125837,0,0,0,0.000225988700564972,0.00180995475113122,0.0015600624024961,0.00584795321637427,0,0,0,0,0,0,0,0,0.000460738497992497
la magdalena contreras,palmas,0,0,0,0,0,0,0,0,0,0,0,0,0,0,0,0,0.000543183052688756,0,0,0,0,0,0,0,0,0,0,0,0,0,0,0,0.000197459356282499
la magdalena contreras,potrerillo,0,0,0,0,0,0,0,0,0,0,0,0,0,0,0,0,0,0,0,0,0,0,0.0015600624024961,0,0,0,0,0,0,0,0,0,6.58197854274995e-05
la magdalena contreras,pueblo nuevo bajo,0,0,0,0,0,0,0,0,0,0,0,0,0,0,0,0,0.000543183052688756,0.00073909830007391,0,0,0,0,0,0,0,0,0,0,0,0,0,0,0.000263279141709998
la magdalena contreras,san bartolo ameyalco,0,0,0,0,0,0,0,0,0,0,0,0,0,0,0,0,0,0,0,0,0.000225988700564972,0,0.0015600624024961,0,0,0,0,0,0,0,0,0,0.000131639570854999
la magdalena contreras,san francisco,0,0,0,0,0,0,0,0,0,0,0,0,0,0,0,0,0,0,0,0.0025706940874036,0.00135593220338983,0,0,0.00584795321637427,0,0,0,0.0169491525423729,0,0,0,0,0.000592378068847496
la magdalena contreras,san jeronimo lidice,0,0,0,0,0,0,0,0,0,0,0,0,0,0,0,0,0.000905305087814594,0,0,0,0.000903954802259887,0,0.0015600624024961,0,0.00617283950617284,0.015625,0,0,0,0,0,0,0.000789837425129994
la magdalena contreras,santa teresa,0,0,0,0,0,0,0,0,0,0,0,0,0,0,0,0,0.000543183052688756,0.00073909830007391,0,0,0.000225988700564972,0,0,0,0,0,0,0,0,0,0,0,0.000329098927137498
la magdalena contreras,tierra colorada,0,0,0,0,0,0,0,0,0,0,0,0,0,0,0,0,0.000181061017562919,0,0.00619195046439629,0,0.000677966101694915,0.000904977375565611,0.0015600624024961,0,0,0,0,0,0,0,0,0,0.000526558283419996
la magdalena contreras,vista hermosa,0,0,0,0,0,0,0,0,0,0,0,0,0,0,0,0,0.000181061017562919,0,0,0.0025706940874036,0.000225988700564972,0,0.0015600624024961,0,0,0,0,0,0,0,0,0,0.000263279141709998
miguel hidalgo,agricultura,0,0,0,0,0,0,0,0,0,0,0,0,0,0,0,0,0.000724244070251675,0.00295639320029564,0,0,0.000903954802259887,0,0,0,0,0,0,0,0,0,0,0,0.000789837425129994
miguel hidalgo,america,0,0,0,0,0,0,0,0,0,0,0,0,0,0,0,0,0.000724244070251675,0,0.00928792569659443,0,0.000225988700564972,0,0.0046801872074883,0,0,0,0,0.0169491525423729,0,0,0,0,0.000789837425129994
miguel hidalgo,ampliacion daniel garza,0,0,0,0,0,0,0,0,0,0,0,0,0,0,0,0,0.00108636610537751,0,0,0,0.000225988700564972,0,0.0046801872074883,0,0,0,0,0,0,0,0,0,0.000658197854274995
miguel hidalgo,ampliacion granada,0,0,0,0,0,0,0,0,0,0,0,0,0,0,0,0,0.00144848814050335,0,0,0,0.000225988700564972,0.000904977375565611,0,0,0,0,0,0,0,0,0,0,0.000658197854274995
miguel hidalgo,ampliacion torre blanca,0,0,0,0,0,0,0,0,0,0,0,0,0,0,0,0,0.000181061017562919,0.00073909830007391,0,0,0.000225988700564972,0.000904977375565611,0,0,0,0,0,0,0,0,0,0,0.000263279141709998
miguel hidalgo,angel zimbron,0,0,0,0,0,0,0,0,0,0,0,0,0,0,0,0,0,0.00073909830007391,0,0.0025706940874036,0.000225988700564972,0,0,0,0,0,0,0,0,0,0,0,0.000197459356282499
miguel hidalgo,argentina antigua,0,0,0,0,0,0,0,0,0,0,0,0,0,0,0,0,0.000905305087814594,0.00073909830007391,0.00619195046439629,0.0051413881748072,0.000677966101694915,0.000904977375565611,0.0015600624024961,0,0,0,0,0,0,0,0,0,0.000987296781412493
miguel hidalgo,bosque de chapultepec ii seccion,0,0,0,0,0,0,0,0,0,0,0,0,0,0,0,0,0.000905305087814594,0,0,0,0,0.00180995475113122,0,0,0,0,0,0,0,0,0,0,0.000460738497992497
miguel hidalgo,bosque de chapultepec iii seccion,0,0,0,0,0,0,0,0,0,0,0,0,0,0,0,0,0,0,0,0,0.000225988700564972,0,0,0,0,0,0,0,0,0,0,0,6.58197854274995e-05
miguel hidalgo,bosque de las lomas,0,0,0,0,0,0,0,0,0,0,0,0,0,0,0,0,0.000181061017562919,0,0,0,0.000225988700564972,0.000904977375565611,0.0015600624024961,0.0116959064327485,0,0,0,0,0,0,0,0,0.000394918712564997
miguel hidalgo,cuauhtemoc pensil,0,0,0,0,0,0,0,0,0,0,0,0,0,0,0,0,0.000543183052688756,0.00147819660014782,0,0,0.000225988700564972,0,0,0,0.00617283950617284,0,0.00313152400835073,0,0,0,0,0,0.000658197854274995
miguel hidalgo,deportivo pensil,0,0,0,0,0,0,0,0,0,0,0,0,0,0,0,0,0.000362122035125837,0,0.00309597523219814,0,0.000225988700564972,0,0,0,0,0,0,0,0,0,0,0,0.000263279141709998
miguel hidalgo,dos lagos,0,0,0,0,0,0,0,0,0,0,0,0,0,0,0,0,0.000362122035125837,0,0,0,0.000451977401129944,0,0,0,0,0,0,0,0,0,0,0,0.000263279141709998
miguel hidalgo,escandon i seccion,0,0,0,0,0,0,0,0,0,0,0,0,0,0,0,0,0.00181061017562919,0.00073909830007391,0,0.0025706940874036,0.0031638418079096,0.00180995475113122,0.0015600624024961,0.00584795321637427,0,0,0,0,0,0,0,0,0.00197459356282499
miguel hidalgo,francisco i madero,0,0,0,0,0,0,0,0,0,0,0,0,0,0,0,0,0,0,0,0,0.000225988700564972,0,0,0,0,0,0,0,0,0,0,0,6.58197854274995e-05
miguel hidalgo,granada,0,0,0,0,0,0,0,0,0,0,0,0,0,0,0,0,0.00235379322831794,0.00221729490022173,0,0,0.00180790960451977,0.00180995475113122,0.0031201248049922,0,0,0,0,0,0,0,0,0,0.00184295399196999
miguel hidalgo,hipodromo,0,0,0,0,0,0,0,0,0,0,0,0,0,0,0,0,0,0,0,0,0,0,0,0,0,0,0.00104384133611691,0,0,0,0,0,6.58197854274995e-05
miguel hidalgo,huichapan,0,0,0,0,0,0,0,0,0,0,0,0,0,0,0,0,0.000362122035125837,0.00073909830007391,0,0,0.000225988700564972,0,0.0015600624024961,0,0,0,0,0,0,0,0,0,0.000329098927137498
miguel hidalgo,ignacio manuel altamirano,0,0,0,0,0,0,0,0,0,0,0,0,0,0,0,0,0.000181061017562919,0,0,0,0.000225988700564972,0,0.0015600624024961,0,0,0,0,0,0,0,0,0,0.000197459356282499
miguel hidalgo,lago norte,0,0,0,0,0,0,0,0,0,0,0,0,0,0,0,0,0.000181061017562919,0,0,0,0.000225988700564972,0,0,0,0,0,0,0,0,0,0,0,0.000131639570854999
miguel hidalgo,lago sur,0,0,0,0,0,0,0,0,0,0,0,0,0,0,0,0,0.000362122035125837,0,0,0,0.000225988700564972,0,0,0,0,0,0,0,0,0,0,0,0.000197459356282499
miguel hidalgo,lomas de chapultepec iv seccion (lomas virreyes),0,0,0,0,0,0,0,0,0,0,0,0,0,0,0,0,0.000181061017562919,0,0,0,0.000225988700564972,0,0,0,0,0,0,0,0,0,0,0,0.000131639570854999
miguel hidalgo,lomas de reforma,0,0,0,0,0,0,0,0,0,0,0,0,0,0,0,0,0,0,0,0,0,0,0,0.00584795321637427,0,0,0,0,0,0,0,0,6.58197854274995e-05
miguel hidalgo,lomas de sotelo,0,0,0,0,0,0,0,0,0,0,0,0,0,0,0,0,0.000543183052688756,0.00221729490022173,0.00309597523219814,0,0.000903954802259887,0,0,0,0,0,0,0,0,0,0,0,0.000724017639702495
miguel hidalgo,lomas de sotelo i,0,0,0,0,0,0,0,0,0,0,0,0,0,0,0,0,0,0,0,0,0.000451977401129944,0.000904977375565611,0,0,0,0,0,0.0169491525423729,0,0,0,0,0.000263279141709998
miguel hidalgo,lomas hermosa,0,0,0,0,0,0,0,0,0,0,0,0,0,0,0,0,0.000181061017562919,0,0,0,0.000677966101694915,0.00180995475113122,0,0,0,0,0,0,0,0,0,0,0.000394918712564997
miguel hidalgo,los manzanos,0,0,0,0,0,0,0,0,0,0,0,0,0,0,0,0,0.000543183052688756,0.00073909830007391,0,0,0.000677966101694915,0,0,0,0,0,0,0.0169491525423729,0,0,0,0,0.000526558283419996
miguel hidalgo,mariano escobedo,0,0,0,0,0,0,0,0,0,0,0,0,0,0,0,0,0,0.00073909830007391,0,0.0025706940874036,0.000451977401129944,0,0,0,0,0,0,0,0,0,0,0,0.000263279141709998
miguel hidalgo,mexico nuevo,0,0,0,0,0,0,0,0,0,0,0,0,0,0,0,0,0.000905305087814594,0.00073909830007391,0,0.0025706940874036,0.000451977401129944,0.000904977375565611,0.0015600624024961,0.00584795321637427,0,0,0,0,0,0,0,0,0.000789837425129994
miguel hidalgo,modelo pensil,0,0,0,0,0,0,0,0,0,0,0,0,0,0,0,0,0.000543183052688756,0,0,0,0,0.000904977375565611,0,0,0,0,0.00104384133611691,0,0,0,0,0,0.000329098927137498
miguel hidalgo,molino del rey,0,0,0,0,0,0,0,0,0,0,0,0,0,0,0,0,0.000181061017562919,0,0,0,0.000225988700564972,0,0,0,0,0,0,0,0,0,0,0,0.000131639570854999
miguel hidalgo,nextitla,0,0,0,0,0,0,0,0,0,0,0,0,0,0,0,0,0,0,0,0,0.000225988700564972,0,0,0,0,0,0,0,0,0,0,0,6.58197854274995e-05
miguel hidalgo,observatorio,0,0,0,0,0,0,0,0,0,0,0,0,0,0,0,0,0.00108636610537751,0.00369549150036955,0,0,0.000451977401129944,0,0,0,0,0,0,0,0,0,0,0,0.000855657210557494
miguel hidalgo,panteon frances,0,0,0,0,0,0,0,0,0,0,0,0,0,0,0,0,0.000181061017562919,0,0,0,0,0,0,0,0,0,0,0,0,0,0,0,6.58197854274995e-05
miguel hidalgo,pensil norte,0,0,0,0,0,0,0,0,0,0,0,0,0,0,0,0,0.00126742712294043,0,0.00619195046439629,0,0.000903954802259887,0.00180995475113122,0.0015600624024961,0,0,0,0,0,0,0,0,0,0.00105311656683999
miguel hidalgo,pensil sur,0,0,0,0,0,0,0,0,0,0,0,0,0,0,0,0,0,0,0,0,0.000225988700564972,0,0,0,0,0,0,0,0,0,0,0,6.58197854274995e-05
miguel hidalgo,peralitos,0,0,0,0,0,0,0,0,0,0,0,0,0,0,0,0,0.000181061017562919,0,0,0,0,0,0.0031201248049922,0,0,0,0,0,0,0,0,0,0.000197459356282499
miguel hidalgo,plenitud,0,0,0,0,0,0,0,0,0,0,0,0,0,0,0,0,0,0,0,0,0.000451977401129944,0,0,0,0,0,0,0,0,0,0,0,0.000131639570854999
miguel hidalgo,plutarco elias calles,0,0,0,0,0,0,0,0,0,0,0,0,0,0,0,0,0.000181061017562919,0,0.00309597523219814,0,0.00203389830508475,0.000904977375565611,0,0,0,0,0,0,0,0,0,0,0.000789837425129994
miguel hidalgo,popo,0,0,0,0,0,0,0,0,0,0,0,0,0,0,0,0,0.000181061017562919,0,0.00309597523219814,0,0.000225988700564972,0.000904977375565611,0,0,0,0.015625,0,0,0,0,0,0,0.000329098927137498
miguel hidalgo,refineria 18 de marzo,0,0,0,0,0,0,0,0,0,0,0,0,0,0,0,0,0.000543183052688756,0,0,0,0.000677966101694915,0,0,0,0,0,0.00208768267223382,0,0,0,0,0,0.000526558283419996
miguel hidalgo,reforma pensil,0,0,0,0,0,0,0,0,0,0,0,0,0,0,0,0,0.000181061017562919,0,0.00309597523219814,0,0.000677966101694915,0,0,0,0,0,0,0,0,0,0,0,0.000329098927137498
miguel hidalgo,reforma social,0,0,0,0,0,0,0,0,0,0,0,0,0,0,0,0,0.000181061017562919,0,0,0.0025706940874036,0.000225988700564972,0,0,0,0,0,0,0,0,0,0,0,0.000197459356282499
miguel hidalgo,rincon del bosque,0,0,0,0,0,0,0,0,0,0,0,0,0,0,0,0,0,0,0,0,0.00112994350282486,0,0,0,0,0,0,0,0,0,0,0,0.000329098927137498
miguel hidalgo,san joaquin,0,0,0,0,0,0,0,0,0,0,0,0,0,0,0,0,0,0,0,0,0,0,0.0015600624024961,0,0,0,0,0,0,0,0,0,6.58197854274995e-05
miguel hidalgo,san juanico,0,0,0,0,0,0,0,0,0,0,0,0,0,0,0,0,0,0,0,0.0025706940874036,0.000451977401129944,0,0.0031201248049922,0,0,0,0.00104384133611691,0,0,0,0,0,0.000394918712564997
miguel hidalgo,san lorenzo tlaltenango,0,0,0,0,0,0,0,0,0,0,0,0,0,0,0,0,0.000181061017562919,0,0,0,0,0,0.0015600624024961,0,0,0,0,0,0,0,0,0,0.000131639570854999
miguel hidalgo,san miguel chapultepec,0,0,0,0,0,0,0,0,0,0,0,0,0,0,0,0,0.00144848814050335,0.00813008130081301,0,0.0051413881748072,0.000451977401129944,0.000904977375565611,0.0015600624024961,0,0,0,0.00104384133611691,0,0,0,0,0,0.00171131442111499
miguel hidalgo,santo tomas,0,0,0,0,0,0,0,0,0,0,0,0,0,0,0,0,0.000181061017562919,0,0,0,0.000677966101694915,0,0,0,0,0.015625,0,0,0,0,0,0,0.000329098927137498
miguel hidalgo,tacubaya,0,0,0,0,0,0,0,0,0,0,0,0,0,0,0,0,0.0057939525620134,0.00443458980044346,0,0,0.00180790960451977,0.00271493212669683,0.0015600624024961,0,0,0,0.0459290187891441,0,0,0,0,0,0.00618705983018495
miguel hidalgo,torre blanca,0,0,0,0,0,0,0,0,0,0,0,0,0,0,0,0,0.00108636610537751,0.00295639320029564,0.00309597523219814,0.0025706940874036,0,0.000904977375565611,0.0015600624024961,0,0,0,0.00835073068893528,0,0,0,0,0,0.00144803527940499
miguel hidalgo,un hogar para nosotros,0,0,0,0,0,0,0,0,0,0,0,0,0,0,0,0,0.000543183052688756,0,0,0,0.000903954802259887,0,0,0,0,0,0.00208768267223382,0,0,0,0,0,0.000592378068847496
miguel hidalgo,ventura perez de alva,0,0,0,0,0,0,0,0,0,0,0,0,0,0,0,0,0,0,0,0,0.000225988700564972,0,0.0015600624024961,0,0,0,0,0,0,0,0,0,0.000131639570854999
miguel hidalgo,veronica anzures,0,0,0,0,0,0,0,0,0,0,0,0,0,0,0,0,0.000543183052688756,0.00073909830007391,0,0,0.000225988700564972,0,0,0,0,0,0,0,0,0,0,0,0.000329098927137498
milpa alta,emiliano zapata 1a seccion,0,0,0,0,0,0,0,0,0,0,0,0,0,0,0,0,0,0,0,0,0,0.000904977375565611,0,0,0,0,0,0,0,0,0,0,6.58197854274995e-05
milpa alta,emiliano zapata 2a seccion,0,0,0,0,0,0,0,0,0,0,0,0,0,0,0,0,0.000362122035125837,0,0,0,0.000225988700564972,0,0,0,0,0,0,0,0,0,0,0,0.000197459356282499
milpa alta,guadalupita,0,0,0,0,0,0,0,0,0,0,0,0,0,0,0,0,0,0,0,0,0,0,0.0015600624024961,0,0,0,0,0,0,0,0,0,6.58197854274995e-05
milpa alta,la concepcion (villa milpa alta),0,0,0,0,0,0,0,0,0,0,0,0,0,0,0,0,0.000905305087814594,0,0,0,0.000225988700564972,0.000904977375565611,0,0,0,0,0,0,0,0,0,0,0.000460738497992497
milpa alta,la guadalupita,0,0,0,0,0,0,0,0,0,0,0,0,0,0,0,0,0,0,0,0,0.000225988700564972,0,0,0,0,0,0,0,0,0,0,0,6.58197854274995e-05
milpa alta,la luz (villa milpa alta),0,0,0,0,0,0,0,0,0,0,0,0,0,0,0,0,0,0.00073909830007391,0,0,0,0.000904977375565611,0,0,0,0,0,0,0,0,0,0,0.000131639570854999
milpa alta,los angeles (villa milpa alta),0,0,0,0,0,0,0,0,0,0,0,0,0,0,0,0,0,0,0,0,0.000225988700564972,0.000904977375565611,0,0,0,0,0,0,0,0,0,0,0.000131639570854999
milpa alta,malvinas segundo,0,0,0,0,0,0,0,0,0,0,0,0,0,0,0,0,0,0,0.00309597523219814,0,0,0,0,0,0,0,0,0,0,0,0,0,6.58197854274995e-05
milpa alta,ocotitla (san pedro atocpan),0,0,0,0,0,0,0,0,0,0,0,0,0,0,0,0,0.000724244070251675,0,0,0,0,0,0,0,0,0,0,0,0,0,0,0,0.000263279141709998
milpa alta,panchimalco (san pedro atocpan),0,0,0,0,0,0,0,0,0,0,0,0,0,0,0,0,0.000181061017562919,0,0,0,0.000225988700564972,0,0.0015600624024961,0,0,0,0,0,0,0,0,0,0.000197459356282499
milpa alta,pueblo san antonio tecomitl (las arboledas),0,0,0,0,0,0,0,0,0,0,0,0,0,0,0,0,0.000181061017562919,0,0,0,0.000225988700564972,0,0,0,0,0,0,0,0,0,0,0,0.000131639570854999
milpa alta,pueblo san antonio tecomitl barrio xochitepec,0,0,0,0,0,0,0,0,0,0,0,0,0,0,0,0,0.000362122035125837,0,0,0,0.000677966101694915,0.000904977375565611,0,0,0,0,0,0,0,0,0,0,0.000394918712564997
milpa alta,san agustin ohtenco,0,0,0,0,0,0,0,0,0,0,0,0,0,0,0,0,0,0,0,0,0,0.000904977375565611,0,0,0,0,0,0,0,0,0,0,6.58197854274995e-05
milpa alta,san francisco tecoxpa,0,0,0,0,0,0,0,0,0,0,0,0,0,0,0,0,0.000181061017562919,0.00073909830007391,0,0,0.000225988700564972,0.000904977375565611,0.0015600624024961,0,0,0,0,0,0,0,0,0,0.000329098927137498
milpa alta,san isidro cuatepec,0,0,0,0,0,0,0,0,0,0,0,0,0,0,0,0,0,0,0,0,0.000225988700564972,0,0,0,0,0,0,0,0,0,0,0,6.58197854274995e-05
milpa alta,san jeronimo miacatlan,0,0,0,0,0,0,0,0,0,0,0,0,0,0,0,0,0,0,0,0,0,0.000904977375565611,0,0,0,0,0,0,0,0,0,0,6.58197854274995e-05
milpa alta,san jose (santa ana tlacotenco),0,0,0,0,0,0,0,0,0,0,0,0,0,0,0,0,0.000181061017562919,0,0,0,0,0.000904977375565611,0,0,0,0,0,0,0,0,0,0,0.000131639570854999
milpa alta,san juan (san pablo oztotepec),0,0,0,0,0,0,0,0,0,0,0,0,0,0,0,0,0.000181061017562919,0,0,0,0.000451977401129944,0.000904977375565611,0.0046801872074883,0.00584795321637427,0,0,0,0,0,0,0,0,0.000526558283419996
milpa alta,san juan tepenahuac i,0,0,0,0,0,0,0,0,0,0,0,0,0,0,0,0,0.000181061017562919,0,0,0,0,0,0,0,0,0,0,0,0,0,0,0,6.58197854274995e-05
milpa alta,san juan tepenahuac ii,0,0,0,0,0,0,0,0,0,0,0,0,0,0,0,0,0,0,0,0,0,0.000904977375565611,0,0,0,0,0,0,0,0,0,0,6.58197854274995e-05
milpa alta,san lorenzo tlacoyucan,0,0,0,0,0,0,0,0,0,0,0,0,0,0,0,0,0.000181061017562919,0,0,0,0,0.000904977375565611,0,0,0,0,0,0,0,0,0,0,0.000131639570854999
milpa alta,san miguel (santa ana tlacotenco),0,0,0,0,0,0,0,0,0,0,0,0,0,0,0,0,0.000362122035125837,0,0,0,0.000225988700564972,0,0.0031201248049922,0,0,0,0,0,0,0,0,0,0.000329098927137498
milpa alta,san salvador cuauhtenco seccion i,0,0,0,0,0,0,0,0,0,0,0,0,0,0,0,0,0,0,0,0,0.000225988700564972,0.00180995475113122,0.0015600624024961,0,0,0,0,0,0,0,0,0,0.000263279141709998
milpa alta,san salvador cuauhtenco seccion iii,0,0,0,0,0,0,0,0,0,0,0,0,0,0,0,0,0.000362122035125837,0,0.00309597523219814,0,0.000903954802259887,0,0.0046801872074883,0,0,0,0,0,0,0,0,0,0.000658197854274995
milpa alta,san salvador cuauhtenco seccion iv,0,0,0,0,0,0,0,0,0,0,0,0,0,0,0,0,0,0,0,0,0.000451977401129944,0,0,0,0,0,0,0,0,0,0,0,0.000131639570854999
milpa alta,santa cruz (villa milpa alta),0,0,0,0,0,0,0,0,0,0,0,0,0,0,0,0,0.000181061017562919,0,0,0,0,0,0,0,0,0,0,0,0,0,0,0,6.58197854274995e-05
milpa alta,santa martha (villa milpa alta),0,0,0,0,0,0,0,0,0,0,0,0,0,0,0,0,0.000181061017562919,0,0.00309597523219814,0.0025706940874036,0.000451977401129944,0,0,0,0,0,0,0,0,0,0,0,0.000329098927137498
milpa alta,tecoloxtitla,0,0,0,0,0,0,0,0,0,0,0,0,0,0,0,0,0.000181061017562919,0,0,0,0,0,0,0,0,0,0,0,0,0,0,0,6.58197854274995e-05
milpa alta,villa milpa alta centro,0,0,0,0,0,0,0,0,0,0,0,0,0,0,0,0,0.000724244070251675,0,0,0,0.000225988700564972,0,0,0,0,0,0,0,0,0,0,0,0.000329098927137498
milpa alta,xaltipac (san antonio tecomitl),0,0,0,0,0,0,0,0,0,0,0,0,0,0,0,0,0.000362122035125837,0,0,0,0.000451977401129944,0,0.0031201248049922,0,0,0,0,0,0,0,0,0,0.000394918712564997
tlahuac,3 de mayo,0,0,0,0,0,0,0,0,0,0,0,0,0,0,0,0,0.000181061017562919,0,0,0,0,0,0,0,0,0,0,0,0,0,0,0,6.58197854274995e-05
tlahuac,agricola metropolitana,0,0,0,0,0,0,0,0,0,0,0,0,0,0,0,0,0.000543183052688756,0,0,0,0.000225988700564972,0.00180995475113122,0.0015600624024961,0.00584795321637427,0.00617283950617284,0,0,0,0,0,0,0,0.000592378068847496
tlahuac,atotolco,0,0,0,0,0,0,0,0,0,0,0,0,0,0,0,0,0,0,0,0,0.000225988700564972,0,0,0,0,0,0,0,0,0,0,0,6.58197854274995e-05
tlahuac,barrio calyequita,0,0,0,0,0,0,0,0,0,0,0,0,0,0,0,0,0,0,0,0,0.000225988700564972,0,0,0,0,0,0,0,0,0,0,0,6.58197854274995e-05
tlahuac,barrio san agustin,0,0,0,0,0,0,0,0,0,0,0,0,0,0,0,0,0.000181061017562919,0,0,0,0,0,0,0,0,0,0,0,0,0,0,0,6.58197854274995e-05
tlahuac,barrio san miguel,0,0,0,0,0,0,0,0,0,0,0,0,0,0,0,0,0,0.00073909830007391,0,0,0,0,0,0,0,0,0,0,0,0,0,0,6.58197854274995e-05
tlahuac,barrio san sebastian,0,0,0,0,0,0,0,0,0,0,0,0,0,0,0,0,0.000543183052688756,0.00221729490022173,0.00309597523219814,0,0.000451977401129944,0,0,0,0.00617283950617284,0,0,0,0,0,0,0,0.000658197854274995
tlahuac,barrio santiago,0,0,0,0,0,0,0,0,0,0,0,0,0,0,0,0,0.000181061017562919,0.00073909830007391,0,0,0.000677966101694915,0,0,0,0,0,0,0,0,0,0,0,0.000329098927137498
tlahuac,conchita b,0,0,0,0,0,0,0,0,0,0,0,0,0,0,0,0,0.000543183052688756,0.00073909830007391,0,0,0.00112994350282486,0.000904977375565611,0,0,0,0,0,0,0,0,0,0,0.000658197854274995
tlahuac,del mar,0,0,0,0,0,0,0,0,0,0,0,0,0,0,0,0,0.00199167119319211,0.00147819660014782,0.00309597523219814,0,0.0031638418079096,0.00271493212669683,0,0,0,0,0.00104384133611691,0,0,0,0,0,0.00210623313367998
tlahuac,el rosario,0,0,0,0,0,0,0,0,0,0,0,0,0,0,0,0,0,0,0,0,0.000451977401129944,0.000904977375565611,0,0,0,0,0,0,0,0,0,0,0.000197459356282499
tlahuac,el triangulo,0,0,0,0,0,0,0,0,0,0,0,0,0,0,0,0,0.000543183052688756,0,0,0,0,0,0,0,0.00617283950617284,0,0.00417536534446764,0,0,0,0,0,0.000526558283419996
tlahuac,francisco villa,0,0,0,0,0,0,0,0,0,0,0,0,0,0,0,0,0,0,0,0,0.000225988700564972,0,0,0,0,0,0,0,0,0,0,0,6.58197854274995e-05
tlahuac,granjas cabrera,0,0,0,0,0,0,0,0,0,0,0,0,0,0,0,0,0.000181061017562919,0.00147819660014782,0,0,0,0,0,0,0,0,0,0,0,0,0,0,0.000197459356282499
tlahuac,guadalupe tlaltenco,0,0,0,0,0,0,0,0,0,0,0,0,0,0,0,0,0.000543183052688756,0.00073909830007391,0,0,0.000225988700564972,0,0,0,0,0,0,0,0,0,0,0,0.000329098927137498
tlahuac,jaime torres bodet,0,0,0,0,0,0,0,0,0,0,0,0,0,0,0,0,0.000181061017562919,0,0,0,0.000451977401129944,0,0,0,0,0,0,0,0,0,0,0,0.000197459356282499
tlahuac,jardines del llano,0,0,0,0,0,0,0,0,0,0,0,0,0,0,0,0,0.000181061017562919,0,0,0,0,0,0,0,0,0,0,0,0,0,0,0,6.58197854274995e-05
tlahuac,la asuncion,0,0,0,0,0,0,0,0,0,0,0,0,0,0,0,0,0,0.00073909830007391,0,0,0,0,0,0,0,0,0,0,0,0,0,0,6.58197854274995e-05
tlahuac,la asuncion - barrio,0,0,0,0,0,0,0,0,0,0,0,0,0,0,0,0,0,0,0,0,0,0.000904977375565611,0,0,0,0,0,0,0,0,0,0,6.58197854274995e-05
tlahuac,la asuncion i,0,0,0,0,0,0,0,0,0,0,0,0,0,0,0,0,0.000362122035125837,0.00073909830007391,0.00309597523219814,0,0.000451977401129944,0.00180995475113122,0,0,0,0,0,0,0,0,0,0,0.000526558283419996
tlahuac,la cienega,0,0,0,0,0,0,0,0,0,0,0,0,0,0,0,0,0,0,0,0,0.000677966101694915,0.000904977375565611,0,0,0.00617283950617284,0,0.00417536534446764,0,0,0,0,0,0.000592378068847496
tlahuac,la concepcion,0,0,0,0,0,0,0,0,0,0,0,0,0,0,0,0,0.000181061017562919,0.00295639320029564,0.00309597523219814,0,0.000903954802259887,0,0,0,0,0,0,0,0,0,0,0,0.000658197854274995
tlahuac,la conchita,0,0,0,0,0,0,0,0,0,0,0,0,0,0,0,0,0.000724244070251675,0,0.00309597523219814,0,0.00112994350282486,0.00271493212669683,0.0031201248049922,0,0,0,0.00104384133611691,0,0,0,0,0,0.00105311656683999
tlahuac,la conchita zapotitlan,0,0,0,0,0,0,0,0,0,0,0,0,0,0,0,0,0,0,0,0,0.000225988700564972,0,0,0,0,0,0,0,0,0,0,0,6.58197854274995e-05
tlahuac,la draga,0,0,0,0,0,0,0,0,0,0,0,0,0,0,0,0,0,0,0,0,0.000451977401129944,0.00180995475113122,0,0,0,0,0,0,0,0,0,0,0.000263279141709998
tlahuac,la estacion,0,0,0,0,0,0,0,0,0,0,0,0,0,0,0,0,0.00181061017562919,0,0,0,0.000903954802259887,0.000904977375565611,0,0,0,0,0,0,0,0,0,0,0.000987296781412493
tlahuac,la guadalupe,0,0,0,0,0,0,0,0,0,0,0,0,0,0,0,0,0.000362122035125837,0,0.00309597523219814,0,0.000451977401129944,0.000904977375565611,0,0,0,0,0,0,0,0,0,0,0.000394918712564997
tlahuac,la habana,0,0,0,0,0,0,0,0,0,0,0,0,0,0,0,0,0.00108636610537751,0.00221729490022173,0,0,0.000677966101694915,0.000904977375565611,0.0015600624024961,0,0,0,0.00104384133611691,0,0,0,0,0,0.000987296781412493
tlahuac,la loma,0,0,0,0,0,0,0,0,0,0,0,0,0,0,0,0,0,0,0,0,0.000225988700564972,0,0,0,0,0,0,0,0,0,0,0,6.58197854274995e-05
tlahuac,la lupita,0,0,0,0,0,0,0,0,0,0,0,0,0,0,0,0,0,0.00073909830007391,0,0,0.000225988700564972,0,0,0,0,0,0,0,0,0,0,0,0.000131639570854999
tlahuac,la magdalena,0,0,0,0,0,0,0,0,0,0,0,0,0,0,0,0,0.000181061017562919,0.00073909830007391,0,0,0,0,0,0,0,0,0,0,0,0,0,0,0.000131639570854999
tlahuac,la nopalera,0,0,0,0,0,0,0,0,0,0,0,0,0,0,0,0,0.000905305087814594,0.00147819660014782,0,0,0.00203389830508475,0.00180995475113122,0,0,0,0,0,0,0,0,0,0,0.00118475613769499
tlahuac,la soledad,0,0,0,0,0,0,0,0,0,0,0,0,0,0,0,0,0,0,0,0,0.000225988700564972,0,0,0,0,0,0,0,0,0,0,0,6.58197854274995e-05
tlahuac,la turba,0,0,0,0,0,0,0,0,0,0,0,0,0,0,0,0,0.000543183052688756,0,0,0,0.000451977401129944,0,0,0,0,0,0,0,0,0,0,0,0.000329098927137498
tlahuac,las arboledas,0,0,0,0,0,0,0,0,0,0,0,0,0,0,0,0,0.00162954915806627,0,0,0,0.00112994350282486,0.000904977375565611,0.0015600624024961,0,0,0,0.00417536534446764,0,0,0,0,0,0.00131639570854999
tlahuac,las puertas - barrio,0,0,0,0,0,0,0,0,0,0,0,0,0,0,0,0,0,0.00073909830007391,0,0,0,0,0,0,0,0,0,0,0,0,0,0,6.58197854274995e-05
tlahuac,lomas de san lorenzo,0,0,0,0,0,0,0,0,0,0,0,0,0,0,0,0,0.000181061017562919,0,0,0.0025706940874036,0,0,0,0,0,0,0,0,0,0,0,0,0.000131639570854999
tlahuac,los olivos,0,0,0,0,0,0,0,0,0,0,0,0,0,0,0,0,0.00108636610537751,0.00073909830007391,0,0,0.00135593220338983,0,0,0,0.0123456790123457,0,0.00104384133611691,0,0,0,0,0,0.00105311656683999
tlahuac,los reyes (del pueblo de san andres mixquic),0,0,0,0,0,0,0,0,0,0,0,0,0,0,0,0,0,0,0,0,0.000225988700564972,0.000904977375565611,0,0,0,0,0,0,0,0,0,0,0.000131639570854999
tlahuac,manuel gutierrez najera,0,0,0,0,0,0,0,0,0,0,0,0,0,0,0,0,0,0,0,0,0.000225988700564972,0.000904977375565611,0,0,0,0,0,0,0,0,0,0,0.000131639570854999
tlahuac,ojo de agua,0,0,0,0,0,0,0,0,0,0,0,0,0,0,0,0,0,0.00073909830007391,0,0,0.000903954802259887,0.000904977375565611,0,0,0,0,0,0,0,0.0833333333333333,0,0,0.000460738497992497
tlahuac,pena alta,0,0,0,0,0,0,0,0,0,0,0,0,0,0,0,0,0.000181061017562919,0,0.00309597523219814,0,0.000451977401129944,0.000904977375565611,0.0015600624024961,0,0,0,0,0,0,0,0,0,0.000394918712564997
tlahuac,quiahuatla,0,0,0,0,0,0,0,0,0,0,0,0,0,0,0,0,0.000543183052688756,0,0,0.0025706940874036,0.00112994350282486,0.000904977375565611,0.0015600624024961,0,0,0,0,0,0,0,0,0,0.000724017639702495
tlahuac,san agustin,0,0,0,0,0,0,0,0,0,0,0,0,0,0,0,0,0.000543183052688756,0,0,0,0.000225988700564972,0,0,0,0,0,0,0,0,0,0,0,0.000263279141709998
tlahuac,san agustin (del pueblo de san andres mixquic),0,0,0,0,0,0,0,0,0,0,0,0,0,0,0,0,0,0,0,0,0,0,0.0015600624024961,0,0,0,0,0,0,0,0,0,6.58197854274995e-05
tlahuac,san andres,0,0,0,0,0,0,0,0,0,0,0,0,0,0,0,0,0.00108636610537751,0.00147819660014782,0,0,0,0,0,0,0,0,0,0,0,0,0,0,0.000526558283419996
tlahuac,san bartolome (del pueblo de san andres mixquic),0,0,0,0,0,0,0,0,0,0,0,0,0,0,0,0,0.000181061017562919,0,0,0,0,0,0,0,0,0,0,0,0,0,0,0,6.58197854274995e-05
tlahuac,san isidro tulyehualco,0,0,0,0,0,0,0,0,0,0,0,0,0,0,0,0,0.000181061017562919,0.00147819660014782,0.00309597523219814,0,0.000225988700564972,0,0,0,0,0,0,0,0,0,0,0,0.000329098927137498
tlahuac,san jose,0,0,0,0,0,0,0,0,0,0,0,0,0,0,0,0,0.000543183052688756,0.00369549150036955,0,0,0.00112994350282486,0,0.0031201248049922,0,0,0,0,0,0,0,0,0,0.000987296781412493
tlahuac,san juan,0,0,0,0,0,0,0,0,0,0,0,0,0,0,0,0,0.000181061017562919,0,0,0,0,0,0,0.00584795321637427,0,0,0,0,0,0,0,0,0.000131639570854999
tlahuac,san mateo,0,0,0,0,0,0,0,0,0,0,0,0,0,0,0,0,0,0.00295639320029564,0,0,0.000677966101694915,0,0,0,0,0,0,0,0,0,0,0,0.000460738497992497
tlahuac,san miguel,0,0,0,0,0,0,0,0,0,0,0,0,0,0,0,0,0,0,0,0,0.000225988700564972,0.00180995475113122,0,0,0,0,0,0,0,0,0,0,0.000197459356282499
tlahuac,san miguel (del pueblo de san andres mixquic),0,0,0,0,0,0,0,0,0,0,0,0,0,0,0,0,0.000181061017562919,0,0.00309597523219814,0,0.000451977401129944,0,0.0015600624024961,0,0,0,0,0,0,0,0,0,0.000329098927137498
tlahuac,san miguel zapotitla,0,0,0,0,0,0,0,0,0,0,0,0,0,0,0,0,0.000543183052688756,0,0.00619195046439629,0.0025706940874036,0.00203389830508475,0.00271493212669683,0.0031201248049922,0,0,0,0,0,0,0,0,0,0.00131639570854999
tlahuac,san nicolas tetelco,0,0,0,0,0,0,0,0,0,0,0,0,0,0,0,0,0.000181061017562919,0.00073909830007391,0,0,0.000677966101694915,0.000904977375565611,0,0,0,0,0,0,0,0,0,0,0.000394918712564997
tlahuac,santa ana,0,0,0,0,0,0,0,0,0,0,0,0,0,0,0,0,0.000181061017562919,0,0,0,0,0.000904977375565611,0,0,0.0123456790123457,0,0,0,0,0,0,0,0.000263279141709998
tlahuac,santa ana centro,0,0,0,0,0,0,0,0,0,0,0,0,0,0,0,0,0.000181061017562919,0.00073909830007391,0,0,0,0.000904977375565611,0,0,0,0,0,0,0,0,0,0,0.000197459356282499
tlahuac,santa ana norte,0,0,0,0,0,0,0,0,0,0,0,0,0,0,0,0,0.000362122035125837,0.00073909830007391,0,0,0,0,0.0015600624024961,0,0,0,0,0,0,0,0,0,0.000263279141709998
tlahuac,santa ana poniente,0,0,0,0,0,0,0,0,0,0,0,0,0,0,0,0,0.00126742712294043,0.00147819660014782,0.0123839009287926,0,0.00271186440677966,0.000904977375565611,0.0078003120124805,0,0.0123456790123457,0,0.00104384133611691,0,0,0,0,0,0.00223787270453498
tlahuac,santa ana sur,0,0,0,0,0,0,0,0,0,0,0,0,0,0,0,0,0.000724244070251675,0,0.00309597523219814,0,0.000677966101694915,0,0,0,0.00617283950617284,0,0,0,0,0,0,0,0.000592378068847496
tlahuac,santa cecilia,0,0,0,0,0,0,0,0,0,0,0,0,0,0,0,0,0.000543183052688756,0.00221729490022173,0,0.0025706940874036,0.00135593220338983,0,0,0,0,0,0,0,0,0,0,0,0.000855657210557494
tlahuac,santa cruz (del pueblo de san andres mixquic),0,0,0,0,0,0,0,0,0,0,0,0,0,0,0,0,0.000181061017562919,0,0,0,0,0.000904977375565611,0,0,0,0,0,0,0,0,0,0,0.000131639570854999
tlahuac,santa maria de los olivos - barrio,0,0,0,0,0,0,0,0,0,0,0,0,0,0,0,0,0.000362122035125837,0,0,0,0.000225988700564972,0.000904977375565611,0.0015600624024961,0,0,0,0,0,0,0,0,0,0.000329098927137498
tlahuac,santiago,0,0,0,0,0,0,0,0,0,0,0,0,0,0,0,0,0.000181061017562919,0,0,0,0.000451977401129944,0.00180995475113122,0,0,0,0,0,0,0,0,0,0,0.000329098927137498
tlahuac,santiago norte,0,0,0,0,0,0,0,0,0,0,0,0,0,0,0,0,0.000181061017562919,0,0,0,0.000225988700564972,0.00180995475113122,0,0.00584795321637427,0,0,0,0,0,0,0,0,0.000329098927137498
tlahuac,santiago sur,0,0,0,0,0,0,0,0,0,0,0,0,0,0,0,0,0.000543183052688756,0,0.00309597523219814,0,0.000903954802259887,0.000904977375565611,0,0,0,0,0.00208768267223382,0,0,0,0,0,0.000724017639702495
tlahuac,selene,0,0,0,0,0,0,0,0,0,0,0,0,0,0,0,0,0,0,0,0,0.000677966101694915,0,0.0015600624024961,0,0,0,0,0,0,0,0,0,0.000263279141709998
tlahuac,selene 2a seccion,0,0,0,0,0,0,0,0,0,0,0,0,0,0,0,0,0.00108636610537751,0,0,0,0.000903954802259887,0.000904977375565611,0.0015600624024961,0,0,0,0,0,0,0,0,0,0.000789837425129994
tlahuac,tempiluli,0,0,0,0,0,0,0,0,0,0,0,0,0,0,0,0,0.000362122035125837,0,0,0,0,0.000904977375565611,0.0031201248049922,0,0,0,0,0,0,0,0,0,0.000329098927137498
tlahuac,tierra blanca,0,0,0,0,0,0,0,0,0,0,0,0,0,0,0,0,0,0,0,0,0,0.000904977375565611,0,0,0,0,0,0,0,0,0,0,6.58197854274995e-05
tlahuac,zapotitla,0,0,0,0,0,0,0,0,0,0,0,0,0,0,0,0,0,0.00073909830007391,0,0,0,0.000904977375565611,0,0,0,0,0,0,0,0,0,0,0.000131639570854999
tlalpan,2 de octubre,0,0,0,0,0,0,0,0,0,0,0,0,0,0,0,0,0.000181061017562919,0,0,0,0.000225988700564972,0.000904977375565611,0,0,0,0,0,0,0,0,0,0,0.000197459356282499
tlalpan,amsa,0,0,0,0,0,0,0,0,0,0,0,0,0,0,0,0,0.000181061017562919,0.00147819660014782,0,0,0.00180790960451977,0,0,0,0,0,0,0,0,0,0,0,0.000724017639702495
tlalpan,arboledas del sur,0,0,0,0,0,0,0,0,0,0,0,0,0,0,0,0,0.000181061017562919,0.00073909830007391,0,0,0.000677966101694915,0.00180995475113122,0,0.00584795321637427,0,0,0,0,0,0,0,0,0.000526558283419996
tlalpan,arenal,0,0,0,0,0,0,0,0,0,0,0,0,0,0,0,0,0,0,0,0,0,0,0,0.00584795321637427,0,0,0,0,0,0,0,0,6.58197854274995e-05
tlalpan,arenal tepepan,0,0,0,0,0,0,0,0,0,0,0,0,0,0,0,0,0.000362122035125837,0,0,0,0.00135593220338983,0.000904977375565611,0,0,0,0,0,0,0,0,0,0,0.000592378068847496
tlalpan,barrio de caramaguey,0,0,0,0,0,0,0,0,0,0,0,0,0,0,0,0,0,0,0,0,0,0,0,0.0116959064327485,0,0,0,0,0,0,0,0,0.000131639570854999
tlalpan,barrio del nino jesus,0,0,0,0,0,0,0,0,0,0,0,0,0,0,0,0,0.000181061017562919,0.00073909830007391,0,0,0.000225988700564972,0,0,0,0,0,0,0,0,0,0,0,0.000197459356282499
tlalpan,barrio el capulin,0,0,0,0,0,0,0,0,0,0,0,0,0,0,0,0,0.000181061017562919,0,0,0,0.000225988700564972,0,0,0,0,0,0,0,0,0,0,0,0.000131639570854999
tlalpan,barrio san fernando,0,0,0,0,0,0,0,0,0,0,0,0,0,0,0,0,0,0,0,0,0.000451977401129944,0,0,0,0,0,0,0,0,0,0,0,0.000131639570854999
tlalpan,belisario dominguez,0,0,0,0,0,0,0,0,0,0,0,0,0,0,0,0,0.000181061017562919,0.00073909830007391,0,0,0.000225988700564972,0.00180995475113122,0,0,0,0,0,0,0,0,0,0,0.000329098927137498
tlalpan,belvedere ajusco,0,0,0,0,0,0,0,0,0,0,0,0,0,0,0,0,0,0,0,0,0.000225988700564972,0.000904977375565611,0,0,0,0,0,0,0,0,0,0,0.000131639570854999
tlalpan,camisetas - barrio,0,0,0,0,0,0,0,0,0,0,0,0,0,0,0,0,0,0,0,0,0,0.000904977375565611,0,0,0,0,0,0,0,0,0,0,6.58197854274995e-05
tlalpan,cantera,0,0,0,0,0,0,0,0,0,0,0,0,0,0,0,0,0.000181061017562919,0,0,0,0,0,0.0015600624024961,0,0,0,0,0,0,0,0,0,0.000131639570854999
tlalpan,cantera puente de piedra,0,0,0,0,0,0,0,0,0,0,0,0,0,0,0,0,0.000181061017562919,0,0,0,0.000451977401129944,0.000904977375565611,0,0,0,0,0,0,0,0,0,0,0.000263279141709998
tlalpan,chichicaspatl,0,0,0,0,0,0,0,0,0,0,0,0,0,0,0,0,0.000181061017562919,0.00073909830007391,0.00309597523219814,0,0.000225988700564972,0,0,0,0,0,0,0,0,0,0,0,0.000263279141709998
tlalpan,chimalcoyotl,0,0,0,0,0,0,0,0,0,0,0,0,0,0,0,0,0.00126742712294043,0.00073909830007391,0,0,0.000451977401129944,0,0.0031201248049922,0,0,0,0,0,0,0,0,0,0.000789837425129994
tlalpan,chimilli,0,0,0,0,0,0,0,0,0,0,0,0,0,0,0,0,0,0.00073909830007391,0,0,0.000225988700564972,0,0,0,0,0,0,0,0,0,0,0,0.000131639570854999
tlalpan,colegio mexico,0,0,0,0,0,0,0,0,0,0,0,0,0,0,0,0,0,0,0,0,0.000451977401129944,0,0,0,0,0,0,0,0,0,0,0,0.000131639570854999
tlalpan,colinas del bosque,0,0,0,0,0,0,0,0,0,0,0,0,0,0,0,0,0,0.00073909830007391,0,0,0,0.000904977375565611,0,0,0,0,0,0,0,0,0,0,0.000131639570854999
tlalpan,cuchilla de padierna,0,0,0,0,0,0,0,0,0,0,0,0,0,0,0,0,0.000181061017562919,0,0,0,0.000677966101694915,0.000904977375565611,0,0,0,0,0,0,0,0,0,0,0.000329098927137498
tlalpan,cuchilla tepeximilpa,0,0,0,0,0,0,0,0,0,0,0,0,0,0,0,0,0,0,0,0,0.000225988700564972,0,0,0,0,0,0,0,0,0,0,0,6.58197854274995e-05
tlalpan,cultura maya,0,0,0,0,0,0,0,0,0,0,0,0,0,0,0,0,0.000362122035125837,0.00073909830007391,0,0,0,0,0,0,0,0,0,0,0,0,0,0,0.000197459356282499
tlalpan,cumbres de tepetongo,0,0,0,0,0,0,0,0,0,0,0,0,0,0,0,0,0.000181061017562919,0,0,0,0,0.000904977375565611,0,0,0,0,0,0,0,0,0,0,0.000131639570854999
tlalpan,de san juan tlalpan,0,0,0,0,0,0,0,0,0,0,0,0,0,0,0,0,0,0,0,0,0.000225988700564972,0,0,0,0,0,0,0,0,0,0,0,6.58197854274995e-05
tlalpan,dr ignacio chavez infonavit,0,0,0,0,0,0,0,0,0,0,0,0,0,0,0,0,0,0,0,0,0.000225988700564972,0,0,0,0,0,0,0,0,0,0,0,6.58197854274995e-05
tlalpan,el metro - barrio,0,0,0,0,0,0,0,0,0,0,0,0,0,0,0,0,0.000181061017562919,0.00073909830007391,0,0,0,0,0,0,0,0,0,0,0,0,0,0,0.000131639570854999
tlalpan,el mirador 1a seccion,0,0,0,0,0,0,0,0,0,0,0,0,0,0,0,0,0,0,0,0,0.000451977401129944,0,0,0,0,0,0,0,0,0,0,0,0.000131639570854999
tlalpan,el mirador 2a seccion,0,0,0,0,0,0,0,0,0,0,0,0,0,0,0,0,0.000181061017562919,0,0,0,0.000225988700564972,0,0,0,0,0,0,0,0,0,0,0,0.000131639570854999
tlalpan,el mirador 3a seccion,0,0,0,0,0,0,0,0,0,0,0,0,0,0,0,0,0,0,0,0,0.000225988700564972,0,0,0,0,0,0,0,0,0,0,0,6.58197854274995e-05
tlalpan,emilio portes gil,0,0,0,0,0,0,0,0,0,0,0,0,0,0,0,0,0.000181061017562919,0,0,0,0.00225988700564972,0,0,0,0.00617283950617284,0,0,0,0,0,0,0,0.000789837425129994
tlalpan,floresta coyoacan,0,0,0,0,0,0,0,0,0,0,0,0,0,0,0,0,0,0,0,0,0.000451977401129944,0.000904977375565611,0,0,0,0,0,0,0,0,0,0,0.000197459356282499
tlalpan,fuentes brotantes,0,0,0,0,0,0,0,0,0,0,0,0,0,0,0,0,0,0,0,0,0.000451977401129944,0,0,0,0,0,0,0,0,0,0,0,0.000131639570854999
tlalpan,fuentes del pedregal,0,0,0,0,0,0,0,0,0,0,0,0,0,0,0,0,0.000181061017562919,0,0,0,0,0,0,0.00584795321637427,0,0,0,0,0,0,0,0,0.000131639570854999
tlalpan,guadalupe,0,0,0,0,0,0,0,0,0,0,0,0,0,0,0,0,0.000181061017562919,0,0,0,0.000225988700564972,0.000904977375565611,0,0,0,0,0,0,0,0,0,0,0.000197459356282499
tlalpan,guadalupe tlalpan,0,0,0,0,0,0,0,0,0,0,0,0,0,0,0,0,0.000362122035125837,0,0,0,0.000225988700564972,0,0,0,0,0,0,0,0,0,0,0,0.000197459356282499
tlalpan,hacienda san juan,0,0,0,0,0,0,0,0,0,0,0,0,0,0,0,0,0,0.00073909830007391,0,0,0,0,0,0,0,0,0,0,0,0,0,0,6.58197854274995e-05
tlalpan,insurgentes cuicuilco,0,0,0,0,0,0,0,0,0,0,0,0,0,0,0,0,0,0,0,0,0.000225988700564972,0,0,0.00584795321637427,0,0,0,0,0,0,0,0,0.000131639570854999
tlalpan,isidro fabela,0,0,0,0,0,0,0,0,0,0,0,0,0,0,0,0,0.000724244070251675,0,0.00309597523219814,0,0.00112994350282486,0.00180995475113122,0.0031201248049922,0,0,0,0,0,0,0,0,0,0.000921476995984993
tlalpan,isidro fabela seccion cantil,0,0,0,0,0,0,0,0,0,0,0,0,0,0,0,0,0,0,0,0,0.000225988700564972,0,0,0,0,0,0,0,0,0,0,0,6.58197854274995e-05
tlalpan,issfam,0,0,0,0,0,0,0,0,0,0,0,0,0,0,0,0,0,0,0,0,0.000225988700564972,0,0,0,0,0,0,0,0,0,0,0,6.58197854274995e-05
tlalpan,jardines del ajusco,0,0,0,0,0,0,0,0,0,0,0,0,0,0,0,0,0.000543183052688756,0.00073909830007391,0,0,0.000451977401129944,0.000904977375565611,0,0,0,0,0,0,0,0,0,0,0.000460738497992497
tlalpan,jardines del pedregal,0,0,0,0,0,0,0,0,0,0,0,0,0,0,0,0,0.000181061017562919,0,0,0,0.000225988700564972,0,0,0,0,0,0,0,0,0,0,0,0.000131639570854999
tlalpan,jardines en la montana,0,0,0,0,0,0,0,0,0,0,0,0,0,0,0,0,0.000181061017562919,0.00369549150036955,0,0.0025706940874036,0.000451977401129944,0.000904977375565611,0,0,0,0.015625,0,0,0.125,0,0,0,0.000789837425129994
tlalpan,jardines villa coapa,0,0,0,0,0,0,0,0,0,0,0,0,0,0,0,0,0.000181061017562919,0,0,0,0,0,0,0,0,0,0,0,0,0,0,0,6.58197854274995e-05
tlalpan,la guadalupana,0,0,0,0,0,0,0,0,0,0,0,0,0,0,0,0,0,0,0,0,0.000225988700564972,0,0,0.00584795321637427,0,0,0,0,0,0,0,0,0.000131639570854999
tlalpan,la joya,0,0,0,0,0,0,0,0,0,0,0,0,0,0,0,0,0.000362122035125837,0,0,0,0.000225988700564972,0,0,0.00584795321637427,0,0,0,0,0,0,0,0,0.000263279141709998
tlalpan,la magdalena petlacalco,0,0,0,0,0,0,0,0,0,0,0,0,0,0,0,0,0,0,0,0,0.000903954802259887,0.00180995475113122,0,0,0,0,0,0,0,0,0,0,0.000394918712564997
tlalpan,la nopalera,0,0,0,0,0,0,0,0,0,0,0,0,0,0,0,0,0,0.00073909830007391,0,0,0,0,0,0,0,0,0,0,0,0,0,0,6.58197854274995e-05
tlalpan,las flores,0,0,0,0,0,0,0,0,0,0,0,0,0,0,0,0,0.000362122035125837,0,0,0,0.000451977401129944,0,0,0,0,0,0,0,0,0,0,0,0.000263279141709998
tlalpan,lomas de cuilotepec,0,0,0,0,0,0,0,0,0,0,0,0,0,0,0,0,0,0,0,0,0,0.000904977375565611,0,0,0,0,0,0,0,0,0,0,6.58197854274995e-05
tlalpan,lomas de padierna,0,0,0,0,0,0,0,0,0,0,0,0,0,0,0,0,0.00181061017562919,0.00591278640059128,0.00309597523219814,0.0025706940874036,0.00271186440677966,0.00271493212669683,0.0015600624024961,0.00584795321637427,0.00617283950617284,0,0,0,0,0,0,0,0.00250115184624498
tlalpan,lomas de tepemecatl,0,0,0,0,0,0,0,0,0,0,0,0,0,0,0,0,0,0,0.00309597523219814,0,0.000677966101694915,0,0.0031201248049922,0.00584795321637427,0,0,0,0,0,0,0,0,0.000460738497992497
tlalpan,lomas del pedregal framboyanes,0,0,0,0,0,0,0,0,0,0,0,0,0,0,0,0,0,0.00073909830007391,0,0,0.000225988700564972,0,0,0,0,0,0,0,0,0,0,0,0.000131639570854999
tlalpan,lomas hidalgo,0,0,0,0,0,0,0,0,0,0,0,0,0,0,0,0,0,0,0,0,0.000225988700564972,0,0,0,0,0,0,0,0,0,0,0,6.58197854274995e-05
tlalpan,los arcos,0,0,0,0,0,0,0,0,0,0,0,0,0,0,0,0,0,0,0,0,0.000225988700564972,0,0,0,0,0,0,0,0,0,0,0,6.58197854274995e-05
tlalpan,los cipreses,0,0,0,0,0,0,0,0,0,0,0,0,0,0,0,0,0.000181061017562919,0,0,0,0.000225988700564972,0.000904977375565611,0,0,0,0,0,0,0,0,0,0,0.000197459356282499
tlalpan,los encinos,0,0,0,0,0,0,0,0,0,0,0,0,0,0,0,0,0,0,0,0,0,0.000904977375565611,0,0,0,0,0,0,0,0,0,0,6.58197854274995e-05
tlalpan,magisterial,0,0,0,0,0,0,0,0,0,0,0,0,0,0,0,0,0,0,0,0,0.000225988700564972,0,0,0,0,0,0,0,0,0,0,0,6.58197854274995e-05
tlalpan,miguel hidalgo 1a seccion,0,0,0,0,0,0,0,0,0,0,0,0,0,0,0,0,0.00126742712294043,0.00073909830007391,0,0,0.000451977401129944,0.000904977375565611,0,0,0,0,0,0,0,0,0,0,0.000724017639702495
tlalpan,miguel hidalgo 3a seccion,0,0,0,0,0,0,0,0,0,0,0,0,0,0,0,0,0.000362122035125837,0,0.00619195046439629,0.0051413881748072,0.00112994350282486,0.00271493212669683,0.0015600624024961,0,0,0.015625,0,0,0,0,0,0,0.00105311656683999
tlalpan,mirador i,0,0,0,0,0,0,0,0,0,0,0,0,0,0,0,0,0.000181061017562919,0,0,0,0.000225988700564972,0,0.0015600624024961,0,0,0,0,0,0,0,0,0,0.000197459356282499
tlalpan,narciso mendoza super manzana 2 villa coapa,0,0,0,0,0,0,0,0,0,0,0,0,0,0,0,0,0,0,0,0,0.00135593220338983,0,0,0,0,0,0,0,0,0,0,0,0.000394918712564997
tlalpan,narciso mendoza super manzana 4 villa coapa,0,0,0,0,0,0,0,0,0,0,0,0,0,0,0,0,0.000362122035125837,0,0,0,0.00112994350282486,0,0,0,0.00617283950617284,0,0,0,0,0,0,0,0.000526558283419996
tlalpan,narciso mendoza super manzana 6 villa coapa,0,0,0,0,0,0,0,0,0,0,0,0,0,0,0,0,0,0,0,0,0.000451977401129944,0,0,0,0,0,0,0,0,0,0,0,0.000131639570854999
tlalpan,nueva oriental coapa,0,0,0,0,0,0,0,0,0,0,0,0,0,0,0,0,0.000181061017562919,0,0,0,0.000225988700564972,0.000904977375565611,0,0,0,0,0,0,0,0,0,0,0.000197459356282499
tlalpan,paraje tetenco,0,0,0,0,0,0,0,0,0,0,0,0,0,0,0,0,0,0,0,0,0.000225988700564972,0,0,0,0,0,0,0,0,0,0,0,6.58197854274995e-05
tlalpan,parque del pedregal,0,0,0,0,0,0,0,0,0,0,0,0,0,0,0,0,0.000181061017562919,0,0,0,0.0015819209039548,0,0,0,0.00617283950617284,0,0,0,0,0,0,0,0.000592378068847496
tlalpan,parque nacional bosque del pedregal,0,0,0,0,0,0,0,0,0,0,0,0,0,0,0,0,0.000181061017562919,0.00073909830007391,0,0,0.000225988700564972,0,0,0,0,0,0,0,0,0,0,0,0.000197459356282499
tlalpan,pedregal de aminco,0,0,0,0,0,0,0,0,0,0,0,0,0,0,0,0,0,0,0.00309597523219814,0,0.000225988700564972,0,0,0,0,0,0,0,0,0,0,0,0.000131639570854999
tlalpan,pedregal de san nicolas 3a seccion,0,0,0,0,0,0,0,0,0,0,0,0,0,0,0,0,0.000362122035125837,0.00073909830007391,0.00309597523219814,0,0.00135593220338983,0,0,0.00584795321637427,0,0,0,0,0,0,0,0,0.000724017639702495
tlalpan,pedregal de san nicolas 4a seccion,0,0,0,0,0,0,0,0,0,0,0,0,0,0,0,0,0.000724244070251675,0.00665188470066519,0,0.0025706940874036,0.00203389830508475,0,0.0046801872074883,0.00584795321637427,0,0,0,0,0,0,0,0,0.00177713420654249
tlalpan,pedregal de santa ursula xitla,0,0,0,0,0,0,0,0,0,0,0,0,0,0,0,0,0.000362122035125837,0,0,0,0.000903954802259887,0,0.0015600624024961,0,0,0,0,0,0,0,0,0,0.000460738497992497
tlalpan,pena pobre,0,0,0,0,0,0,0,0,0,0,0,0,0,0,0,0,0,0,0,0,0.000677966101694915,0,0,0,0,0,0,0,0,0,0,0,0.000197459356282499
tlalpan,plan de ayala,0,0,0,0,0,0,0,0,0,0,0,0,0,0,0,0,0.000181061017562919,0,0,0,0,0,0,0,0,0,0,0,0,0,0,0,6.58197854274995e-05
tlalpan,plaza coapa,0,0,0,0,0,0,0,0,0,0,0,0,0,0,0,0,0.000905305087814594,0,0,0,0.00180790960451977,0,0,0,0,0,0,0.0169491525423729,0,0,0,0,0.000921476995984993
tlalpan,popular santa teresa,0,0,0,0,0,0,0,0,0,0,0,0,0,0,0,0,0,0,0,0,0.000903954802259887,0,0,0,0,0,0,0,0,0,0,0,0.000263279141709998
tlalpan,prado coapa 1a seccion,0,0,0,0,0,0,0,0,0,0,0,0,0,0,0,0,0,0,0,0,0.000225988700564972,0,0,0,0,0,0,0,0,0,0,0,6.58197854274995e-05
tlalpan,prado coapa 2a seccion,0,0,0,0,0,0,0,0,0,0,0,0,0,0,0,0,0,0,0,0,0.000451977401129944,0.000904977375565611,0,0,0,0,0,0,0,0,0,0,0.000197459356282499
tlalpan,prado coapa 3a seccion,0,0,0,0,0,0,0,0,0,0,0,0,0,0,0,0,0.000181061017562919,0,0,0,0.000451977401129944,0,0,0,0,0,0,0,0,0.0833333333333333,0,0,0.000263279141709998
tlalpan,pueblo quieto,0,0,0,0,0,0,0,0,0,0,0,0,0,0,0,0,0.000362122035125837,0,0,0,0.000225988700564972,0.000904977375565611,0,0,0,0,0,0,0,0,0,0,0.000263279141709998
tlalpan,rancho los colorines,0,0,0,0,0,0,0,0,0,0,0,0,0,0,0,0,0.000181061017562919,0,0,0,0.000225988700564972,0,0,0,0,0,0,0,0,0,0,0,0.000131639570854999
tlalpan,residencial acoxpa,0,0,0,0,0,0,0,0,0,0,0,0,0,0,0,0,0,0,0,0,0.000225988700564972,0,0,0,0,0,0,0.0169491525423729,0,0,0,0,0.000131639570854999
tlalpan,residencial miramontes,0,0,0,0,0,0,0,0,0,0,0,0,0,0,0,0,0.000362122035125837,0,0,0,0,0,0,0,0,0,0,0,0,0,0,0,0.000131639570854999
tlalpan,residencial villa coapa super manzana 4,0,0,0,0,0,0,0,0,0,0,0,0,0,0,0,0,0.000181061017562919,0.00073909830007391,0,0,0,0,0,0,0,0,0,0,0,0,0,0,0.000131639570854999
tlalpan,residencial villa coapa super manzana 8,0,0,0,0,0,0,0,0,0,0,0,0,0,0,0,0,0,0,0,0,0.000225988700564972,0,0,0,0,0,0,0,0,0,0,0,6.58197854274995e-05
tlalpan,residencial villa prado coapa,0,0,0,0,0,0,0,0,0,0,0,0,0,0,0,0,0,0,0,0,0,0.000904977375565611,0,0,0,0,0,0,0,0,0,0,6.58197854274995e-05
tlalpan,rincon de san juan,0,0,0,0,0,0,0,0,0,0,0,0,0,0,0,0,0,0.00073909830007391,0,0,0,0,0,0,0,0,0,0,0,0,0,0,6.58197854274995e-05
tlalpan,rincon del pedregal,0,0,0,0,0,0,0,0,0,0,0,0,0,0,0,0,0.000181061017562919,0,0,0,0,0,0,0,0,0,0,0,0,0,0,0,6.58197854274995e-05
tlalpan,rinconada coapa 2a seccion,0,0,0,0,0,0,0,0,0,0,0,0,0,0,0,0,0.000181061017562919,0,0,0,0,0,0,0,0,0,0,0,0,0,0,0,6.58197854274995e-05
tlalpan,rinconada las hadas,0,0,0,0,0,0,0,0,0,0,0,0,0,0,0,0,0.000181061017562919,0,0,0,0,0,0,0,0,0,0,0,0,0,0,0,6.58197854274995e-05
tlalpan,rinconada santa teresa,0,0,0,0,0,0,0,0,0,0,0,0,0,0,0,0,0,0,0,0,0.000225988700564972,0,0,0,0,0,0,0,0,0,0,0,6.58197854274995e-05
tlalpan,rosario tlali,0,0,0,0,0,0,0,0,0,0,0,0,0,0,0,0,0,0.00073909830007391,0,0,0.000451977401129944,0,0,0,0,0,0,0,0,0,0,0,0.000197459356282499
tlalpan,san bartolo el chico,0,0,0,0,0,0,0,0,0,0,0,0,0,0,0,0,0.000362122035125837,0.00073909830007391,0,0,0.00112994350282486,0,0,0,0,0,0,0,0,0,0,0,0.000526558283419996
tlalpan,san buenaventura,0,0,0,0,0,0,0,0,0,0,0,0,0,0,0,0,0,0,0,0,0,0.000904977375565611,0,0,0,0,0,0,0,0,0,0,6.58197854274995e-05
tlalpan,san juan tepeximilpa,0,0,0,0,0,0,0,0,0,0,0,0,0,0,0,0,0.000181061017562919,0,0,0,0,0.00180995475113122,0,0,0,0,0,0,0,0,0,0,0.000197459356282499
tlalpan,san miguel ajusco,0,0,0,0,0,0,0,0,0,0,0,0,0,0,0,0,0.000724244070251675,0.00221729490022173,0.00309597523219814,0,0.00271186440677966,0.00452488687782806,0.0046801872074883,0,0,0,0,0,0,0,0,0,0.00184295399196999
tlalpan,san nicolas 2,0,0,0,0,0,0,0,0,0,0,0,0,0,0,0,0,0,0,0,0,0,0.000904977375565611,0,0,0,0,0,0,0,0,0,0,6.58197854274995e-05
tlalpan,san pedro apostol,0,0,0,0,0,0,0,0,0,0,0,0,0,0,0,0,0,0,0,0,0,0,0.0015600624024961,0,0,0,0,0,0,0,0,0,6.58197854274995e-05
tlalpan,san pedro martir fovissste,0,0,0,0,0,0,0,0,0,0,0,0,0,0,0,0,0,0,0,0,0.000225988700564972,0,0,0,0,0,0,0,0,0,0,0,6.58197854274995e-05
tlalpan,santisima trinidad,0,0,0,0,0,0,0,0,0,0,0,0,0,0,0,0,0,0,0,0,0,0.000904977375565611,0,0,0,0,0,0,0,0,0,0,6.58197854274995e-05
tlalpan,sauzales cebadales,0,0,0,0,0,0,0,0,0,0,0,0,0,0,0,0,0,0,0,0,0.000225988700564972,0,0,0,0,0,0,0,0,0,0,0,6.58197854274995e-05
tlalpan,sector 17,0,0,0,0,0,0,0,0,0,0,0,0,0,0,0,0,0.000181061017562919,0,0,0,0,0,0,0,0,0,0,0,0,0,0,0,6.58197854274995e-05
tlalpan,solidaridad,0,0,0,0,0,0,0,0,0,0,0,0,0,0,0,0,0,0,0,0.0025706940874036,0,0.000904977375565611,0,0,0,0,0,0,0,0,0,0,0.000131639570854999
tlalpan,temastititla,0,0,0,0,0,0,0,0,0,0,0,0,0,0,0,0,0,0,0,0,0.000225988700564972,0,0,0,0,0,0,0,0,0,0,0,6.58197854274995e-05
tlalpan,tezontitla,0,0,0,0,0,0,0,0,0,0,0,0,0,0,0,0,0,0,0,0,0.000225988700564972,0,0,0,0,0,0,0,0,0,0,0,6.58197854274995e-05
tlalpan,tlalcoligia,0,0,0,0,0,0,0,0,0,0,0,0,0,0,0,0,0.000543183052688756,0,0,0,0.000677966101694915,0.00180995475113122,0.0015600624024961,0,0,0,0,0,0,0,0,0,0.000592378068847496
tlalpan,tlalmille,0,0,0,0,0,0,0,0,0,0,0,0,0,0,0,0,0,0,0.00309597523219814,0,0.000225988700564972,0,0,0,0,0,0,0,0,0,0,0,0.000131639570854999
tlalpan,tlalpan centro i,0,0,0,0,0,0,0,0,0,0,0,0,0,0,0,0,0.000905305087814594,0.00147819660014782,0,0,0.00180790960451977,0.00271493212669683,0,0,0,0,0,0.0169491525423729,0,0,0,0,0.00125057592312249
tlalpan,tlalpan centro ii,0,0,0,0,0,0,0,0,0,0,0,0,0,0,0,0,0.00144848814050335,0.00221729490022173,0,0,0.000225988700564972,0.000904977375565611,0,0,0,0,0.00104384133611691,0,0,0,0,0,0.000921476995984993
tlalpan,torres de padierna,0,0,0,0,0,0,0,0,0,0,0,0,0,0,0,0,0,0.00073909830007391,0,0,0.000451977401129944,0,0,0,0,0,0,0,0,0,0,0,0.000197459356282499
tlalpan,valle escondido,0,0,0,0,0,0,0,0,0,0,0,0,0,0,0,0,0,0,0,0,0.000225988700564972,0,0,0,0,0,0,0,0,0,0,0,6.58197854274995e-05
tlalpan,verano,0,0,0,0,0,0,0,0,0,0,0,0,0,0,0,0,0.000181061017562919,0,0,0,0,0.000904977375565611,0,0,0,0,0,0,0,0,0,0,0.000131639570854999
tlalpan,vergel coapa,0,0,0,0,0,0,0,0,0,0,0,0,0,0,0,0,0.000181061017562919,0.00073909830007391,0,0,0.000903954802259887,0,0,0,0,0,0,0,0,0,0,0,0.000394918712564997
tlalpan,vergel del sur,0,0,0,0,0,0,0,0,0,0,0,0,0,0,0,0,0,0,0,0,0.000225988700564972,0,0,0,0,0,0,0,0,0,0,0,6.58197854274995e-05
tlalpan,villa cuemanco,0,0,0,0,0,0,0,0,0,0,0,0,0,0,0,0,0,0,0,0,0.000677966101694915,0,0,0,0,0,0,0,0,0,0,0,0.000197459356282499
tlalpan,villa cuemanco infonavit,0,0,0,0,0,0,0,0,0,0,0,0,0,0,0,0,0,0,0,0,0,0.000904977375565611,0,0,0,0,0,0,0,0,0,0,6.58197854274995e-05
tlalpan,villa lazaro cardenas,0,0,0,0,0,0,0,0,0,0,0,0,0,0,0,0,0.000181061017562919,0.00073909830007391,0,0.0025706940874036,0.000903954802259887,0,0.0015600624024961,0,0,0,0,0,0,0,0,0,0.000526558283419996
tlalpan,villa tlalpan,0,0,0,0,0,0,0,0,0,0,0,0,0,0,0,0,0,0.00073909830007391,0,0,0.000225988700564972,0,0,0,0,0,0,0,0,0,0,0,0.000131639570854999
tlalpan,vistas del pedregal,0,0,0,0,0,0,0,0,0,0,0,0,0,0,0,0,0.000181061017562919,0.00073909830007391,0,0,0.00112994350282486,0,0.0015600624024961,0,0,0,0,0,0,0,0,0,0.000526558283419996
tlalpan,viveros coatectlan,0,0,0,0,0,0,0,0,0,0,0,0,0,0,0,0,0,0,0,0,0,0,0,0.00584795321637427,0,0,0,0,0,0,0,0,6.58197854274995e-05
tlalpan,zacaton,0,0,0,0,0,0,0,0,0,0,0,0,0,0,0,0,0,0,0,0,0.000225988700564972,0.000904977375565611,0.0015600624024961,0,0,0,0,0,0,0,0,0,0.000197459356282499
tlalpan,zedec ampliacion plan de ayala,0,0,0,0,0,0,0,0,0,0,0,0,0,0,0,0,0.000181061017562919,0,0,0,0.000451977401129944,0.000904977375565611,0,0,0,0,0,0,0,0,0,0,0.000263279141709998
venustiano carranza,10 de mayo,0,0,0,0,0,0,0,0,0,0,0,0,0,0,0,0,0.000724244070251675,0,0,0,0,0.000904977375565611,0.0031201248049922,0,0,0,0,0,0,0,0,0,0.000460738497992497
venustiano carranza,1° de mayo,0,0,0,0,0,0,0,0,0,0,0,0,0,0,0,0,0.000181061017562919,0,0,0,0,0,0,0,0,0,0,0,0,0,0,0,6.58197854274995e-05
venustiano carranza,24 de abril,0,0,0,0,0,0,0,0,0,0,0,0,0,0,0,0,0,0,0,0,0.000225988700564972,0,0,0,0,0,0,0,0,0,0,0,6.58197854274995e-05
venustiano carranza,4 arboles,0,0,0,0,0,0,0,0,0,0,0,0,0,0,0,0,0.000724244070251675,0.00295639320029564,0,0,0.000903954802259887,0.000904977375565611,0,0,0,0,0,0,0,0,0,0,0.000855657210557494
venustiano carranza,5o tramo 20 de noviembre,0,0,0,0,0,0,0,0,0,0,0,0,0,0,0,0,0.000724244070251675,0.00073909830007391,0,0,0.000677966101694915,0,0.0031201248049922,0.00584795321637427,0,0,0,0,0,0,0,0,0.000724017639702495
venustiano carranza,7 de julio,0,0,0,0,0,0,0,0,0,0,0,0,0,0,0,0,0.000543183052688756,0,0,0,0,0,0,0,0,0,0.00417536534446764,0,0,0,0,0,0.000460738497992497
venustiano carranza,aaron saenz,0,0,0,0,0,0,0,0,0,0,0,0,0,0,0,0,0,0,0.00309597523219814,0,0,0,0,0,0,0,0,0,0,0,0,0,6.58197854274995e-05
venustiano carranza,adolfo lopez mateos,0,0,0,0,0,0,0,0,0,0,0,0,0,0,0,0,0.000724244070251675,0.00073909830007391,0,0,0.000225988700564972,0.000904977375565611,0,0,0,0,0,0,0,0,0,0,0.000460738497992497
venustiano carranza,aeronautica militar,0,0,0,0,0,0,0,0,0,0,0,0,0,0,0,0,0.000181061017562919,0,0,0,0.000677966101694915,0,0,0,0,0,0,0,0,0,0,0,0.000263279141709998
venustiano carranza,aeropuerto internacional benito juarez,0,0,0,0,0,0,0,0,0,0,0,0,0,0,0,0,0.00126742712294043,0.00073909830007391,0,0,0.0015819209039548,0,0.0015600624024961,0,0,0,0.00208768267223382,0,0,0,0,0,0.00118475613769499
venustiano carranza,alvaro obregon,0,0,0,0,0,0,0,0,0,0,0,0,0,0,0,0,0.000181061017562919,0.00073909830007391,0,0,0.000451977401129944,0.00180995475113122,0.0015600624024961,0.0116959064327485,0,0,0,0,0,0,0,0,0.000592378068847496
venustiano carranza,ampliacion 20 de noviembre,0,0,0,0,0,0,0,0,0,0,0,0,0,0,0,0,0.000724244070251675,0,0,0,0,0,0,0,0,0,0,0,0,0,0,0,0.000263279141709998
venustiano carranza,ampliacion 7 de julio,0,0,0,0,0,0,0,0,0,0,0,0,0,0,0,0,0.000181061017562919,0,0,0,0.000451977401129944,0.000904977375565611,0,0,0,0,0,0,0,0,0,0,0.000263279141709998
venustiano carranza,ampliacion adolfo lopez mateos,0,0,0,0,0,0,0,0,0,0,0,0,0,0,0,0,0.00162954915806627,0,0.00309597523219814,0,0,0,0,0,0.00617283950617284,0,0.00730688935281837,0,0,0,0,0,0.00118475613769499
venustiano carranza,ampliacion aviacion civil,0,0,0,0,0,0,0,0,0,0,0,0,0,0,0,0,0,0,0,0,0.000451977401129944,0,0,0,0,0,0,0,0,0,0,0,0.000131639570854999
venustiano carranza,ampliacion caracol,0,0,0,0,0,0,0,0,0,0,0,0,0,0,0,0,0,0,0,0,0,0.000904977375565611,0,0.00584795321637427,0,0,0,0,0,0,0,0,0.000131639570854999
venustiano carranza,ampliacion penitenciaria,0,0,0,0,0,0,0,0,0,0,0,0,0,0,0,0,0.000724244070251675,0.00073909830007391,0.00309597523219814,0,0.000225988700564972,0,0.0062402496099844,0,0,0,0,0,0,0,0,0,0.000724017639702495
venustiano carranza,ampliacion venustiano carranza,0,0,0,0,0,0,0,0,0,0,0,0,0,0,0,0,0.000181061017562919,0,0,0,0,0,0.0015600624024961,0.00584795321637427,0,0,0,0,0,0,0,0,0.000197459356282499
venustiano carranza,aquiles serdan,0,0,0,0,0,0,0,0,0,0,0,0,0,0,0,0,0.00144848814050335,0.00073909830007391,0,0,0.0015819209039548,0.00271493212669683,0,0.00584795321637427,0,0,0.00104384133611691,0,0,0,0,0,0.00138221549397749
venustiano carranza,arenal 1a seccion,0,0,0,0,0,0,0,0,0,0,0,0,0,0,0,0,0,0.00073909830007391,0,0,0.000903954802259887,0,0,0,0,0,0,0,0,0,0,0,0.000329098927137498
venustiano carranza,arenal 2a seccion,0,0,0,0,0,0,0,0,0,0,0,0,0,0,0,0,0.000543183052688756,0.00073909830007391,0,0,0,0,0,0,0,0,0,0,0,0,0,0,0.000263279141709998
venustiano carranza,arenal 4a seccion,0,0,0,0,0,0,0,0,0,0,0,0,0,0,0,0,0.00108636610537751,0,0,0,0.00112994350282486,0.000904977375565611,0,0,0.00617283950617284,0,0,0,0,0,0,0,0.000855657210557494
venustiano carranza,arenal puerto aereo,0,0,0,0,0,0,0,0,0,0,0,0,0,0,0,0,0.000181061017562919,0,0,0,0,0,0.0015600624024961,0,0,0,0,0,0,0,0,0,0.000131639570854999
venustiano carranza,artes graficas,0,0,0,0,0,0,0,0,0,0,0,0,0,0,0,0,0.00144848814050335,0.00073909830007391,0,0,0.000225988700564972,0.000904977375565611,0,0,0,0,0,0,0,0,0,0,0.000724017639702495
venustiano carranza,aviacion civil,0,0,0,0,0,0,0,0,0,0,0,0,0,0,0,0,0.00199167119319211,0.00073909830007391,0,0.0025706940874036,0.000677966101694915,0.00180995475113122,0.0015600624024961,0,0.00617283950617284,0,0.00104384133611691,0,0,0,0,0,0.00138221549397749
venustiano carranza,azteca,0,0,0,0,0,0,0,0,0,0,0,0,0,0,0,0,0.000181061017562919,0,0,0.0025706940874036,0,0.000904977375565611,0,0,0,0,0,0,0,0,0,0,0.000197459356282499
venustiano carranza,caracol,0,0,0,0,0,0,0,0,0,0,0,0,0,0,0,0,0.000181061017562919,0.00221729490022173,0,0,0.000677966101694915,0,0,0,0,0,0,0,0,0,0,0,0.000460738497992497
venustiano carranza,damian carmona,0,0,0,0,0,0,0,0,0,0,0,0,0,0,0,0,0.000181061017562919,0,0.00309597523219814,0,0.000225988700564972,0,0.0015600624024961,0,0,0,0,0,0,0,0,0,0.000263279141709998
venustiano carranza,del parque,0,0,0,0,0,0,0,0,0,0,0,0,0,0,0,0,0,0,0,0,0.000225988700564972,0,0,0,0,0,0,0,0,0,0,0,6.58197854274995e-05
venustiano carranza,el parque,0,0,0,0,0,0,0,0,0,0,0,0,0,0,0,0,0.00199167119319211,0.00073909830007391,0,0,0.000903954802259887,0,0.0015600624024961,0.00584795321637427,0,0,0.00208768267223382,0,0,0,0,0,0.00131639570854999
venustiano carranza,emiliano zapata,0,0,0,0,0,0,0,0,0,0,0,0,0,0,0,0,0,0.00073909830007391,0.00309597523219814,0,0,0,0,0,0,0,0,0,0,0,0,0,0.000131639570854999
venustiano carranza,escuela de tiro,0,0,0,0,0,0,0,0,0,0,0,0,0,0,0,0,0,0,0,0,0,0,0.0015600624024961,0,0,0,0.00208768267223382,0,0,0,0,0,0.000197459356282499
venustiano carranza,felipe angeles,0,0,0,0,0,0,0,0,0,0,0,0,0,0,0,0,0.000543183052688756,0.00073909830007391,0.00309597523219814,0,0,0,0,0.00584795321637427,0,0,0,0,0,0,0,0,0.000394918712564997
venustiano carranza,general ignacio zaragoza,0,0,0,0,0,0,0,0,0,0,0,0,0,0,0,0,0.00217273221075502,0.00295639320029564,0,0.0025706940874036,0.00135593220338983,0.00180995475113122,0.0031201248049922,0,0.00617283950617284,0,0.00313152400835073,0,0,0,0,0,0.00204041334825248
venustiano carranza,granjas mexico,0,0,0,0,0,0,0,0,0,0,0,0,0,0,0,0,0.000181061017562919,0,0,0,0,0,0,0,0,0,0,0,0,0,0,0,6.58197854274995e-05
venustiano carranza,industrial puerto aereo,0,0,0,0,0,0,0,0,0,0,0,0,0,0,0,0,0.000181061017562919,0.00221729490022173,0,0,0.000451977401129944,0,0,0,0,0,0,0,0,0,0,0,0.000394918712564997
venustiano carranza,jamaica,0,0,0,0,0,0,0,0,0,0,0,0,0,0,0,0,0.000905305087814594,0.00073909830007391,0,0.0025706940874036,0,0,0.0031201248049922,0,0,0,0.00208768267223382,0,0,0,0,0,0.000724017639702495
venustiano carranza,janitzio,0,0,0,0,0,0,0,0,0,0,0,0,0,0,0,0,0.000362122035125837,0,0,0.0025706940874036,0.000451977401129944,0,0,0,0,0,0,0,0,0,0,0,0.000329098927137498
venustiano carranza,lorenzo boturini,0,0,0,0,0,0,0,0,0,0,0,0,0,0,0,0,0.00108636610537751,0.00147819660014782,0,0,0.000677966101694915,0.00180995475113122,0,0,0,0,0,0,0,0,0,0,0.000855657210557494
venustiano carranza,magdalena mixiuhca,0,0,0,0,0,0,0,0,0,0,0,0,0,0,0,0,0.000362122035125837,0.00295639320029564,0.00309597523219814,0,0,0.00271493212669683,0.0015600624024961,0,0,0,0.00104384133611691,0,0,0,0,0,0.000789837425129994
venustiano carranza,merced balbuena,0,0,0,0,0,0,0,0,0,0,0,0,0,0,0,0,0.0028969762810067,0,0,0,0.000451977401129944,0.000904977375565611,0,0,0,0,0,0,0,0,0,0,0.00125057592312249
venustiano carranza,michoacana,0,0,0,0,0,0,0,0,0,0,0,0,0,0,0,0,0.000724244070251675,0,0,0,0,0.000904977375565611,0,0,0,0,0.00104384133611691,0,0,0,0,0,0.000394918712564997
venustiano carranza,moctezuma 1a seccion,0,0,0,0,0,0,0,0,0,0,0,0,0,0,0,0,0.00181061017562919,0.00147819660014782,0.00309597523219814,0.0077120822622108,0.00203389830508475,0.000904977375565611,0,0,0,0,0.00208768267223382,0,0,0,0,0,0.00184295399196999
venustiano carranza,nicolas bravo,0,0,0,0,0,0,0,0,0,0,0,0,0,0,0,0,0.000362122035125837,0,0,0,0.000677966101694915,0,0,0,0,0,0.00104384133611691,0,0,0,0,0,0.000394918712564997
venustiano carranza,penitenciaria,0,0,0,0,0,0,0,0,0,0,0,0,0,0,0,0,0.000362122035125837,0.00073909830007391,0,0,0,0,0,0,0,0,0,0,0,0,0,0,0.000197459356282499
venustiano carranza,pensador mexicano,0,0,0,0,0,0,0,0,0,0,0,0,0,0,0,0,0.00144848814050335,0.00221729490022173,0.00309597523219814,0,0.00135593220338983,0.000904977375565611,0.0015600624024961,0.00584795321637427,0,0.015625,0.00417536534446764,0,0,0,0,0,0.00171131442111499
venustiano carranza,popular rastro,0,0,0,0,0,0,0,0,0,0,0,0,0,0,0,0,0.000905305087814594,0.00221729490022173,0,0,0.000903954802259887,0,0,0,0,0,0,0,0,0,0,0,0.000789837425129994
venustiano carranza,puebla,0,0,0,0,0,0,0,0,0,0,0,0,0,0,0,0,0.000181061017562919,0,0,0,0.000677966101694915,0.000904977375565611,0.0046801872074883,0,0.00617283950617284,0,0.00208768267223382,0,0,0,0,0,0.000724017639702495
venustiano carranza,pueblo de la magdalena mixiuhca,0,0,0,0,0,0,0,0,0,0,0,0,0,0,0,0,0.00217273221075502,0.00073909830007391,0.00619195046439629,0.0051413881748072,0.00112994350282486,0,0,0,0,0,0.00208768267223382,0,0,0,0,0,0.00157967485025999
venustiano carranza,revolucion,0,0,0,0,0,0,0,0,0,0,0,0,0,0,0,0,0.000905305087814594,0,0,0,0.000225988700564972,0,0.0015600624024961,0,0,0,0.00104384133611691,0,0,0,0,0,0.000526558283419996
venustiano carranza,santa cruz aviacion,0,0,0,0,0,0,0,0,0,0,0,0,0,0,0,0,0.000362122035125837,0,0,0,0.000903954802259887,0,0.0015600624024961,0,0,0,0,0,0,0,0,0,0.000460738497992497
venustiano carranza,sevilla,0,0,0,0,0,0,0,0,0,0,0,0,0,0,0,0,0.000181061017562919,0.00073909830007391,0,0,0.000225988700564972,0,0,0,0,0,0.00208768267223382,0,0,0,0,0,0.000329098927137498
venustiano carranza,unidad kennedy,0,0,0,0,0,0,0,0,0,0,0,0,0,0,0,0,0.000181061017562919,0,0,0,0.000451977401129944,0,0.0015600624024961,0.00584795321637427,0,0,0,0,0,0,0,0,0.000329098927137498
venustiano carranza,unidad morelos,0,0,0,0,0,0,0,0,0,0,0,0,0,0,0,0,0.000181061017562919,0,0,0,0,0,0,0,0,0,0,0,0,0,0,0,6.58197854274995e-05
venustiano carranza,valentin gomez farias,0,0,0,0,0,0,0,0,0,0,0,0,0,0,0,0,0.000543183052688756,0.00369549150036955,0,0,0.00135593220338983,0,0.0015600624024961,0,0,0,0.00104384133611691,0,0,0,0,0,0.00105311656683999
venustiano carranza,venustiano carranza,0,0,0,0,0,0,0,0,0,0,0,0,0,0,0,0,0,0,0.00619195046439629,0,0.000903954802259887,0,0,0,0,0,0,0,0,0,0,0,0.000394918712564997
xochimilco,altos tepetlica,0,0,0,0,0,0,0,0,0,0,0,0,0,0,0,0,0.000181061017562919,0,0,0,0.000225988700564972,0,0,0,0,0,0,0,0,0,0,0,0.000131639570854999
xochimilco,barrio 3 de mayo,0,0,0,0,0,0,0,0,0,0,0,0,0,0,0,0,0.000362122035125837,0,0,0,0,0,0,0,0,0,0,0,0,0,0,0,0.000131639570854999
xochimilco,barrio belen,0,0,0,0,0,0,0,0,0,0,0,0,0,0,0,0,0.000543183052688756,0.00073909830007391,0,0,0.000225988700564972,0,0,0,0,0,0,0,0,0,0,0,0.000329098927137498
xochimilco,barrio calyequita,0,0,0,0,0,0,0,0,0,0,0,0,0,0,0,0,0.000724244070251675,0.00443458980044346,0.00309597523219814,0,0,0,0,0,0,0,0,0,0,0,0,0,0.000724017639702495
xochimilco,barrio el rosario,0,0,0,0,0,0,0,0,0,0,0,0,0,0,0,0,0.00217273221075502,0,0,0,0.000225988700564972,0,0,0,0,0,0,0,0,0,0,0,0.000855657210557494
xochimilco,barrio la concepcion tlacoapa,0,0,0,0,0,0,0,0,0,0,0,0,0,0,0,0,0.000543183052688756,0,0,0,0,0,0,0,0,0,0,0,0,0,0,0,0.000197459356282499
xochimilco,barrio las cruces,0,0,0,0,0,0,0,0,0,0,0,0,0,0,0,0,0,0,0,0,0.000225988700564972,0,0,0,0,0,0,0,0,0,0,0,6.58197854274995e-05
xochimilco,barrio los reyes,0,0,0,0,0,0,0,0,0,0,0,0,0,0,0,0,0.000181061017562919,0,0,0,0,0.00180995475113122,0,0,0,0,0,0,0,0,0,0,0.000197459356282499
xochimilco,barrio san andres,0,0,0,0,0,0,0,0,0,0,0,0,0,0,0,0,0.000181061017562919,0,0,0,0.000225988700564972,0,0,0,0,0,0,0,0,0,0,0,0.000131639570854999
xochimilco,barrio san antonio,0,0,0,0,0,0,0,0,0,0,0,0,0,0,0,0,0.000181061017562919,0,0,0,0.000677966101694915,0,0,0,0,0,0,0,0,0,0,0,0.000263279141709998
xochimilco,barrio san cristobal,0,0,0,0,0,0,0,0,0,0,0,0,0,0,0,0,0.000181061017562919,0,0,0,0,0,0.0015600624024961,0,0,0,0,0,0,0,0,0,0.000131639570854999
xochimilco,barrio san esteban,0,0,0,0,0,0,0,0,0,0,0,0,0,0,0,0,0,0,0,0.0025706940874036,0,0,0,0,0,0,0,0,0,0,0,0,6.58197854274995e-05
xochimilco,barrio san jose,0,0,0,0,0,0,0,0,0,0,0,0,0,0,0,0,0,0,0,0,0,0,0.0031201248049922,0,0,0,0,0,0,0,0,0,0.000131639570854999
xochimilco,barrio san juan minas,0,0,0,0,0,0,0,0,0,0,0,0,0,0,0,0,0,0,0,0,0.000451977401129944,0,0,0,0,0,0,0,0,0,0,0,0.000131639570854999
xochimilco,barrio san juan moyotepec,0,0,0,0,0,0,0,0,0,0,0,0,0,0,0,0,0,0,0,0,0.000451977401129944,0.00180995475113122,0,0,0,0,0,0,0,0,0,0,0.000263279141709998
xochimilco,barrio san lorenzo,0,0,0,0,0,0,0,0,0,0,0,0,0,0,0,0,0,0,0,0,0,0.00180995475113122,0.0015600624024961,0,0,0,0,0,0,0,0,0,0.000197459356282499
xochimilco,barrio san pedro,0,0,0,0,0,0,0,0,0,0,0,0,0,0,0,0,0.000905305087814594,0.00073909830007391,0,0,0.000903954802259887,0.000904977375565611,0,0,0,0,0,0,0,0,0,0,0.000724017639702495
xochimilco,barrio santa crucita,0,0,0,0,0,0,0,0,0,0,0,0,0,0,0,0,0.000543183052688756,0,0,0,0,0.000904977375565611,0,0,0,0,0,0,0,0,0,0,0.000263279141709998
xochimilco,bosque residencial del sur,0,0,0,0,0,0,0,0,0,0,0,0,0,0,0,0,0,0,0,0.0025706940874036,0,0,0,0.00584795321637427,0,0,0,0,0,0,0,0,0.000131639570854999
xochimilco,caltongo,0,0,0,0,0,0,0,0,0,0,0,0,0,0,0,0,0.000543183052688756,0,0,0.0025706940874036,0.000225988700564972,0,0.0015600624024961,0,0,0,0,0,0,0,0,0,0.000394918712564997
xochimilco,cerrillos primera seccion,0,0,0,0,0,0,0,0,0,0,0,0,0,0,0,0,0.000181061017562919,0,0,0,0,0.000904977375565611,0.0015600624024961,0,0,0,0,0,0,0,0,0,0.000197459356282499
xochimilco,cerrillos segunda seccion,0,0,0,0,0,0,0,0,0,0,0,0,0,0,0,0,0,0,0,0,0,0.00271493212669683,0.0015600624024961,0,0,0,0,0,0,0,0,0,0.000263279141709998
xochimilco,cerrillos tercera seccion,0,0,0,0,0,0,0,0,0,0,0,0,0,0,0,0,0.000362122035125837,0,0,0,0,0,0.0031201248049922,0,0,0,0,0,0,0,0,0,0.000263279141709998
xochimilco,del carmen,0,0,0,0,0,0,0,0,0,0,0,0,0,0,0,0,0.000543183052688756,0,0.00309597523219814,0,0.000451977401129944,0,0,0,0,0,0,0,0,0,0,0,0.000394918712564997
xochimilco,division del norte infonavit,0,0,0,0,0,0,0,0,0,0,0,0,0,0,0,0,0.000181061017562919,0,0,0,0,0,0,0,0,0,0,0,0,0,0,0,6.58197854274995e-05
xochimilco,duraznotitla,0,0,0,0,0,0,0,0,0,0,0,0,0,0,0,0,0,0,0,0,0.000225988700564972,0,0,0,0,0,0,0,0,0,0,0,6.58197854274995e-05
xochimilco,el arenal,0,0,0,0,0,0,0,0,0,0,0,0,0,0,0,0,0,0,0,0,0.000225988700564972,0,0,0,0,0,0,0,0,0,0,0,6.58197854274995e-05
xochimilco,el jazmin,0,0,0,0,0,0,0,0,0,0,0,0,0,0,0,0,0.000181061017562919,0,0,0.0025706940874036,0.000225988700564972,0,0,0,0,0,0,0,0,0,0,0,0.000197459356282499
xochimilco,el mirador  (santa cruz xochitepec),0,0,0,0,0,0,0,0,0,0,0,0,0,0,0,0,0.000181061017562919,0,0,0,0.000451977401129944,0,0,0,0,0.015625,0,0,0,0,0,0,0.000263279141709998
xochimilco,el mirador 2a seccion,0,0,0,0,0,0,0,0,0,0,0,0,0,0,0,0,0,0,0,0,0,0.000904977375565611,0,0,0,0,0,0,0,0,0,0,6.58197854274995e-05
xochimilco,guadalupe,0,0,0,0,0,0,0,0,0,0,0,0,0,0,0,0,0,0,0,0,0.000451977401129944,0.000904977375565611,0,0,0,0,0,0,0,0,0,0,0.000197459356282499
xochimilco,guadalupita,0,0,0,0,0,0,0,0,0,0,0,0,0,0,0,0,0.000362122035125837,0,0,0,0,0,0,0,0,0,0,0,0,0,0,0,0.000131639570854999
xochimilco,huichapan,0,0,0,0,0,0,0,0,0,0,0,0,0,0,0,0,0,0,0,0,0.000225988700564972,0,0,0,0,0,0,0,0,0,0,0,6.58197854274995e-05
xochimilco,jardines del sur,0,0,0,0,0,0,0,0,0,0,0,0,0,0,0,0,0.000181061017562919,0,0,0,0.000225988700564972,0.000904977375565611,0,0,0,0,0,0,0,0,0,0,0.000197459356282499
xochimilco,la concha,0,0,0,0,0,0,0,0,0,0,0,0,0,0,0,0,0,0,0,0,0.000225988700564972,0,0.0015600624024961,0,0,0,0,0,0,0,0,0,0.000131639570854999
xochimilco,la joya,0,0,0,0,0,0,0,0,0,0,0,0,0,0,0,0,0.000181061017562919,0,0,0,0.00112994350282486,0,0,0,0,0,0,0,0,0,0,0,0.000394918712564997
xochimilco,la noria,0,0,0,0,0,0,0,0,0,0,0,0,0,0,0,0,0,0,0,0,0.000225988700564972,0,0,0,0,0,0,0,0,0,0,0,6.58197854274995e-05
xochimilco,la noria i,0,0,0,0,0,0,0,0,0,0,0,0,0,0,0,0,0,0,0,0,0,0.000904977375565611,0.0015600624024961,0,0,0,0,0,0,0,0,0,0.000131639570854999
xochimilco,las animas,0,0,0,0,0,0,0,0,0,0,0,0,0,0,0,0,0.000181061017562919,0.00073909830007391,0,0,0.000225988700564972,0,0,0,0,0,0,0,0,0,0,0,0.000197459356282499
xochimilco,lomas de nativitas,0,0,0,0,0,0,0,0,0,0,0,0,0,0,0,0,0,0.00073909830007391,0,0,0,0,0,0,0,0,0,0,0,0,0,0,6.58197854274995e-05
xochimilco,lomas de tonalco,0,0,0,0,0,0,0,0,0,0,0,0,0,0,0,0,0.000181061017562919,0,0,0,0.000225988700564972,0,0,0,0,0,0,0,0,0,0,0,0.000131639570854999
xochimilco,nativitas (pueblo san lucas xochimanca),0,0,0,0,0,0,0,0,0,0,0,0,0,0,0,0,0,0,0,0,0.000225988700564972,0,0,0,0,0,0,0,0,0,0,0,6.58197854274995e-05
xochimilco,parque ecologico de xochimilco,0,0,0,0,0,0,0,0,0,0,0,0,0,0,0,0,0.000905305087814594,0.00073909830007391,0,0,0.00135593220338983,0,0.0015600624024961,0,0,0.015625,0,0,0,0,0,0,0.000921476995984993
xochimilco,paseos del sur,0,0,0,0,0,0,0,0,0,0,0,0,0,0,0,0,0.000181061017562919,0,0,0,0,0.000904977375565611,0,0,0,0,0,0,0,0,0,0,0.000131639570854999
xochimilco,pedregal de san francisco,0,0,0,0,0,0,0,0,0,0,0,0,0,0,0,0,0.000362122035125837,0,0,0,0,0.000904977375565611,0,0,0,0,0,0,0,0,0,0,0.000197459356282499
xochimilco,pista olimpica virgilio uribe (canal de cuemanco),0,0,0,0,0,0,0,0,0,0,0,0,0,0,0,0,0.000181061017562919,0,0,0,0.000225988700564972,0,0,0,0,0,0,0,0,0,0,0,0.000131639570854999
xochimilco,potrero de san bernardino,0,0,0,0,0,0,0,0,0,0,0,0,0,0,0,0,0,0.00073909830007391,0,0,0.000451977401129944,0.000904977375565611,0,0,0,0.015625,0,0,0,0,0,0,0.000329098927137498
xochimilco,pueblo nativitas,0,0,0,0,0,0,0,0,0,0,0,0,0,0,0,0,0.000181061017562919,0,0,0,0.000225988700564972,0,0.0015600624024961,0,0,0,0,0,0,0,0,0,0.000197459356282499
xochimilco,quirino mendoza,0,0,0,0,0,0,0,0,0,0,0,0,0,0,0,0,0,0.00073909830007391,0,0,0,0,0,0,0,0,0,0,0,0,0,0,6.58197854274995e-05
xochimilco,quirino mendoza (tulyehualco),0,0,0,0,0,0,0,0,0,0,0,0,0,0,0,0,0,0,0,0,0.000225988700564972,0.000904977375565611,0,0,0,0,0,0,0,0,0,0,0.000131639570854999
xochimilco,rancho tejomulco,0,0,0,0,0,0,0,0,0,0,0,0,0,0,0,0,0.000181061017562919,0,0,0,0.000451977401129944,0,0,0,0,0,0,0,0,0,0,0,0.000197459356282499
xochimilco,residencial aldama,0,0,0,0,0,0,0,0,0,0,0,0,0,0,0,0,0,0.00147819660014782,0,0,0,0,0,0,0,0,0,0,0,0,0,0,0.000131639570854999
xochimilco,rosario tlali,0,0,0,0,0,0,0,0,0,0,0,0,0,0,0,0,0.000181061017562919,0.00073909830007391,0.00309597523219814,0,0.000451977401129944,0,0,0,0,0,0,0,0,0,0,0,0.000329098927137498
xochimilco,san andres ahuayucan,0,0,0,0,0,0,0,0,0,0,0,0,0,0,0,0,0,0,0.00309597523219814,0,0.00135593220338983,0,0,0,0,0,0,0,0,0,0,0,0.000460738497992497
xochimilco,san bartolo el chico,0,0,0,0,0,0,0,0,0,0,0,0,0,0,0,0,0.000181061017562919,0,0,0,0,0,0,0,0,0,0,0,0,0,0,0,6.58197854274995e-05
xochimilco,san francisco chiquimola,0,0,0,0,0,0,0,0,0,0,0,0,0,0,0,0,0.000362122035125837,0,0,0,0.000451977401129944,0.00180995475113122,0,0,0,0,0,0,0,0,0,0,0.000394918712564997
xochimilco,san isidro,0,0,0,0,0,0,0,0,0,0,0,0,0,0,0,0,0,0.00147819660014782,0,0,0.000225988700564972,0.000904977375565611,0.0031201248049922,0,0,0,0,0,0,0,0,0,0.000394918712564997
xochimilco,san jeronimo,0,0,0,0,0,0,0,0,0,0,0,0,0,0,0,0,0.000543183052688756,0.00147819660014782,0,0,0.000903954802259887,0.000904977375565611,0.0015600624024961,0,0,0,0,0,0,0,0,0,0.000724017639702495
xochimilco,san juan tepepan,0,0,0,0,0,0,0,0,0,0,0,0,0,0,0,0,0.000181061017562919,0,0,0,0.000225988700564972,0.000904977375565611,0,0,0,0,0,0,0,0,0,0,0.000197459356282499
xochimilco,san lorenzo atemoaya,0,0,0,0,0,0,0,0,0,0,0,0,0,0,0,0,0.000362122035125837,0,0.00309597523219814,0.0025706940874036,0.00112994350282486,0,0,0.00584795321637427,0,0,0,0,0,0,0,0,0.000658197854274995
xochimilco,san lucas oriente,0,0,0,0,0,0,0,0,0,0,0,0,0,0,0,0,0.000181061017562919,0,0,0,0,0,0,0,0,0,0,0,0,0,0,0,6.58197854274995e-05
xochimilco,san lucas xochimanca,0,0,0,0,0,0,0,0,0,0,0,0,0,0,0,0,0.000362122035125837,0,0,0,0.00112994350282486,0.000904977375565611,0.0031201248049922,0,0,0,0,0,0,0,0,0,0.000658197854274995
xochimilco,san marcos,0,0,0,0,0,0,0,0,0,0,0,0,0,0,0,0,0,0.00295639320029564,0,0,0.000225988700564972,0.000904977375565611,0,0,0,0,0,0,0,0,0,0,0.000394918712564997
xochimilco,san mateo xalpa,0,0,0,0,0,0,0,0,0,0,0,0,0,0,0,0,0.000905305087814594,0.00073909830007391,0,0,0.000677966101694915,0.00361990950226244,0.0015600624024961,0,0,0,0,0,0,0,0,0,0.000921476995984993
xochimilco,santa  cecilia tepetlapa,0,0,0,0,0,0,0,0,0,0,0,0,0,0,0,0,0.000181061017562919,0,0,0,0,0,0,0,0,0,0,0,0,0,0,0,6.58197854274995e-05
xochimilco,santa cecilia tepetlapa,0,0,0,0,0,0,0,0,0,0,0,0,0,0,0,0,0.000362122035125837,0,0.00619195046439629,0,0.000451977401129944,0.00271493212669683,0,0,0,0,0,0,0,0,0,0,0.000592378068847496
xochimilco,santa cruz acalpixca - pueblo,0,0,0,0,0,0,0,0,0,0,0,0,0,0,0,0,0.00108636610537751,0,0,0.0025706940874036,0.00203389830508475,0.00271493212669683,0.0046801872074883,0.00584795321637427,0.00617283950617284,0,0,0,0,0,0,0,0.00157967485025999
xochimilco,santa cruz chavarrieta,0,0,0,0,0,0,0,0,0,0,0,0,0,0,0,0,0,0,0,0,0.000451977401129944,0,0,0,0,0,0,0,0,0,0,0,0.000131639570854999
xochimilco,santa ines,0,0,0,0,0,0,0,0,0,0,0,0,0,0,0,0,0.000181061017562919,0,0,0,0,0,0,0,0,0,0,0,0,0,0,0,6.58197854274995e-05
xochimilco,santa maria nativitas,0,0,0,0,0,0,0,0,0,0,0,0,0,0,0,0,0.000181061017562919,0,0.00309597523219814,0.0025706940874036,0.000903954802259887,0.000904977375565611,0,0.00584795321637427,0,0,0,0,0,0,0,0,0.000592378068847496
xochimilco,santiago tulyehualco - pueblo,0,0,0,0,0,0,0,0,0,0,0,0,0,0,0,0,0.000181061017562919,0.00221729490022173,0,0,0.00135593220338983,0,0.0015600624024961,0,0,0,0,0,0,0,0,0,0.000724017639702495
xochimilco,santiaguito,0,0,0,0,0,0,0,0,0,0,0,0,0,0,0,0,0,0,0,0,0.000225988700564972,0,0,0,0,0,0,0,0,0,0,0,6.58197854274995e-05
xochimilco,tecacalanco,0,0,0,0,0,0,0,0,0,0,0,0,0,0,0,0,0.000181061017562919,0,0,0,0.000225988700564972,0.000904977375565611,0,0,0,0,0,0,0,0,0,0,0.000197459356282499
xochimilco,teloncochabacano,0,0,0,0,0,0,0,0,0,0,0,0,0,0,0,0,0.000181061017562919,0,0,0,0,0,0,0,0,0,0,0,0,0,0,0,6.58197854274995e-05
xochimilco,tepepan,0,0,0,0,0,0,0,0,0,0,0,0,0,0,0,0,0,0,0.00309597523219814,0.0025706940874036,0.000225988700564972,0.000904977375565611,0.0015600624024961,0,0,0,0,0,0,0,0,0,0.000329098927137498
xochimilco,tierra nueva,0,0,0,0,0,0,0,0,0,0,0,0,0,0,0,0,0.000543183052688756,0,0,0,0.000225988700564972,0,0,0,0,0,0,0,0,0,0,0,0.000263279141709998
