alcaldia_clean,colonia_clean,genero_violación_tasa_2023,genero_delito_de_bajo_impacto_tasa_2023,genero_homicidio_doloso_tasa_2023,genero_delito_de_bajo_impacto_tasa_2024,genero_violación_tasa_2024,genero_lesiones_dolosas_por_disparo_de_arma_de_fuego_tasa_2024,genero_homicidio_doloso_tasa_2024,genero_delito_de_bajo_impacto_tasa_2025,genero_violación_tasa_2025,genero_homicidio_doloso_tasa_2025,genero_lesiones_dolosas_por_disparo_de_arma_de_fuego_tasa_2025,genero_secuestro_tasa_2025,genero_total_tasa_2023,genero_total_tasa_2024,genero_total_tasa_2025
alvaro obregon,acueducto,0.0303030303030303,0,0,0.00147383935151069,0,0,0,0.000496729861743522,0.00102040816326531,0.0101010101010101,0,0,0.00613496932515337,0.00132802124833997,0.000553403431101273
alvaro obregon,batallon de san patricio,0,0.00775193798449612,0,0,0,0,0,0,0,0,0,0,0.00613496932515337,0,0
alvaro obregon,bosque,0,0.00775193798449612,0,0.000736919675755343,0,0,0,0.00012418246543588,0,0,0,0,0.00613496932515337,0.000664010624169987,0.000118586449521701
alvaro obregon,cristo rey,0,0.00775193798449612,0,0.000736919675755343,0.00684931506849315,0,0,0.000662306482324696,0,0,0,0,0.00613496932515337,0.00132802124833997,0.00063246106411574
alvaro obregon,desarrollo urbano el piru,0,0.00775193798449612,0,0.000736919675755343,0,0,0,0.000620912327179402,0.00408163265306122,0,0,0,0.00613496932515337,0.000664010624169987,0.000751047513637442
alvaro obregon,francisco villa,0,0.00775193798449612,0,0.000736919675755343,0.00684931506849315,0,0,0.000455335706598228,0.00102040816326531,0,0,0,0.00613496932515337,0.00132802124833997,0.000474345798086805
alvaro obregon,jose maria pino suarez,0,0.00775193798449612,0,0.00147383935151069,0,0,0,0.000579518172034109,0,0,0,0,0.00613496932515337,0.00132802124833997,0.000553403431101273
alvaro obregon,lomas de la era,0,0.0155038759689922,0,0.00147383935151069,0.00684931506849315,0,0,0.00149018958523057,0.00408163265306122,0,0,0,0.0122699386503067,0.00199203187250996,0.00158115266028935
alvaro obregon,minas cristo rey,0,0.00775193798449612,0,0,0,0,0,0.000289759086017054,0,0,0,0,0.00613496932515337,0,0.000276701715550636
alvaro obregon,olivar del conde 2a seccion,0,0.00775193798449612,0,0,0,0,0,0.00161437205066645,0,0,0,0,0.00613496932515337,0,0.00154162384378212
alvaro obregon,progreso tizapan,0,0.00775193798449612,0,0.000736919675755343,0,0,0,0.000662306482324696,0.00102040816326531,0,0,0,0.00613496932515337,0.000664010624169987,0.000671989880622974
alvaro obregon,sacramento,0,0.00775193798449612,0,0.00147383935151069,0.00684931506849315,0,0,0.000206970775726467,0,0,0,0,0.00613496932515337,0.00199203187250996,0.000197644082536169
alvaro obregon,san bartolo ameyalco,0,0.00775193798449612,0,0.00147383935151069,0,0,0,0.00211110191240997,0.00102040816326531,0.0101010101010101,0,0,0.00613496932515337,0.00132802124833997,0.00209502727488339
alvaro obregon,tizapan,0,0.00775193798449612,0,0.000736919675755343,0,0,0,0.00012418246543588,0,0,0,0,0.00613496932515337,0.000664010624169987,0.000118586449521701
alvaro obregon,zedec santa fe,0.0303030303030303,0,0,0.00147383935151069,0.00684931506849315,0,0,0.000703700637469989,0.00306122448979592,0,0,0,0.00613496932515337,0.00199203187250996,0.000790576330144676
azcapotzalco,nuevo barrio san rafael,0.0303030303030303,0,0,0.000736919675755343,0,0,0,0.000331153241162348,0,0,0,0,0.00613496932515337,0.000664010624169987,0.00031623053205787
azcapotzalco,pro-hogar,0,0.00775193798449612,0,0.00221075902726603,0,0,0,0.000993459723487044,0,0,0,0,0.00613496932515337,0.00199203187250996,0.000948691596173611
azcapotzalco,santa barbara,0,0.00775193798449612,0,0.000736919675755343,0,0,0,0.00132461296464939,0,0,0,0,0.00613496932515337,0.000664010624169987,0.00126492212823148
benito juarez,alamos,0,0.00775193798449612,0,0.00221075902726603,0.00684931506849315,0,0,0.00269062008444408,0.00408163265306122,0,0,0,0.00613496932515337,0.00265604249667995,0.00272748833899913
benito juarez,del valle centro,0,0.00775193798449612,0,0.0110537951363301,0,0,0,0.00587797003063167,0.0102040816326531,0.0101010101010101,0,0,0.00613496932515337,0.0099601593625498,0.00604790892560677
benito juarez,letran valle,0,0.00775193798449612,0,0.00147383935151069,0,0,0,0.000662306482324696,0.00204081632653061,0,0,0,0.00613496932515337,0.00132802124833997,0.000711518697130208
benito juarez,nochebuena,0,0.00775193798449612,0,0.000736919675755343,0.00684931506849315,0,0,0.00012418246543588,0.00102040816326531,0,0,0,0.00613496932515337,0.00132802124833997,0.000158115266028935
benito juarez,piedad narvarte,0,0.00775193798449612,0,0,0.00684931506849315,0,0,0.000413941551452935,0.00102040816326531,0,0,0,0.00613496932515337,0.000664010624169987,0.000434816981579572
benito juarez,portales oriente,0.0303030303030303,0,0,0.000736919675755343,0,0,0,0.000331153241162348,0,0,0,0,0.00613496932515337,0.000664010624169987,0.00031623053205787
benito juarez,portales sur,0,0.0155038759689922,0,0.00368459837877671,0,0,0,0.00384965642851229,0.00306122448979592,0,0,0,0.0122699386503067,0.00332005312084993,0.00379476638469444
benito juarez,san simon ticumac,0,0.00775193798449612,0,0.00221075902726603,0,0,0,0.0012418246543588,0.00306122448979592,0.0101010101010101,0,0,0.00613496932515337,0.00199203187250996,0.00134397976124595
benito juarez,santa maria nonoalco,0,0.00775193798449612,0,0,0,0,0,0.000786488947760576,0.00204081632653061,0,0,0,0.00613496932515337,0,0.000830105146651909
coyoacan,ajusco,0,0.00775193798449612,0,0.0051584377302874,0,0,0,0.00620912327179402,0.00408163265306122,0,0,0,0.00613496932515337,0.00464807436918991,0.006087437742114
coyoacan,cafetales,0,0.00775193798449612,0,0,0,0,0,0.00012418246543588,0.00102040816326531,0,0,0,0.00613496932515337,0,0.000158115266028935
coyoacan,carmen serdan,0,0.00775193798449612,0,0,0,0,0,0.00103485387863234,0,0,0,0,0.00613496932515337,0,0.000988220412680844
coyoacan,pedregal de santa ursula,0.0303030303030303,0,0,0.0051584377302874,0,0,0,0.00459475122112758,0.00306122448979592,0,0,0,0.00613496932515337,0.00464807436918991,0.00450628508182465
coyoacan,pedregal de santo domingo,0,0.0310077519379845,0,0.0103168754605748,0.00684931506849315,0,0,0.0134531004222204,0.00816326530612245,0.0101010101010101,0.0181818181818182,0,0.0245398773006135,0.0099601593625498,0.0132421535299233
cuajimalpa de morelos,bosques de las lomas,0,0.00775193798449612,0,0,0,0,0,0.000455335706598228,0,0,0,0,0.00613496932515337,0,0.000434816981579572
cuajimalpa de morelos,cuajimalpa,0,0.00775193798449612,0,0.0051584377302874,0,0,0,0.0031873499461876,0,0.0101010101010101,0,0,0.00613496932515337,0.00464807436918991,0.00308324768756423
cuajimalpa de morelos,san mateo tlaltenango,0.0303030303030303,0.00775193798449612,0,0.00294767870302137,0,0,0,0.00227667853299114,0.00204081632653061,0,0,0,0.0122699386503067,0.00265604249667995,0.00225314254091233
cuauhtemoc,buenavista,0,0.0155038759689922,0,0.00368459837877671,0.00684931506849315,0,0,0.00384965642851229,0.00612244897959184,0,0,0,0.0122699386503067,0.00398406374501992,0.00391335283421614
cuauhtemoc,centro,0,0.0232558139534884,0,0.0213706705969049,0.00684931506849315,0,0,0.0174269393161686,0.0163265306122449,0.0101010101010101,0,0.166666666666667,0.0184049079754601,0.0199203187250996,0.0173531504466756
cuauhtemoc,cuauhtemoc,0,0.00775193798449612,0,0.000736919675755343,0,0,0,0.00173855451610233,0.00204081632653061,0,0,0,0.00613496932515337,0.000664010624169987,0.00173926792631829
cuauhtemoc,doctores,0,0.00775193798449612,0,0.0176860722181282,0.00684931506849315,0,0,0.0117559400612633,0.0142857142857143,0.0101010101010101,0,0,0.00613496932515337,0.0166002656042497,0.0118191161356629
cuauhtemoc,hipodromo,0.0303030303030303,0,0,0.00368459837877671,0.00684931506849315,0,0,0.00227667853299114,0.00306122448979592,0,0,0,0.00613496932515337,0.00398406374501992,0.00229267135741956
cuauhtemoc,juarez,0,0.00775193798449612,0,0.00368459837877671,0,0,0,0.00360129149764053,0.00408163265306122,0,0,0,0.00613496932515337,0.00332005312084993,0.00359712230215827
cuauhtemoc,obrera,0.0303030303030303,0.00775193798449612,0,0.00221075902726603,0,0,0,0.00517426939316169,0.00714285714285714,0,0,0,0.0122699386503067,0.00199203187250996,0.00521780377895486
cuauhtemoc,tabacalera,0.0303030303030303,0.00775193798449612,0,0.000736919675755343,0.00684931506849315,0,0,0.00132461296464939,0.00714285714285714,0,0,0,0.0122699386503067,0.00132802124833997,0.00154162384378212
gustavo a madero,acueducto de guadalupe,0.0303030303030303,0,0,0,0,0,0,0.000372547396307641,0,0,0,0,0.00613496932515337,0,0.000355759348565104
gustavo a madero,ampliacion casas aleman,0,0.00775193798449612,0,0.00147383935151069,0.00684931506849315,0,0,0.00202831360211938,0.00204081632653061,0,0,0,0.00613496932515337,0.00199203187250996,0.00201596964186892
gustavo a madero,ampliacion progreso nacional,0,0.00775193798449612,0,0.00221075902726603,0,0,0,0.00144879543008527,0.00102040816326531,0,0,0,0.00613496932515337,0.00199203187250996,0.00142303739426042
gustavo a madero,ejidos san juan de aragon 1a seccion,0,0.00775193798449612,0,0.000736919675755343,0,0,0,0.000869277258051163,0.00102040816326531,0,0,0,0.00613496932515337,0.000664010624169987,0.000869633963159143
gustavo a madero,el arbolillo,0,0.00775193798449612,0,0,0,0,0,0.000413941551452935,0.00204081632653061,0,0,0,0.00613496932515337,0,0.000474345798086805
gustavo a madero,guadalupe proletaria,0,0.00775193798449612,0,0.00221075902726603,0,0,0,0.000993459723487044,0,0,0,0,0.00613496932515337,0.00199203187250996,0.000948691596173611
gustavo a madero,guadalupe tepeyac,0,0.00775193798449612,0,0.00147383935151069,0,0,0,0.000662306482324696,0.00102040816326531,0,0,0,0.00613496932515337,0.00132802124833997,0.000671989880622974
gustavo a madero,la pastora,0,0.00775193798449612,0,0.000736919675755343,0,0,0,0.00115903634406822,0.00102040816326531,0,0,0,0.00613496932515337,0.000664010624169987,0.00114633567870978
gustavo a madero,nueva atzacoalco,0,0.0155038759689922,0,0.00589535740604274,0.00684931506849315,0,0,0.00314595579104231,0,0,0,0,0.0122699386503067,0.00597609561752988,0.00300419005454977
gustavo a madero,providencia,0,0.0155038759689922,0,0.00147383935151069,0,0,0,0.00327013825647819,0.00102040816326531,0,0,0,0.0122699386503067,0.00132802124833997,0.0031623053205787
gustavo a madero,san felipe de jesus,0,0.00775193798449612,0,0.00147383935151069,0,0,0,0.0050914810828711,0.00204081632653061,0,0,0,0.00613496932515337,0.00132802124833997,0.00494110206340422
gustavo a madero,san juan de aragon,0,0.00775193798449612,0,0.00147383935151069,0.00684931506849315,0,0,0.00198691944697409,0.00204081632653061,0.0101010101010101,0,0,0.00613496932515337,0.00199203187250996,0.00201596964186892
gustavo a madero,san juan de aragon i seccion,0,0.00775193798449612,0,0.000736919675755343,0.00684931506849315,0,0,0.00144879543008527,0.00102040816326531,0,0,0,0.00613496932515337,0.00132802124833997,0.00142303739426042
gustavo a madero,san juan de aragon iv seccion,0,0.00775193798449612,0,0.00221075902726603,0,0,0,0.0012832188095041,0,0,0,0,0.00613496932515337,0.00199203187250996,0.00122539331172425
gustavo a madero,tepeyac insurgentes,0.0303030303030303,0,0,0.00294767870302137,0,0,0,0.00082788310290587,0.00408163265306122,0,0,0,0.00613496932515337,0.00265604249667995,0.000948691596173611
gustavo a madero,vasco de quiroga,0,0.00775193798449612,0,0.000736919675755343,0,0,0,0.000786488947760576,0,0,0,0,0.00613496932515337,0.000664010624169987,0.000751047513637442
gustavo a madero,vista hermosa,0.0606060606060606,0,0,0.00221075902726603,0,0,0,0.000206970775726467,0,0,0,0,0.0122699386503067,0.00199203187250996,0.000197644082536169
iztacalco,agricola oriental,0,0.0155038759689922,0,0.0117907148120855,0,0,0,0.0125424290090239,0.00408163265306122,0,0.0181818181818182,0,0.0122699386503067,0.0106241699867198,0.012174875484228
iztacalco,agricola pantitlan,0.0303030303030303,0.0155038759689922,0,0.00589535740604274,0.00684931506849315,0,0,0.00927229075254574,0.00714285714285714,0,0,0,0.0184049079754601,0.00597609561752988,0.009131156613171
iztacalco,jardines tecma,0,0.00775193798449612,0,0.000736919675755343,0,0,0,8.2788310290587e-05,0,0,0,0,0.00613496932515337,0.000664010624169987,7.90576330144675e-05
iztacalco,reforma iztaccihuatl norte,0.0303030303030303,0,0,0.000736919675755343,0,0,0,0.000248364930871761,0,0,0,0,0.00613496932515337,0.000664010624169987,0.000237172899043403
iztacalco,viaducto piedad,0,0.0155038759689922,0,0.00147383935151069,0,0,0,0.00107624803377763,0.00102040816326531,0,0,0,0.0122699386503067,0.00132802124833997,0.00106727804569531
iztacalco,zapotla,0,0.00775193798449612,0,0.000736919675755343,0,0,0,0.000538124016888815,0.00204081632653061,0,0,0,0.00613496932515337,0.000664010624169987,0.000592932247608507
iztapalapa,alvaro obregon,0.0303030303030303,0,0,0,0,0,0,0.000745094792615283,0.00102040816326531,0,0,0.166666666666667,0.00613496932515337,0,0.000790576330144676
iztapalapa,central de abasto,0,0.0155038759689922,0,0.000736919675755343,0,0,0,0.00169716036095703,0.00204081632653061,0.0101010101010101,0,0.166666666666667,0.0122699386503067,0.000664010624169987,0.00177879674282552
iztapalapa,consejo agrarista mexicano,0,0.00775193798449612,0,0.00368459837877671,0.00684931506849315,0,0,0.00260783177415349,0.00306122448979592,0,0,0,0.00613496932515337,0.00398406374501992,0.00260890188947743
iztapalapa,desarrollo urbano quetzalcoatl,0,0.00775193798449612,0,0.00221075902726603,0.0136986301369863,0,0,0.00471893368656346,0.00612244897959184,0.0101010101010101,0.0181818181818182,0,0.00613496932515337,0.00332005312084993,0.00482251561388252
iztapalapa,estrella del sur,0.0303030303030303,0,0,0.00147383935151069,0,0,0,0.000538124016888815,0.00204081632653061,0,0,0,0.00613496932515337,0.00132802124833997,0.000592932247608507
iztapalapa,iztlahuacan,0,0.00775193798449612,1,0.00663227708179808,0,0,0,0.00327013825647819,0.00204081632653061,0,0,0,0.0122699386503067,0.00597609561752988,0.00320183413708594
iztapalapa,lomas de la estancia,0,0.00775193798449612,0,0.00221075902726603,0,0,0,0.00206970775726467,0.00306122448979592,0,0,0,0.00613496932515337,0.00199203187250996,0.00209502727488339
iztapalapa,lomas de san lorenzo,0.0606060606060606,0,0,0.00147383935151069,0.00684931506849315,0,0,0.00293898501531584,0.00306122448979592,0,0,0,0.0122699386503067,0.00199203187250996,0.0029251324215353
iztapalapa,lomas estrella 2a seccion,0,0.00775193798449612,0,0,0,0,0,0.0012832188095041,0.00102040816326531,0,0,0,0.00613496932515337,0,0.00126492212823148
iztapalapa,los angeles apanoaya,0,0.00775193798449612,0,0.000736919675755343,0,0,0,0.000165576620581174,0.00102040816326531,0,0,0,0.00613496932515337,0.000664010624169987,0.000197644082536169
iztapalapa,predio el molino,0,0.00775193798449612,0,0.000736919675755343,0,0,0,0.00149018958523057,0.00204081632653061,0,0,0,0.00613496932515337,0.000664010624169987,0.00150209502727488
iztapalapa,presidentes de mexico,0,0.00775193798449612,0,0.00294767870302137,0,0,0,0.00161437205066645,0.00102040816326531,0,0,0,0.00613496932515337,0.00265604249667995,0.00158115266028935
iztapalapa,san andres tetepilco,0,0.00775193798449612,0,0.000736919675755343,0,0,0,0.00136600711979469,0,0,0,0,0.00613496932515337,0.000664010624169987,0.00130445094473871
iztapalapa,san andres tomatlan - zona urbana,0.0303030303030303,0,0,0,0,0,0,0.000248364930871761,0,0,0,0,0.00613496932515337,0,0.000237172899043403
iztapalapa,san antonio,0.0303030303030303,0,0,0.00221075902726603,0.00684931506849315,0,0,0.00169716036095703,0.00204081632653061,0.0101010101010101,0,0,0.00613496932515337,0.00265604249667995,0.00173926792631829
iztapalapa,san miguel teotongo,0,0.0155038759689922,0,0.0051584377302874,0.00684931506849315,0,0,0.00343571487705936,0.00918367346938776,0,0.0181818181818182,0,0.0122699386503067,0.00531208499335989,0.00367617993517274
iztapalapa,santa barbara,0.0303030303030303,0,0,0,0,0,0,0.00140740127493998,0,0.0101010101010101,0.0181818181818182,0,0.00613496932515337,0,0.00142303739426042
iztapalapa,santa martha acatitla,0,0.0155038759689922,0,0.00663227708179808,0.00684931506849315,0,0,0.00260783177415349,0.00306122448979592,0,0,0,0.0122699386503067,0.00664010624169987,0.00260890188947743
iztapalapa,santa martha acatitla sur,0.0303030303030303,0,0,0.00294767870302137,0,0,0,0.00198691944697409,0.00204081632653061,0.0101010101010101,0.0181818181818182,0,0.00613496932515337,0.00265604249667995,0.00205549845837616
iztapalapa,tenorios,0,0.00775193798449612,0,0.00147383935151069,0,0,0,0.0012418246543588,0,0,0,0,0.00613496932515337,0.00132802124833997,0.00118586449521701
iztapalapa,unidad vicente guerrero,0,0.00775193798449612,0,0.00147383935151069,0,0,0,0.00405662720423876,0.00306122448979592,0,0.0363636363636364,0,0.00613496932515337,0.00132802124833997,0.00407146810024508
iztapalapa,zona urbana ejidal los reyes culhuacan,0,0.00775193798449612,0,0.000736919675755343,0,0,0,0.000496729861743522,0,0,0,0,0.00613496932515337,0.000664010624169987,0.000474345798086805
la magdalena contreras,el tanque,0,0.00775193798449612,0,0.00221075902726603,0,0,0,0.00107624803377763,0,0,0,0,0.00613496932515337,0.00199203187250996,0.00102774922918808
la magdalena contreras,independencia san ramon,0,0.00775193798449612,0,0,0,0,0,0.000165576620581174,0,0,0,0,0.00613496932515337,0,0.000158115266028935
la magdalena contreras,la magdalena,0,0.00775193798449612,0,0,0,0,0,0.000413941551452935,0,0,0,0,0.00613496932515337,0,0.000395288165072338
la magdalena contreras,lomas quebradas,0,0.00775193798449612,0,0.000736919675755343,0,0,0,0.000579518172034109,0.00204081632653061,0,0,0,0.00613496932515337,0.000664010624169987,0.00063246106411574
la magdalena contreras,pueblo nuevo alto,0.0303030303030303,0,0,0.00294767870302137,0,0,0,0.00082788310290587,0.00102040816326531,0,0,0,0.00613496932515337,0.00265604249667995,0.000830105146651909
la magdalena contreras,san bernabe ocotepec,0,0.00775193798449612,0,0,0,0,0,0.00186273698153821,0.00102040816326531,0,0,0,0.00613496932515337,0,0.00181832555933275
la magdalena contreras,san jeronimo aculco,0,0.00775193798449612,0,0,0,0,0,0.000993459723487044,0.00102040816326531,0,0,0,0.00613496932515337,0,0.000988220412680844
la magdalena contreras,san jeronimo lidice,0,0.0155038759689922,0,0.00294767870302137,0,0,0,0.00111764218892292,0,0,0,0,0.0122699386503067,0.00265604249667995,0.00106727804569531
la magdalena contreras,san nicolas totolapan,0.0303030303030303,0,0,0.000736919675755343,0,0,0,0.00264922592929878,0.00408163265306122,0,0,0,0.00613496932515337,0.000664010624169987,0.0026879595224919
miguel hidalgo,anahuac,0.0303030303030303,0,0,0.00147383935151069,0.00684931506849315,0,0,0.00426359797996523,0.00306122448979592,0,0.0181818181818182,0,0.00613496932515337,0.00199203187250996,0.00422958336627401
miguel hidalgo,cuauhtemoc pensil,0,0.00775193798449612,0,0,0,0,0,0.000455335706598228,0,0,0,0,0.00613496932515337,0,0.000434816981579572
miguel hidalgo,lomas de bezares,0,0.00775193798449612,0,0.000736919675755343,0,0,0,0.00012418246543588,0,0,0,0,0.00613496932515337,0.000664010624169987,0.000118586449521701
miguel hidalgo,pensil norte,0,0.00775193798449612,0,0.00147383935151069,0,0,0,0.00120043049921351,0.00204081632653061,0,0,0,0.00613496932515337,0.00132802124833997,0.00122539331172425
miguel hidalgo,polanco,0.0303030303030303,0.00775193798449612,0,0.00294767870302137,0,0,0,0.00331153241162348,0.00102040816326531,0,0.0181818181818182,0,0.0122699386503067,0.00265604249667995,0.00324136295359317
miguel hidalgo,tlaxpana,0,0.00775193798449612,0,0,0.00684931506849315,0,0,0.00132461296464939,0,0,0,0.166666666666667,0.00613496932515337,0.000664010624169987,0.00130445094473871
milpa alta,san juan (san pablo oztotepec),0,0.00775193798449612,0,0.000736919675755343,0,0,0,0.0012418246543588,0.00102040816326531,0,0,0,0.00613496932515337,0.000664010624169987,0.00122539331172425
milpa alta,san salvador cuauhtenco seccion iii,0,0.00775193798449612,0,0,0,0,0,0.00136600711979469,0,0.0101010101010101,0,0,0.00613496932515337,0,0.00134397976124595
tlahuac,ampliacion la conchita,0.0303030303030303,0,0,0,0,0,0,0.00012418246543588,0,0,0,0,0.00613496932515337,0,0.000118586449521701
tlahuac,santa cecilia,0,0.00775193798449612,0,0.00147383935151069,0,0,0,0.00111764218892292,0,0,0,0,0.00613496932515337,0.00132802124833997,0.00106727804569531
tlalpan,jardines en la montana,0,0.00775193798449612,0,0.00147383935151069,0,0,0,0.000413941551452935,0.00102040816326531,0,0,0,0.00613496932515337,0.00132802124833997,0.000434816981579572
tlalpan,lomas de padierna,0,0.00775193798449612,0,0.00147383935151069,0,0,0,0.00182134282639291,0.00306122448979592,0,0,0,0.00613496932515337,0.00132802124833997,0.00185785437583999
tlalpan,los volcanes,0,0.00775193798449612,0,0,0,0,0,0.000413941551452935,0,0,0,0,0.00613496932515337,0,0.000395288165072338
tlalpan,mirador ii,0.0303030303030303,0,0,0,0,0,0,0.000455335706598228,0.00102040816326531,0.0101010101010101,0,0,0.00613496932515337,0,0.000513874614594039
tlalpan,narciso mendoza super manzana 2 villa coapa,0,0.00775193798449612,0,0,0,0,0,0.000165576620581174,0,0,0,0,0.00613496932515337,0,0.000158115266028935
tlalpan,pedregal de las aguilas,0.0303030303030303,0,0,0,0,0,0,0.000248364930871761,0,0,0,0,0.00613496932515337,0,0.000237172899043403
tlalpan,pedregal de san nicolas 2a seccion,0.0303030303030303,0,0,0.00147383935151069,0,0,0,0.00149018958523057,0,0,0.0181818181818182,0,0.00613496932515337,0.00132802124833997,0.00146256621076765
tlalpan,san andres totoltepec,0,0.0232558139534884,0,0.00442151805453206,0.00684931506849315,0,0,0.00616772911664873,0.00714285714285714,0,0,0,0.0184049079754601,0.00464807436918991,0.00616649537512847
tlalpan,san miguel topilejo,0.0303030303030303,0.00775193798449612,0,0.00294767870302137,0,0,0,0.00591936418577697,0.00204081632653061,0,0.0181818181818182,0,0.0122699386503067,0.00265604249667995,0.00577120721005613
tlalpan,san nicolas 2,0,0.00775193798449612,0,0,0,0,0,0.000331153241162348,0.00102040816326531,0,0,0,0.00613496932515337,0,0.000355759348565104
tlalpan,tlalmille,0,0.00775193798449612,0,0.000736919675755343,0,0,0,0.000248364930871761,0,0,0,0,0.00613496932515337,0.000664010624169987,0.000237172899043403
tlalpan,villa royale,0,0.00775193798449612,0,0,0,0,0,4.13941551452935e-05,0,0,0,0,0.00613496932515337,0,3.95288165072338e-05
venustiano carranza,alvaro obregon,0,0.00775193798449612,0,0.000736919675755343,0,0,0,0.000620912327179402,0.00204081632653061,0.0101010101010101,0,0,0.00613496932515337,0.000664010624169987,0.000711518697130208
venustiano carranza,azteca,0,0.00775193798449612,0,0.00147383935151069,0,0,0,0.000289759086017054,0.00102040816326531,0,0,0,0.00613496932515337,0.00132802124833997,0.00031623053205787
venustiano carranza,emilio carranza,0,0.00775193798449612,0,0.00147383935151069,0,0,0,0.000910671413196457,0,0,0,0,0.00613496932515337,0.00132802124833997,0.000869633963159143
venustiano carranza,moctezuma 2a seccion,0,0.00775193798449612,0,0.0051584377302874,0.0136986301369863,0,0,0.00567099925490521,0.00918367346938776,0,0,0,0.00613496932515337,0.00597609561752988,0.00577120721005613
venustiano carranza,morelos,0,0.00775193798449612,0,0.00368459837877671,0,0,0,0.00438778044540111,0,0.0202020202020202,0.0181818181818182,0,0.00613496932515337,0.00332005312084993,0.00430864099928848
venustiano carranza,pueblo de la magdalena mixiuhca,0,0.00775193798449612,0,0.000736919675755343,0,0,0,0.00149018958523057,0,0,0.0181818181818182,0,0.00613496932515337,0.000664010624169987,0.00146256621076765
venustiano carranza,romero rubio,0,0.00775193798449612,0,0.00147383935151069,0.00684931506849315,0,0,0.00149018958523057,0.00102040816326531,0,0,0,0.00613496932515337,0.00199203187250996,0.00146256621076765
venustiano carranza,valle gomez,0,0.00775193798449612,0,0.00294767870302137,0,0,0,0.0012832188095041,0.00510204081632653,0,0,0,0.00613496932515337,0.00265604249667995,0.00142303739426042
xochimilco,pedregal de san francisco,0,0.00775193798449612,0,0,0,0,0,0.000289759086017054,0.00102040816326531,0,0,0,0.00613496932515337,0,0.00031623053205787
xochimilco,san lorenzo la cebada,0.0303030303030303,0.00775193798449612,0,0.00221075902726603,0,0,0,0.00231807268813644,0.00408163265306122,0,0,0,0.0122699386503067,0.00199203187250996,0.00237172899043403
xochimilco,san marcos,0,0.00775193798449612,0,0.000736919675755343,0,0,0,0.000496729861743522,0.00102040816326531,0,0,0,0.00613496932515337,0.000664010624169987,0.000513874614594039
xochimilco,san marcos norte,0,0.0155038759689922,0,0.00147383935151069,0,0,0,0.00140740127493998,0.00306122448979592,0,0,0,0.0122699386503067,0.00132802124833997,0.00146256621076765
xochimilco,santa maria nativitas,0,0.00775193798449612,0,0.000736919675755343,0,0,0,0.000538124016888815,0.00102040816326531,0,0.0181818181818182,0,0.00613496932515337,0.000664010624169987,0.000592932247608507
xochimilco,santa maria tepepan,0,0.00775193798449612,0,0,0.00684931506849315,0,0,0.000620912327179402,0.00204081632653061,0.0101010101010101,0,0,0.00613496932515337,0.000664010624169987,0.000711518697130208
alvaro obregon,1er reacomodo corpus christi,0,0,0,0.000736919675755343,0,0,0,0.00012418246543588,0,0,0,0,0,0.000664010624169987,0.000118586449521701
alvaro obregon,2a ampliacion jalalpa el grande,0,0,0,0.000736919675755343,0,0,0,0.000786488947760576,0.00204081632653061,0,0,0,0,0.000664010624169987,0.000830105146651909
alvaro obregon,2a ampliacion presidentes,0,0,0,0.000736919675755343,0,0,0,0.000579518172034109,0.00102040816326531,0,0,0,0,0.000664010624169987,0.000592932247608507
alvaro obregon,2a seccion canada,0,0,0,0.000736919675755343,0,0,0,8.2788310290587e-05,0,0,0,0,0,0.000664010624169987,7.90576330144675e-05
alvaro obregon,8 de agosto,0,0,0,0,0.00684931506849315,0,0,0,0,0,0,0,0,0.000664010624169987,0
alvaro obregon,acuilotla,0,0,0,0.000736919675755343,0,0,0,0.00012418246543588,0,0,0,0,0,0.000664010624169987,0.000118586449521701
alvaro obregon,alfalfar,0,0,0,0.000736919675755343,0,0,0,0.000289759086017054,0,0,0,0,0,0.000664010624169987,0.000276701715550636
alvaro obregon,alfonso xiii,0,0,0,0.00147383935151069,0,0,0,0.000620912327179402,0.00204081632653061,0,0,0,0,0.00132802124833997,0.000671989880622974
alvaro obregon,ampliacion alpes,0,0,0,0.00147383935151069,0,0,0,0.00012418246543588,0,0,0,0,0,0.00132802124833997,0.000118586449521701
alvaro obregon,ampliacion dos rios,0,0,0,0.000736919675755343,0,0,0,0,0,0,0,0,0,0.000664010624169987,0
alvaro obregon,ampliacion molino de rosas,0,0,0,0.00147383935151069,0.00684931506849315,0,0,0.00111764218892292,0,0,0,0,0,0.00199203187250996,0.00106727804569531
alvaro obregon,ampliacion piloto adolfo lopez mateos,0,0,0,0.00147383935151069,0,0,0,0.000910671413196457,0,0,0,0,0,0.00132802124833997,0.000869633963159143
alvaro obregon,arcos centenario,0,0,0,0.000736919675755343,0,0,0,8.2788310290587e-05,0,0,0,0,0,0.000664010624169987,7.90576330144675e-05
alvaro obregon,balcones de cehuayo,0,0,0,0.000736919675755343,0.00684931506849315,0,0,0.000372547396307641,0,0,0,0,0,0.00132802124833997,0.000355759348565104
alvaro obregon,barrio norte,0,0,0,0.00221075902726603,0,0,0,0.00149018958523057,0,0.0101010101010101,0,0,0,0.00199203187250996,0.00146256621076765
alvaro obregon,belem de las flores,0,0,0,0,0.00684931506849315,0,0,0.000289759086017054,0,0,0,0,0,0.000664010624169987,0.000276701715550636
alvaro obregon,bellavista,0,0,0,0.000736919675755343,0,0,0,0.00103485387863234,0,0,0,0,0,0.000664010624169987,0.000988220412680844
alvaro obregon,calzada jalalpa,0,0,0,0.000736919675755343,0,0,0,0.000413941551452935,0,0,0,0,0,0.000664010624169987,0.000395288165072338
alvaro obregon,campestre,0,0,0,0.000736919675755343,0,0,0,8.2788310290587e-05,0,0,0,0,0,0.000664010624169987,7.90576330144675e-05
alvaro obregon,colina del sur,0,0,0,0,0,1,0,0.00082788310290587,0,0,0,0,0,0.000664010624169987,0.000790576330144676
alvaro obregon,el cuernito,0,0,0,0.00147383935151069,0,0,0,0.000413941551452935,0,0,0,0,0,0.00132802124833997,0.000395288165072338
alvaro obregon,ermita tizapan,0,0,0,0.000736919675755343,0,0,0,0.000206970775726467,0,0,0,0,0,0.000664010624169987,0.000197644082536169
alvaro obregon,florida,0,0,0,0.000736919675755343,0,0,0,0.000372547396307641,0,0,0,0,0,0.000664010624169987,0.000355759348565104
alvaro obregon,gamitos,0,0,0,0.000736919675755343,0,0,0,0.000248364930871761,0,0,0,0,0,0.000664010624169987,0.000237172899043403
alvaro obregon,garcimarrero,0,0,0,0.00368459837877671,0,0,0,0.000620912327179402,0.00102040816326531,0,0,0,0,0.00332005312084993,0.00063246106411574
alvaro obregon,guadalupe inn,0,0,0,0.00147383935151069,0.0136986301369863,0,0,0.000538124016888815,0.00102040816326531,0,0,0,0,0.00265604249667995,0.000553403431101273
alvaro obregon,heron proal,0,0,0,0,0.00684931506849315,0,0,0.000331153241162348,0,0,0,0,0,0.000664010624169987,0.00031623053205787
alvaro obregon,hogar y redencion,0,0,0,0.000736919675755343,0,0,0,0.000372547396307641,0,0,0,0,0,0.000664010624169987,0.000355759348565104
alvaro obregon,jardines del pedregal,0,0,0,0.00294767870302137,0,0,0,0.00149018958523057,0.00306122448979592,0,0,0,0,0.00265604249667995,0.00154162384378212
alvaro obregon,la angostura,0,0,0,0,0.00684931506849315,0,0,0.000496729861743522,0,0,0,0,0,0.000664010624169987,0.000474345798086805
alvaro obregon,la cascada,0,0,0,0.00147383935151069,0,0,0,0.000455335706598228,0,0,0,0,0,0.00132802124833997,0.000434816981579572
alvaro obregon,la conchita,0,0,0,0.00147383935151069,0,0,0,0.000455335706598228,0,0,0,0,0,0.00132802124833997,0.000434816981579572
alvaro obregon,las aguilas,0,0,0,0.000736919675755343,0,0,0,0.000413941551452935,0,0,0,0,0,0.000664010624169987,0.000395288165072338
alvaro obregon,liberacion proletaria,0,0,0,0.000736919675755343,0,0,0,0.00012418246543588,0,0,0,0,0,0.000664010624169987,0.000118586449521701
alvaro obregon,liberales de 1857,0,0,0,0.000736919675755343,0.00684931506849315,0,0,0.000620912327179402,0.00204081632653061,0,0,0,0,0.00132802124833997,0.000671989880622974
alvaro obregon,llano redondo,0,0,0,0,0.00684931506849315,0,0,0.000165576620581174,0,0,0,0,0,0.000664010624169987,0.000158115266028935
alvaro obregon,lomas de becerra,0,0,0,0.00147383935151069,0,0,0,0.00144879543008527,0,0,0,0,0,0.00132802124833997,0.00138350857775318
alvaro obregon,lomas de los angeles del pueblo tetelpan,0,0,0,0.000736919675755343,0.00684931506849315,0,0,0.000496729861743522,0,0,0,0,0,0.00132802124833997,0.000474345798086805
alvaro obregon,lomas de los cedros,0,0,0,0.000736919675755343,0,0,0,0.000372547396307641,0,0,0,0,0,0.000664010624169987,0.000355759348565104
alvaro obregon,lomas de plateros,0,0,0,0.00294767870302137,0,0,0,0.00136600711979469,0.00408163265306122,0,0,0,0,0.00265604249667995,0.00146256621076765
alvaro obregon,lomas de santa fe,0,0,0,0.000736919675755343,0,0,0,0,0,0,0,0,0,0.000664010624169987,0
alvaro obregon,lomas de santo domingo,0,0,0,0.000736919675755343,0,0,0,0.00012418246543588,0,0,0,0,0,0.000664010624169987,0.000118586449521701
alvaro obregon,los alpes,0,0,0,0.00147383935151069,0,0,0,0.000289759086017054,0,0,0,0,0,0.00132802124833997,0.000276701715550636
alvaro obregon,los gamitos,0,0,0,0.000736919675755343,0,0,0,4.13941551452935e-05,0,0,0,0,0,0.000664010624169987,3.95288165072338e-05
alvaro obregon,margarita maza de juarez,0,0,0,0.000736919675755343,0,0,0,0.00012418246543588,0,0,0,0,0,0.000664010624169987,0.000118586449521701
alvaro obregon,olivar de los padres,0,0,0,0,0.00684931506849315,0,0,0.000620912327179402,0,0,0,0,0,0.000664010624169987,0.000592932247608507
alvaro obregon,olivar del conde 1a seccion,0,0,0,0.00147383935151069,0.00684931506849315,0,0,0.00198691944697409,0,0,0,0,0,0.00199203187250996,0.00189738319234722
alvaro obregon,palmas,0,0,0,0.00147383935151069,0,0,0,0.000413941551452935,0,0,0,0,0,0.00132802124833997,0.000395288165072338
alvaro obregon,paraiso,0,0,0,0.00147383935151069,0,0,0,0.000993459723487044,0,0,0,0,0,0.00132802124833997,0.000948691596173611
alvaro obregon,progreso,0,0,0,0.00147383935151069,0,0,0,0.00103485387863234,0.00204081632653061,0,0,0,0,0.00132802124833997,0.00106727804569531
alvaro obregon,pueblo santa fe,0,0,0,0.000736919675755343,0,0,0,0.000910671413196457,0,0.0101010101010101,0,0,0,0.000664010624169987,0.000909162779666377
alvaro obregon,puente colorado,0,0,0,0.00147383935151069,0,0,0,0.000248364930871761,0,0,0,0,0,0.00132802124833997,0.000237172899043403
alvaro obregon,puerta grande reacomodo,0,0,0,0.000736919675755343,0,0,0,0.000289759086017054,0,0,0,0,0,0.000664010624169987,0.000276701715550636
alvaro obregon,san angel,0,0,0,0.00442151805453206,0,0,0,0.000745094792615283,0.00102040816326531,0,0,0,0,0.00398406374501992,0.000751047513637442
alvaro obregon,san jeronimo aculco,0,0,0,0.000736919675755343,0,0,0,4.13941551452935e-05,0,0,0,0,0,0.000664010624169987,3.95288165072338e-05
alvaro obregon,san jeronimo lidice,0,0,0,0.000736919675755343,0,0,0,0,0,0,0,0,0,0.000664010624169987,0
alvaro obregon,san jose del olivar,0,0,0,0,0.00684931506849315,0,0,0.00012418246543588,0.00102040816326531,0,0,0,0,0.000664010624169987,0.000158115266028935
alvaro obregon,santa lucia chantepec,0,0,0,0.000736919675755343,0,0,0,0.000496729861743522,0,0,0,0,0,0.000664010624169987,0.000474345798086805
alvaro obregon,santa lucia reacomodo,0,0,0,0.000736919675755343,0,0,0,8.2788310290587e-05,0,0,0,0,0,0.000664010624169987,7.90576330144675e-05
alvaro obregon,santa rosa xochiac,0,0,0,0.00294767870302137,0.00684931506849315,0,0,0.000910671413196457,0.00408163265306122,0.0101010101010101,0,0,0,0.00332005312084993,0.00106727804569531
alvaro obregon,tecalcapa del pueblo tetelpan,0,0,0,0.000736919675755343,0,0,0,0,0,0,0,0,0,0.000664010624169987,0
alvaro obregon,tetelpan,0,0,0,0.000736919675755343,0,0,0,0.000662306482324696,0,0,0,0,0,0.000664010624169987,0.00063246106411574
alvaro obregon,tizampampano del pueblo tetelpan,0,0,0,0.000736919675755343,0,0,0,4.13941551452935e-05,0,0,0,0,0,0.000664010624169987,3.95288165072338e-05
alvaro obregon,tlacopac,0,0,0,0.000736919675755343,0,0,0,0.000165576620581174,0,0,0,0,0,0.000664010624169987,0.000158115266028935
alvaro obregon,tolteca,0,0,0,0.00147383935151069,0,0,0,0.00082788310290587,0.00102040816326531,0,0,0,0,0.00132802124833997,0.000830105146651909
alvaro obregon,torres de potrero,0,0,0,0.00147383935151069,0,0,0,0.00153158374037586,0.00102040816326531,0,0,0,0,0.00132802124833997,0.00150209502727488
azcapotzalco,aldana,0,0,0,0.000736919675755343,0,0,0,0.000786488947760576,0.00102040816326531,0,0,0,0,0.000664010624169987,0.000790576330144676
azcapotzalco,ampliacion del gas,0,0,0,0.000736919675755343,0,0,0,0.000662306482324696,0.00102040816326531,0,0,0,0,0.000664010624169987,0.000671989880622974
azcapotzalco,ampliacion petrolera,0,0,0,0.000736919675755343,0,0,0,0.000372547396307641,0,0,0,0,0,0.000664010624169987,0.000355759348565104
azcapotzalco,ampliacion san pedro xalpa,0,0,0,0.00221075902726603,0.00684931506849315,0,0,0.00248364930871761,0.00102040816326531,0.0101010101010101,0,0,0,0.00265604249667995,0.00245078662344849
azcapotzalco,arenal,0,0,0,0.000736919675755343,0,0,0,0.000910671413196457,0,0,0,0,0,0.000664010624169987,0.000869633963159143
azcapotzalco,centro de azcapotzalco,0,0,0,0.000736919675755343,0,0,0,0.000869277258051163,0.00102040816326531,0,0,0,0,0.000664010624169987,0.000869633963159143
azcapotzalco,claveria,0,0,0,0.00368459837877671,0,0,0,0.000455335706598228,0.00102040816326531,0.0101010101010101,0,0,0,0.00332005312084993,0.000513874614594039
azcapotzalco,cosmopolita,0,0,0,0.000736919675755343,0,0,0,0.000455335706598228,0.00102040816326531,0,0,0,0,0.000664010624169987,0.000474345798086805
azcapotzalco,del gas,0,0,0,0.000736919675755343,0,0,0,0.00082788310290587,0,0,0,0,0,0.000664010624169987,0.000790576330144676
azcapotzalco,del recreo,0,0,0,0.000736919675755343,0,0,0,0.00107624803377763,0.00102040816326531,0,0,0,0,0.000664010624169987,0.00106727804569531
azcapotzalco,el jaguey,0,0,0,0.00147383935151069,0,0,0,8.2788310290587e-05,0,0,0,0,0,0.00132802124833997,7.90576330144675e-05
azcapotzalco,el rosario,0,0,0,0.00221075902726603,0,0,0,0.00211110191240997,0.00102040816326531,0,0,0,0,0.00199203187250996,0.00205549845837616
azcapotzalco,hogar y seguridad,0,0,0,0.000736919675755343,0,0,0,0.000248364930871761,0,0,0,0,0,0.000664010624169987,0.000237172899043403
azcapotzalco,industrial vallejo,0,0,0,0.000736919675755343,0.00684931506849315,0,0,0.000703700637469989,0,0,0,0,0,0.00132802124833997,0.000671989880622974
azcapotzalco,jardin azpeitia,0,0,0,0.000736919675755343,0,0,0,0.000206970775726467,0,0,0,0,0,0.000664010624169987,0.000197644082536169
azcapotzalco,la preciosa,0,0,0,0,0.00684931506849315,0,0,0.000620912327179402,0,0,0,0,0,0.000664010624169987,0.000592932247608507
azcapotzalco,la raza,0,0,0,0.000736919675755343,0,0,0,0.000745094792615283,0.00204081632653061,0,0,0,0,0.000664010624169987,0.000790576330144676
azcapotzalco,liberacion,0,0,0,0.000736919675755343,0,0,0,0.000289759086017054,0,0.0101010101010101,0,0,0,0.000664010624169987,0.00031623053205787
azcapotzalco,nextengo,0,0,0,0,0.00684931506849315,0,0,0.000289759086017054,0.00102040816326531,0,0,0,0,0.000664010624169987,0.00031623053205787
azcapotzalco,nueva santa maria,0,0,0,0.00147383935151069,0,0,0,0.00103485387863234,0,0,0,0,0,0.00132802124833997,0.000988220412680844
azcapotzalco,obrero popular,0,0,0,0.000736919675755343,0,0,0,0.000289759086017054,0.00102040816326531,0,0,0,0,0.000664010624169987,0.00031623053205787
azcapotzalco,presidente madero,0,0,0,0.000736919675755343,0,0,0,0.000248364930871761,0.00204081632653061,0,0,0,0,0.000664010624169987,0.00031623053205787
azcapotzalco,providencia,0,0,0,0.000736919675755343,0,0,0,0.000579518172034109,0,0,0,0,0,0.000664010624169987,0.000553403431101273
azcapotzalco,reynosa tamaulipas,0,0,0,0.00221075902726603,0,0,0,0.000455335706598228,0,0,0,0,0,0.00199203187250996,0.000434816981579572
azcapotzalco,san alvaro,0,0,0,0.00147383935151069,0,0,0,0.000993459723487044,0.00102040816326531,0,0,0,0,0.00132802124833997,0.000988220412680844
azcapotzalco,san andres,0,0,0,0.00221075902726603,0,0,0,0.00144879543008527,0.00510204081632653,0,0,0,0,0.00199203187250996,0.00158115266028935
azcapotzalco,san antonio,0,0,0,0.000736919675755343,0,0,0,0.000496729861743522,0,0,0,0,0,0.000664010624169987,0.000474345798086805
azcapotzalco,san bartolo cahualtongo,0,0,0,0.000736919675755343,0,0,0,0.000206970775726467,0.00102040816326531,0,0,0,0,0.000664010624169987,0.000237172899043403
azcapotzalco,san francisco tetecala,0,0,0,0.000736919675755343,0,0,0,0.000496729861743522,0,0,0,0,0,0.000664010624169987,0.000474345798086805
azcapotzalco,san juan tlihuaca,0,0,0,0.000736919675755343,0,0,0,0.00132461296464939,0,0,0,0,0,0.000664010624169987,0.00126492212823148
azcapotzalco,san marcos,0,0,0,0.00147383935151069,0,0,0,0.000993459723487044,0.00102040816326531,0,0,0,0,0.00132802124833997,0.000988220412680844
azcapotzalco,san martin xochinahuac,0,0,0,0.000736919675755343,0.00684931506849315,0,0,0.00182134282639291,0,0,0,0,0,0.00132802124833997,0.00173926792631829
azcapotzalco,san pedro xalpa,0,0,0,0.000736919675755343,0,0,0,0.000579518172034109,0,0,0,0,0,0.000664010624169987,0.000553403431101273
azcapotzalco,san sebastian,0,0,0,0.000736919675755343,0,0,0,0.000620912327179402,0,0,0,0,0,0.000664010624169987,0.000592932247608507
azcapotzalco,santa catarina,0,0,0,0.000736919675755343,0,0,0,0.000455335706598228,0,0,0,0,0,0.000664010624169987,0.000434816981579572
azcapotzalco,tezozomoc,0,0,0,0.000736919675755343,0,0,0,0.000910671413196457,0.00204081632653061,0,0,0,0,0.000664010624169987,0.000948691596173611
azcapotzalco,tlatilco,0,0,0,0.000736919675755343,0,0,0,0.000496729861743522,0.00102040816326531,0,0,0,0,0.000664010624169987,0.000513874614594039
azcapotzalco,unidad cuitlahuac,0,0,0,0.000736919675755343,0,0,0,0.000248364930871761,0,0,0,0,0,0.000664010624169987,0.000237172899043403
azcapotzalco,victoria de las democracias,0,0,0,0.00147383935151069,0,0,0,0.000248364930871761,0,0,0,0,0,0.00132802124833997,0.000237172899043403
benito juarez,8 de agosto,0,0,0,0.000736919675755343,0,0,0,0.000165576620581174,0,0,0,0,0,0.000664010624169987,0.000158115266028935
benito juarez,actipan,0,0,0,0,0.00684931506849315,0,0,0.000289759086017054,0.00102040816326531,0,0,0,0,0.000664010624169987,0.00031623053205787
benito juarez,albert,0,0,0,0.000736919675755343,0,0,0,0.000331153241162348,0,0,0,0,0,0.000664010624169987,0.00031623053205787
benito juarez,americas unidas,0,0,0,0.00147383935151069,0,0,0,0.000455335706598228,0,0,0,0,0,0.00132802124833997,0.000434816981579572
benito juarez,del carmen,0,0,0,0.000736919675755343,0,0,0,8.2788310290587e-05,0.00204081632653061,0,0,0,0,0.000664010624169987,0.000158115266028935
benito juarez,ermita,0,0,0,0,0.00684931506849315,0,0,0.000165576620581174,0,0,0,0,0,0.000664010624169987,0.000158115266028935
benito juarez,general pedro maria anaya,0,0,0,0.00147383935151069,0,0,0,0.000331153241162348,0.00204081632653061,0,0,0,0,0.00132802124833997,0.000395288165072338
benito juarez,independencia,0,0,0,0.000736919675755343,0,0,0,0.000662306482324696,0.00204081632653061,0,0,0,0,0.000664010624169987,0.000711518697130208
benito juarez,insurgentes mixcoac,0,0,0,0.000736919675755343,0.00684931506849315,0,0,0.00082788310290587,0.00408163265306122,0,0,0,0,0.00132802124833997,0.000948691596173611
benito juarez,iztaccihuatl,0,0,0,0,0,0,0.5,0.000331153241162348,0,0,0,0,0,0.000664010624169987,0.00031623053205787
benito juarez,josefa ortiz de dominguez,0,0,0,0.00147383935151069,0,0,0,8.2788310290587e-05,0,0,0,0,0,0.00132802124833997,7.90576330144675e-05
benito juarez,merced gomez,0,0,0,0.000736919675755343,0,0,0,0,0,0,0,0,0,0.000664010624169987,0
benito juarez,miguel aleman,0,0,0,0.000736919675755343,0,0,0,4.13941551452935e-05,0,0,0,0,0,0.000664010624169987,3.95288165072338e-05
benito juarez,moderna,0,0,0,0.00147383935151069,0,0,0,0.00103485387863234,0.00102040816326531,0.0101010101010101,0,0,0,0.00132802124833997,0.00106727804569531
benito juarez,napoles,0,0,0,0.00221075902726603,0.00684931506849315,0,0,0.00103485387863234,0.00102040816326531,0.0101010101010101,0,0,0,0.00265604249667995,0.00106727804569531
benito juarez,narvarte,0,0,0,0.00810611643330877,0,0,0,0.00397383889394817,0.00612244897959184,0,0,0,0,0.00730411686586985,0.00403193928373785
benito juarez,nativitas,0,0,0,0.000736919675755343,0,0,0,0.000910671413196457,0.00102040816326531,0,0,0,0,0.000664010624169987,0.000909162779666377
benito juarez,ninos heroes,0,0,0,0.000736919675755343,0.00684931506849315,0,0,0.000910671413196457,0.00306122448979592,0,0,0,0,0.00132802124833997,0.000988220412680844
benito juarez,postal,0,0,0,0.00147383935151069,0,0,0,0.000703700637469989,0,0,0,0,0,0.00132802124833997,0.000671989880622974
benito juarez,san jose insurgentes,0,0,0,0.000736919675755343,0,0,0,0.00095206556834175,0,0,0,0,0,0.000664010624169987,0.000909162779666377
benito juarez,san pedro de los pinos,0,0,0,0.00221075902726603,0.0136986301369863,0,0,0.00132461296464939,0.00306122448979592,0,0,0,0,0.00332005312084993,0.00138350857775318
benito juarez,santa cruz atoyac,0,0,0,0.00442151805453206,0.00684931506849315,0,0,0.00182134282639291,0.00102040816326531,0,0,0,0,0.00464807436918991,0.00177879674282552
benito juarez,tlacoquemecatl,0,0,0,0.000736919675755343,0,0,0,0.000496729861743522,0.00102040816326531,0,0,0,0,0.000664010624169987,0.000513874614594039
benito juarez,vertiz narvarte,0,0,0,0,0.00684931506849315,0,0,0.000331153241162348,0,0,0,0,0,0.000664010624169987,0.00031623053205787
benito juarez,xoco,0,0,0,0.00147383935151069,0,0,0,0.00095206556834175,0,0,0,0,0,0.00132802124833997,0.000909162779666377
coyoacan,adolfo ruiz cortines,0,0,0,0.00221075902726603,0.00684931506849315,0,0,0.00244225515357232,0.00102040816326531,0,0.0363636363636364,0,0,0.00265604249667995,0.00245078662344849
coyoacan,alianza popular revolucionaria,0,0,0,0.000736919675755343,0,0,0,0.000869277258051163,0.00102040816326531,0,0,0,0,0.000664010624169987,0.000869633963159143
coyoacan,ampliacion san francisco culhuacan,0,0,0,0.00147383935151069,0,0,0,0.00111764218892292,0.00102040816326531,0,0,0,0,0.00132802124833997,0.00110680686220255
coyoacan,avante,0,0,0,0.00147383935151069,0,0,0,0.000662306482324696,0,0,0,0,0,0.00132802124833997,0.00063246106411574
coyoacan,barrio oxtopulco universidad,0,0,0,0.000736919675755343,0,0,0,0.000165576620581174,0.00204081632653061,0,0,0,0,0.000664010624169987,0.000237172899043403
coyoacan,barrio santa catarina,0,0,0,0.000736919675755343,0,0,0,0.00103485387863234,0,0,0,0,0,0.000664010624169987,0.000988220412680844
coyoacan,bosques de tetlameya,0,0,0,0.000736919675755343,0,0,0,0.00012418246543588,0,0,0,0,0,0.000664010624169987,0.000118586449521701
coyoacan,campestre churubusco,0,0,0,0.00147383935151069,0,0,0,0.000910671413196457,0.00102040816326531,0,0,0,0,0.00132802124833997,0.000909162779666377
coyoacan,churubusco country club,0,0,0,0.00147383935151069,0,0,0,0.000206970775726467,0,0,0,0,0,0.00132802124833997,0.000197644082536169
coyoacan,ciudad jardin,0,0,0,0.000736919675755343,0,0,0,0.000248364930871761,0,0,0,0,0,0.000664010624169987,0.000237172899043403
coyoacan,copilco el alto,0,0,0,0.000736919675755343,0.00684931506849315,0,0,0.000579518172034109,0.00102040816326531,0,0,0,0,0.00132802124833997,0.000592932247608507
coyoacan,copilco el bajo,0,0,0,0.00147383935151069,0,0,0,0.000289759086017054,0.00102040816326531,0,0,0,0,0.00132802124833997,0.00031623053205787
coyoacan,copilco universidad,0,0,0,0.000736919675755343,0,0,0,0.000331153241162348,0.00102040816326531,0,0,0,0,0.000664010624169987,0.000355759348565104
coyoacan,copilco universidad issste,0,0,0,0.000736919675755343,0,0,0,0,0,0,0,0,0,0.000664010624169987,0
coyoacan,cuadrante de san francisco,0,0,0,0.000736919675755343,0,0,0,0.000662306482324696,0,0,0,0,0,0.000664010624169987,0.00063246106411574
coyoacan,culhuacan ctm seccion ix,0,0,0,0.000736919675755343,0,0,0,0.00161437205066645,0.00102040816326531,0,0,0,0,0.000664010624169987,0.00158115266028935
coyoacan,culhuacan ctm seccion vii,0,0,0,0.00221075902726603,0,0,0,0.00120043049921351,0.00102040816326531,0,0,0,0,0.00199203187250996,0.00118586449521701
coyoacan,del carmen,0,0,0,0.00147383935151069,0,0,0,0.00140740127493998,0,0,0,0,0,0.00132802124833997,0.00134397976124595
coyoacan,el caracol,0,0,0,0,0.00684931506849315,0,0,0.000331153241162348,0,0,0,0,0,0.000664010624169987,0.00031623053205787
coyoacan,el parque de coyoacan,0,0,0,0.000736919675755343,0,0,0,0.000331153241162348,0,0,0,0,0,0.000664010624169987,0.00031623053205787
coyoacan,espartaco,0,0,0,0.00147383935151069,0,0,0,0.000538124016888815,0.00102040816326531,0,0,0,0,0.00132802124833997,0.000553403431101273
coyoacan,los olivos,0,0,0,0.000736919675755343,0,0,0,8.2788310290587e-05,0,0,0,0,0,0.000664010624169987,7.90576330144675e-05
coyoacan,parque san andres,0,0,0,0.00147383935151069,0,0,0,0.000579518172034109,0,0,0,0,0,0.00132802124833997,0.000553403431101273
coyoacan,paseos de taxquena,0,0,0,0.00294767870302137,0,0,0,0.000869277258051163,0,0,0,0,0,0.00265604249667995,0.000830105146651909
coyoacan,pedregal de la zorra,0,0,0,0,0.00684931506849315,0,0,8.2788310290587e-05,0,0,0,0,0,0.000664010624169987,7.90576330144675e-05
coyoacan,pedregal de san francisco,0,0,0,0.000736919675755343,0,0,0,0.000206970775726467,0,0,0,0,0,0.000664010624169987,0.000197644082536169
coyoacan,pedregal del sur,0,0,0,0.000736919675755343,0,0,0,0.00012418246543588,0,0,0,0,0,0.000664010624169987,0.000118586449521701
coyoacan,prado churubusco,0,0,0,0.000736919675755343,0,0,0,0.000579518172034109,0,0,0,0,0,0.000664010624169987,0.000553403431101273
coyoacan,pueblo de los reyes,0,0,0,0.000736919675755343,0,0,0,0.00136600711979469,0.00204081632653061,0,0,0,0,0.000664010624169987,0.00138350857775318
coyoacan,pueblo de san pablo tepetlapa,0,0,0,0.000736919675755343,0,0,0,0.000455335706598228,0.00102040816326531,0,0,0,0,0.000664010624169987,0.000474345798086805
coyoacan,pueblo de santa ursula coapa,0,0,0,0.000736919675755343,0,0,0,0.000662306482324696,0.00204081632653061,0,0.0181818181818182,0,0,0.000664010624169987,0.000751047513637442
coyoacan,pueblo la candelaria,0,0,0,0.00147383935151069,0,0,0,0.00082788310290587,0.00204081632653061,0,0,0,0,0.00132802124833997,0.000869633963159143
coyoacan,rinconada las playas infonavit,0,0,0,0.000736919675755343,0,0,0,0.000165576620581174,0,0,0,0,0,0.000664010624169987,0.000158115266028935
coyoacan,romero de terreros,0,0,0,0.00147383935151069,0.00684931506849315,0,0,0.00082788310290587,0,0,0,0,0,0.00199203187250996,0.000790576330144676
coyoacan,san francisco culhuacan,0,0,0,0.00147383935151069,0,0,0,0.00281480254987996,0.00204081632653061,0.0101010101010101,0,0,0,0.00132802124833997,0.0028065459720136
coyoacan,santa cecilia,0,0,0,0.000736919675755343,0,0,0,0.00012418246543588,0,0,0,0,0,0.000664010624169987,0.000118586449521701
coyoacan,santa ursula coapa,0,0,0,0.000736919675755343,0,0,0,0.000745094792615283,0.00204081632653061,0,0.0181818181818182,0,0,0.000664010624169987,0.000830105146651909
coyoacan,taxquena,0,0,0,0.000736919675755343,0,0,0,0.00012418246543588,0,0,0,0,0,0.000664010624169987,0.000118586449521701
coyoacan,universidad nacional autonoma de mexico,0,0,0,0.00147383935151069,0,0,0,0.00153158374037586,0.00408163265306122,0,0,0,0,0.00132802124833997,0.00162068147679659
coyoacan,villa coyoacan,0,0,0,0.00147383935151069,0,0,0,0.000206970775726467,0,0,0,0,0,0.00132802124833997,0.000197644082536169
coyoacan,villa panamericana,0,0,0,0.000736919675755343,0,0,0,0.000786488947760576,0,0,0,0,0,0.000664010624169987,0.000751047513637442
coyoacan,villa quietud,0,0,0,0.000736919675755343,0.00684931506849315,0,0,0.000206970775726467,0,0,0,0,0,0.00132802124833997,0.000197644082536169
coyoacan,xoco,0,0,0,0.000736919675755343,0,0,0,0,0,0,0,0,0,0.000664010624169987,0
cuajimalpa de morelos,contadero,0,0,0,0.000736919675755343,0,0,0,0.000703700637469989,0.00204081632653061,0,0,0,0,0.000664010624169987,0.000751047513637442
cuajimalpa de morelos,cruz blanca,0,0,0,0.00147383935151069,0,0,0,0.000538124016888815,0,0,0,0,0,0.00132802124833997,0.000513874614594039
cuajimalpa de morelos,el yaqui,0,0,0,0.000736919675755343,0,0,0,8.2788310290587e-05,0,0,0,0,0,0.000664010624169987,7.90576330144675e-05
cuajimalpa de morelos,jardines de la palma,0,0,0,0.000736919675755343,0,0,0,4.13941551452935e-05,0,0,0,0,0,0.000664010624169987,3.95288165072338e-05
cuajimalpa de morelos,jesus del monte,0,0,0,0.000736919675755343,0,0,0,0.000289759086017054,0,0,0,0,0,0.000664010624169987,0.000276701715550636
cuajimalpa de morelos,la navidad,0,0,0,0.00221075902726603,0,0,0,0.00161437205066645,0.00204081632653061,0,0,0,0,0.00199203187250996,0.00162068147679659
cuajimalpa de morelos,lomas de memetla,0,0,0,0.000736919675755343,0,0,0,0.000289759086017054,0,0,0,0,0,0.000664010624169987,0.000276701715550636
cuajimalpa de morelos,lomas de vista hermosa,0,0,0,0.000736919675755343,0,0,0,0.000289759086017054,0.00102040816326531,0.0101010101010101,0,0,0,0.000664010624169987,0.000355759348565104
cuajimalpa de morelos,lomas del chamizal,0,0,0,0.000736919675755343,0,0,0,0.000662306482324696,0.00102040816326531,0,0,0,0,0.000664010624169987,0.000671989880622974
cuajimalpa de morelos,palo alto,0,0,0,0.000736919675755343,0,0,0,0.000496729861743522,0,0,0,0,0,0.000664010624169987,0.000474345798086805
cuajimalpa de morelos,san jose de los cedros,0,0,0,0.000736919675755343,0,0,0,0.00153158374037586,0.00102040816326531,0,0,0,0,0.000664010624169987,0.00150209502727488
cuajimalpa de morelos,san lorenzo acopilco,0,0,0,0.000736919675755343,0,0,0,0.00149018958523057,0.00102040816326531,0,0,0,0,0.000664010624169987,0.00146256621076765
cuajimalpa de morelos,san pablo chimalpa,0,0,0,0.000736919675755343,0,0,0,0.0012832188095041,0.00306122448979592,0,0,0,0,0.000664010624169987,0.00134397976124595
cuajimalpa de morelos,zentlapatl,0,0,0,0.000736919675755343,0,0,0,0.00153158374037586,0.00102040816326531,0,0,0,0,0.000664010624169987,0.00150209502727488
cuauhtemoc,ampliacion asturias,0,0,0,0.000736919675755343,0.00684931506849315,0,0,0.00082788310290587,0,0,0,0,0,0.00132802124833997,0.000790576330144676
cuauhtemoc,asturias,0,0,0,0.000736919675755343,0,0,0,0.000331153241162348,0,0,0,0,0,0.000664010624169987,0.00031623053205787
cuauhtemoc,atlampa,0,0,0,0.00147383935151069,0,0,0,0.00227667853299114,0.00102040816326531,0.0101010101010101,0,0,0,0.00132802124833997,0.00225314254091233
cuauhtemoc,esperanza,0,0,0,0.000736919675755343,0,0,0,0.000579518172034109,0,0,0,0,0,0.000664010624169987,0.000553403431101273
cuauhtemoc,guerrero,0,0,0,0.00294767870302137,0.0136986301369863,0,0,0.00711979468499048,0.00714285714285714,0.0101010101010101,0,0,0,0.00398406374501992,0.00711518697130208
cuauhtemoc,hipodromo condesa,0,0,0,0.000736919675755343,0,0,0,0.000455335706598228,0,0,0,0,0,0.000664010624169987,0.000434816981579572
cuauhtemoc,maza,0,0,0,0.000736919675755343,0.00684931506849315,0,0,0.000248364930871761,0,0,0,0,0,0.00132802124833997,0.000237172899043403
cuauhtemoc,morelos,0,0,0,0.00368459837877671,0,0,0,0.00521566354830698,0.00918367346938776,0.0303030303030303,0.0363636363636364,0,0,0.00332005312084993,0.00553403431101273
cuauhtemoc,nonoalco tlatelolco,0,0,0,0.00221075902726603,0,0,0,0.00293898501531584,0.00408163265306122,0.0202020202020202,0,0,0,0.00199203187250996,0.003043718871057
cuauhtemoc,paulino navarro,0,0,0,0.000736919675755343,0,0,0,0.000786488947760576,0,0,0,0,0,0.000664010624169987,0.000751047513637442
cuauhtemoc,peralvillo,0,0,0,0.00294767870302137,0,0,0,0.00169716036095703,0.00408163265306122,0.0101010101010101,0,0,0,0.00265604249667995,0.00181832555933275
cuauhtemoc,roma norte,0,0,0,0.00294767870302137,0,0,0,0.00393244473880288,0.00714285714285714,0,0,0,0,0.00265604249667995,0.00403193928373785
cuauhtemoc,roma sur,0,0,0,0.00147383935151069,0.00684931506849315,0,0,0.0025250434638629,0.00306122448979592,0,0,0,0,0.00199203187250996,0.00252984425646296
cuauhtemoc,san rafael,0,0,0,0.00221075902726603,0,0,0,0.00198691944697409,0.00102040816326531,0,0,0,0,0.00199203187250996,0.00193691200885446
cuauhtemoc,san simon tolnahuac,0,0,0,0.000736919675755343,0.00684931506849315,0,0,0.00165576620581174,0.00102040816326531,0,0,0,0,0.00132802124833997,0.00162068147679659
cuauhtemoc,santa maria la ribera,0,0,0,0.00442151805453206,0.00684931506849315,0,0,0.00418080966967464,0.00510204081632653,0,0,0,0,0.00464807436918991,0.00419005454976678
cuauhtemoc,transito,0,0,0,0.00442151805453206,0,0,0,0.00157297789552115,0,0,0,0,0,0.00398406374501992,0.00150209502727488
cuauhtemoc,valle gomez,0,0,0,0.000736919675755343,0,0,0,0.00111764218892292,0.00102040816326531,0,0,0,0,0.000664010624169987,0.00110680686220255
gustavo a madero,15 de agosto,0,0,0,0.00147383935151069,0,0,0,0.000372547396307641,0,0,0,0,0,0.00132802124833997,0.000355759348565104
gustavo a madero,6 de junio,0,0,0,0.000736919675755343,0,0,0,0.000331153241162348,0.00102040816326531,0,0,0,0,0.000664010624169987,0.000355759348565104
gustavo a madero,7 de noviembre,0,0,0,0.000736919675755343,0,0,0,0.000538124016888815,0,0,0,0,0,0.000664010624169987,0.000513874614594039
gustavo a madero,ampliacion benito juarez,0,0,0,0.000736919675755343,0,0,0,0.000538124016888815,0,0,0,0,0,0.000664010624169987,0.000513874614594039
gustavo a madero,ampliacion emiliano zapata,0,0,0,0.000736919675755343,0,0,0,0.00012418246543588,0,0,0,0,0,0.000664010624169987,0.000118586449521701
gustavo a madero,ampliacion gabriel hernandez,0,0,0,0.000736919675755343,0,0,0,0.00140740127493998,0,0,0,0,0,0.000664010624169987,0.00134397976124595
gustavo a madero,ampliacion panamericana,0,0,0,0.000736919675755343,0,0,0,0.000786488947760576,0.00102040816326531,0,0,0,0,0.000664010624169987,0.000790576330144676
gustavo a madero,ampliacion providencia,0,0,0,0.000736919675755343,0,0,0,0.000703700637469989,0,0,0,0,0,0.000664010624169987,0.000671989880622974
gustavo a madero,aragon inguaran,0,0,0,0.000736919675755343,0,0,0,0.000165576620581174,0,0,0,0,0,0.000664010624169987,0.000158115266028935
gustavo a madero,aragon la villa,0,0,0,0.00368459837877671,0.00684931506849315,0,0,0.000579518172034109,0,0,0,0,0,0.00398406374501992,0.000553403431101273
gustavo a madero,barrio candelaria ticoman,0,0,0,0.000736919675755343,0,0,0,0.00095206556834175,0.00102040816326531,0.0101010101010101,0,0,0,0.000664010624169987,0.000988220412680844
gustavo a madero,bondojito,0,0,0,0.000736919675755343,0,0,0,0.000496729861743522,0,0,0,0,0,0.000664010624169987,0.000474345798086805
gustavo a madero,campestre aragon,0,0,0,0.0051584377302874,0,0,0,0.00240086099842702,0.00204081632653061,0,0.0181818181818182,0,0,0.00464807436918991,0.00241125780694126
gustavo a madero,capultitlan,0,0,0,0.00147383935151069,0,0,0,0.000579518172034109,0.00102040816326531,0,0,0,0,0.00132802124833997,0.000592932247608507
gustavo a madero,castillo chico,0,0,0,0.000736919675755343,0,0,0,0.000538124016888815,0,0,0,0,0,0.000664010624169987,0.000513874614594039
gustavo a madero,chalma de guadalupe,0,0,0,0,0.00684931506849315,0,0,0.00227667853299114,0.00306122448979592,0,0,0,0,0.000664010624169987,0.00229267135741956
gustavo a madero,churubusco tepeyac,0,0,0,0,0.00684931506849315,0,0,0.000165576620581174,0.00102040816326531,0,0,0,0,0.000664010624169987,0.000197644082536169
gustavo a madero,cocoyotes,0,0,0,0.00147383935151069,0,0,0,0.000579518172034109,0,0,0,0,0,0.00132802124833997,0.000553403431101273
gustavo a madero,compositores mexicanos,0,0,0,0.000736919675755343,0,0,0,0.00103485387863234,0.00204081632653061,0,0,0,0,0.000664010624169987,0.00106727804569531
gustavo a madero,constitucion de la republica,0,0,0,0.000736919675755343,0,0,0,0.0019041311366835,0.00204081632653061,0,0,0,0,0.000664010624169987,0.00189738319234722
gustavo a madero,ctm aragon,0,0,0,0.00147383935151069,0,0,0,0.000289759086017054,0,0,0,0,0,0.00132802124833997,0.000276701715550636
gustavo a madero,ctm el risco,0,0,0,0.000736919675755343,0,0,0,0.000620912327179402,0,0,0,0,0,0.000664010624169987,0.000592932247608507
gustavo a madero,cuchilla del tesoro,0,0,0,0,0.00684931506849315,0,0,0.00115903634406822,0.00204081632653061,0,0,0,0,0.000664010624169987,0.00118586449521701
gustavo a madero,defensores de la republica,0,0,0,0.00147383935151069,0,0,0,0.000910671413196457,0,0.0101010101010101,0,0,0,0.00132802124833997,0.000909162779666377
gustavo a madero,del bosque,0,0,0,0.000736919675755343,0,0,0,0.000413941551452935,0,0,0,0,0,0.000664010624169987,0.000395288165072338
gustavo a madero,del carmen,0,0,0,0.000736919675755343,0,0,0,0.000662306482324696,0,0,0,0,0,0.000664010624169987,0.00063246106411574
gustavo a madero,dinamita,0,0,0,0.00147383935151069,0,0,0,0.000248364930871761,0,0,0,0,0,0.00132802124833997,0.000237172899043403
gustavo a madero,eduardo molina i,0,0,0,0.000736919675755343,0,0,0,8.2788310290587e-05,0,0,0,0,0,0.000664010624169987,7.90576330144675e-05
gustavo a madero,el arbolillo ctm,0,0,0,0.00147383935151069,0,0,0,0.000496729861743522,0.00204081632653061,0,0,0,0,0.00132802124833997,0.000553403431101273
gustavo a madero,el coyol,0,0,0,0.00221075902726603,0,0,0,0.000289759086017054,0,0,0,0,0,0.00199203187250996,0.000276701715550636
gustavo a madero,el olivo,0,0,0,0.000736919675755343,0,0,0,0.000206970775726467,0,0,0,0,0,0.000664010624169987,0.000197644082536169
gustavo a madero,faja de oro,0,0,0,0.000736919675755343,0,0,0,0.00012418246543588,0,0,0,0,0,0.000664010624169987,0.000118586449521701
gustavo a madero,forestal,0,0,0,0.00147383935151069,0,0,0,0.000289759086017054,0.00102040816326531,0.0101010101010101,0,0,0,0.00132802124833997,0.000355759348565104
gustavo a madero,gabriel hernandez,0,0,0,0.00221075902726603,0,0,0,0.00157297789552115,0.00204081632653061,0,0,0,0,0.00199203187250996,0.00158115266028935
gustavo a madero,general felipe berriozabal,0,0,0,0.00221075902726603,0.00684931506849315,0,0,0.00115903634406822,0,0,0,0,0,0.00265604249667995,0.00110680686220255
gustavo a madero,gertrudis sanchez 1a seccion,0,0,0,0.000736919675755343,0,0,0,0.000289759086017054,0.00102040816326531,0,0,0,0,0.000664010624169987,0.00031623053205787
gustavo a madero,gertrudis sanchez 2a seccion,0,0,0,0.000736919675755343,0.00684931506849315,0,0,0.000786488947760576,0.00102040816326531,0,0,0,0,0.00132802124833997,0.000790576330144676
gustavo a madero,granjas modernas,0,0,0,0.00147383935151069,0,0,0,0.000703700637469989,0.00408163265306122,0,0,0,0,0.00132802124833997,0.000830105146651909
gustavo a madero,guadalupe insurgentes,0,0,0,0.000736919675755343,0,0,0,0.000413941551452935,0,0,0,0,0,0.000664010624169987,0.000395288165072338
gustavo a madero,guadalupe victoria cuautepec,0,0,0,0.000736919675755343,0,0,0,0.000579518172034109,0,0,0,0,0,0.000664010624169987,0.000553403431101273
gustavo a madero,industrial,0,0,0,0.00147383935151069,0.00684931506849315,0,0,0.00161437205066645,0.00102040816326531,0,0,0,0,0.00199203187250996,0.00158115266028935
gustavo a madero,jorge negrete,0,0,0,0.000736919675755343,0,0,0,0.000869277258051163,0,0,0,0,0,0.000664010624169987,0.000830105146651909
gustavo a madero,juan gonzalez romero,0,0,0,0.00147383935151069,0,0,0,0.00082788310290587,0,0,0,0,0,0.00132802124833997,0.000790576330144676
gustavo a madero,juventino rosas,0,0,0,0.000736919675755343,0,0,0,0.000413941551452935,0.00102040816326531,0,0,0,0,0.000664010624169987,0.000434816981579572
gustavo a madero,la casilda,0,0,0,0.00147383935151069,0,0,0,0.00095206556834175,0.00102040816326531,0,0,0,0,0.00132802124833997,0.000948691596173611
gustavo a madero,la joya,0,0,0,0,0.00684931506849315,0,0,0.000869277258051163,0,0,0,0,0,0.000664010624169987,0.000830105146651909
gustavo a madero,la pradera,0,0,0,0.00221075902726603,0,0,0,0.00132461296464939,0.00306122448979592,0.0101010101010101,0,0,0,0.00199203187250996,0.00142303739426042
gustavo a madero,la purisima ticoman,0,0,0,0.00147383935151069,0,0,0,0.000993459723487044,0,0,0,0,0,0.00132802124833997,0.000948691596173611
gustavo a madero,lindavista,0,0,0,0.00221075902726603,0.00684931506849315,0,0,0.00206970775726467,0.00306122448979592,0,0,0,0,0.00265604249667995,0.00209502727488339
gustavo a madero,magdalena de las salinas,0,0,0,0.00147383935151069,0,0,0,0.00111764218892292,0.00204081632653061,0,0,0,0,0.00132802124833997,0.00114633567870978
gustavo a madero,martin carrera,0,0,0,0.00147383935151069,0,0,0,0.00161437205066645,0.00306122448979592,0,0,0,0,0.00132802124833997,0.00166021029330382
gustavo a madero,martires de rio blanco,0,0,0,0.00147383935151069,0,0,0,0.00095206556834175,0,0,0,0,0,0.00132802124833997,0.000909162779666377
gustavo a madero,nueva industrial vallejo,0,0,0,0.00221075902726603,0.00684931506849315,0,0,0.000993459723487044,0.00306122448979592,0.0101010101010101,0,0,0,0.00265604249667995,0.00110680686220255
gustavo a madero,nueva vallejo,0,0,0,0.00147383935151069,0,0,0,0.00120043049921351,0.00102040816326531,0,0,0,0,0.00132802124833997,0.00118586449521701
gustavo a madero,palmatitla,0,0,0,0.000736919675755343,0.00684931506849315,0,0,0.000869277258051163,0,0,0,0,0,0.00132802124833997,0.000830105146651909
gustavo a madero,parque metropolitano,0,0,0,0.000736919675755343,0,0,0,0.000289759086017054,0,0,0,0,0,0.000664010624169987,0.000276701715550636
gustavo a madero,prados de cuautepec,0,0,0,0.000736919675755343,0,0,0,0.000248364930871761,0,0,0,0,0,0.000664010624169987,0.000237172899043403
gustavo a madero,progreso nacional,0,0,0,0.00147383935151069,0,0,0,0.000745094792615283,0,0,0,0,0,0.00132802124833997,0.000711518697130208
gustavo a madero,residencial zacatenco,0,0,0,0.000736919675755343,0.00684931506849315,0,0,0.00120043049921351,0,0,0,0,0,0.00132802124833997,0.00114633567870978
gustavo a madero,salvador diaz miron,0,0,0,0.000736919675755343,0,0,0,0.00107624803377763,0.00204081632653061,0,0,0,0,0.000664010624169987,0.00110680686220255
gustavo a madero,san bartolo atepehuacan,0,0,0,0.000736919675755343,0,0,0,0.000620912327179402,0,0,0,0,0,0.000664010624169987,0.000592932247608507
gustavo a madero,san juan de aragon ii seccion,0,0,0,0.00294767870302137,0.00684931506849315,0,0,0.00169716036095703,0,0,0.0181818181818182,0,0,0.00332005312084993,0.00166021029330382
gustavo a madero,san juan de aragon v seccion,0,0,0,0.00147383935151069,0,0,0,0.000331153241162348,0.00102040816326531,0,0,0,0,0.00132802124833997,0.000355759348565104
gustavo a madero,san juan de aragon vi seccion,0,0,0,0.000736919675755343,0,0,0,0.00132461296464939,0.00102040816326531,0,0,0,0,0.000664010624169987,0.00130445094473871
gustavo a madero,san juan de aragon vii seccion,0,0,0,0.00147383935151069,0,0,0,0.00115903634406822,0.00102040816326531,0,0,0,0,0.00132802124833997,0.00114633567870978
gustavo a madero,san juan y guadalupe ticoman,0,0,0,0.00147383935151069,0,0,0,0.00082788310290587,0.00204081632653061,0,0,0,0,0.00132802124833997,0.000869633963159143
gustavo a madero,san pedro el chico,0,0,0,0.00221075902726603,0,0,0,0.0012418246543588,0,0,0,0,0,0.00199203187250996,0.00118586449521701
gustavo a madero,san pedro zacatenco,0,0,0,0.000736919675755343,0,0,0,0.000993459723487044,0,0,0,0,0,0.000664010624169987,0.000948691596173611
gustavo a madero,santa isabel tola,0,0,0,0.00442151805453206,0.00684931506849315,0,0,0.00149018958523057,0.00204081632653061,0.0101010101010101,0,0,0,0.00464807436918991,0.00154162384378212
gustavo a madero,santiago atepetlac,0,0,0,0.000736919675755343,0,0,0,0.000703700637469989,0.00102040816326531,0,0,0,0,0.000664010624169987,0.000711518697130208
gustavo a madero,santiago atzacoalco,0,0,0,0.00147383935151069,0,0,0,0.000910671413196457,0.00204081632653061,0,0,0,0,0.00132802124833997,0.000948691596173611
gustavo a madero,tablas de san agustin,0,0,0,0.000736919675755343,0,0,0,0.00111764218892292,0.00102040816326531,0,0,0,0,0.000664010624169987,0.00110680686220255
gustavo a madero,tlacaelel 1,0,0,0,0.000736919675755343,0.00684931506849315,0,0,0.000289759086017054,0.00102040816326531,0,0,0,0,0.00132802124833997,0.00031623053205787
gustavo a madero,tlalpexco,0,0,0,0.000736919675755343,0,0,0,0.00111764218892292,0.00204081632653061,0,0,0,0,0.000664010624169987,0.00114633567870978
gustavo a madero,tres estrellas,0,0,0,0.000736919675755343,0,0,0,0.000331153241162348,0,0,0,0,0,0.000664010624169987,0.00031623053205787
gustavo a madero,triunfo de la republica,0,0,0,0.00147383935151069,0,0,0,0.000538124016888815,0,0,0,0,0,0.00132802124833997,0.000513874614594039
gustavo a madero,vallejo,0,0,0,0.00221075902726603,0,0,0,0.00161437205066645,0.00306122448979592,0,0,0,0,0.00199203187250996,0.00166021029330382
gustavo a madero,vallejo poniente,0,0,0,0.000736919675755343,0,0,0,0.000455335706598228,0,0,0,0,0,0.000664010624169987,0.000434816981579572
gustavo a madero,villa gustavo a madero,0,0,0,0.000736919675755343,0.00684931506849315,0,0,0.000496729861743522,0.00102040816326531,0,0,0,0,0.00132802124833997,0.000513874614594039
gustavo a madero,zona escolar,0,0,0,0.00294767870302137,0,0,0,0.00140740127493998,0.00102040816326531,0,0,0,0,0.00265604249667995,0.00138350857775318
gustavo a madero,zona escolar oriente,0,0,0,0.000736919675755343,0.00684931506849315,0,0,0.00103485387863234,0,0,0,0,0,0.00132802124833997,0.000988220412680844
iztacalco,ampliacion gabriel ramos millan,0,0,0,0.000736919675755343,0,0,0,0.00223528437784585,0,0,0,0,0,0.000664010624169987,0.00213455609139062
iztacalco,campamento 2 de octubre,0,0,0,0.000736919675755343,0,0,0,0.00248364930871761,0,0,0.0181818181818182,0,0,0.000664010624169987,0.00241125780694126
iztacalco,carlos zapata vela,0,0,0,0.00294767870302137,0,0,0,0.00235946684328173,0.00204081632653061,0,0,0,0,0.00265604249667995,0.00233220017392679
iztacalco,ex-ejido de la magdalena mixiuhca,0,0,0,0.00147383935151069,0,0,0,0.000538124016888815,0,0,0,0,0,0.00132802124833997,0.000513874614594039
iztacalco,gabriel ramos millan,0,0,0,0.00147383935151069,0,0,0,0.00107624803377763,0,0,0,0,0,0.00132802124833997,0.00102774922918808
iztacalco,gabriel ramos millan seccion bramadero,0,0,0,0.000736919675755343,0,0,0,0.00306316748075172,0,0,0,0,0,0.000664010624169987,0.0029251324215353
iztacalco,gabriel ramos millan seccion tlacotal,0,0,0,0.00147383935151069,0,0,0,0.00194552529182879,0,0,0,0,0,0.00132802124833997,0.00185785437583999
iztacalco,granjas mexico,0,0,0,0.00294767870302137,0,0,0,0.00409802135938406,0.00306122448979592,0,0,0,0,0.00265604249667995,0.00403193928373785
iztacalco,infonavit iztacalco,0,0,0,0.00442151805453206,0,0,0,0.00177994867124762,0.00306122448979592,0,0,0,0,0.00398406374501992,0.00181832555933275
iztacalco,juventino rosas,0,0,0,0.00294767870302137,0,0,0,0.00302177332560642,0.00102040816326531,0.0101010101010101,0.0181818181818182,0,0,0.00265604249667995,0.00300419005454977
iztacalco,la asuncion,0,0,0,0.000736919675755343,0,0,0,0.000289759086017054,0,0,0,0,0,0.000664010624169987,0.000276701715550636
iztacalco,la cruz coyuya,0,0,0,0.00147383935151069,0,0,0,0.00082788310290587,0,0,0,0,0,0.00132802124833997,0.000790576330144676
iztacalco,los picos de iztacalco seccion 1a,0,0,0,0.000736919675755343,0,0,0,0.000455335706598228,0,0,0,0,0,0.000664010624169987,0.000434816981579572
iztacalco,los picos de iztacalco seccion 1b,0,0,0,0.000736919675755343,0,0,0,0.000331153241162348,0,0,0,0,0,0.000664010624169987,0.00031623053205787
iztacalco,los reyes,0,0,0,0.000736919675755343,0,0,0,0.0012418246543588,0.00102040816326531,0,0,0,0,0.000664010624169987,0.00122539331172425
iztacalco,militar marte,0,0,0,0.00147383935151069,0.00684931506849315,0,0,0.000372547396307641,0.00102040816326531,0,0,0,0,0.00199203187250996,0.000395288165072338
iztacalco,san miguel,0,0,0,0.000736919675755343,0,0,0,0.0012418246543588,0.00102040816326531,0,0,0,0,0.000664010624169987,0.00122539331172425
iztacalco,san pedro,0,0,0,0.000736919675755343,0,0,0,0.000455335706598228,0,0,0,0,0,0.000664010624169987,0.000434816981579572
iztacalco,santa anita,0,0,0,0.000736919675755343,0,0,0,0.00202831360211938,0.00408163265306122,0,0,0,0,0.000664010624169987,0.00209502727488339
iztacalco,santiago norte,0,0,0,0.000736919675755343,0.00684931506849315,0,0,0.000413941551452935,0.00102040816326531,0,0,0,0,0.00132802124833997,0.000434816981579572
iztacalco,santiago sur,0,0,0,0.000736919675755343,0,0,0,0.000910671413196457,0.00102040816326531,0,0,0,0,0.000664010624169987,0.000909162779666377
iztapalapa,1ra ampliacion santiago acahualtepec,0,0,0,0.000736919675755343,0,0,0,0.000993459723487044,0,0,0,0,0,0.000664010624169987,0.000948691596173611
iztapalapa,2a ampliacion santiago acahualtepec,0,0,0,0.00147383935151069,0,0,0,0.00202831360211938,0.00102040816326531,0,0,0,0,0.00132802124833997,0.00197644082536169
iztapalapa,2da ampliacion paraje san juan,0,0,0,0.00147383935151069,0,0,0,0.000248364930871761,0.00102040816326531,0,0,0,0,0.00132802124833997,0.000276701715550636
iztapalapa,aculco,0,0,0,0.000736919675755343,0.00684931506849315,0,0,0.000869277258051163,0.00102040816326531,0,0,0,0,0.00132802124833997,0.000869633963159143
iztapalapa,ampliacion el triunfo,0,0,0,0.00147383935151069,0,0,0,0.000745094792615283,0.00102040816326531,0,0,0,0,0.00132802124833997,0.000751047513637442
iztapalapa,ampliacion sinatel,0,0,0,0.000736919675755343,0,0,0,8.2788310290587e-05,0,0,0,0,0,0.000664010624169987,7.90576330144675e-05
iztapalapa,ano de juarez,0,0,0,0.00147383935151069,0,0,0,0.000869277258051163,0,0,0,0,0,0.00132802124833997,0.000830105146651909
iztapalapa,apatlaco,0,0,0,0.00294767870302137,0.00684931506849315,0,0,0.00120043049921351,0.00102040816326531,0,0,0,0,0.00332005312084993,0.00118586449521701
iztapalapa,area federal panteon san lorenzo tezonco,0,0,0,0.000736919675755343,0,0,0,0.000165576620581174,0.00102040816326531,0,0,0,0,0.000664010624169987,0.000197644082536169
iztapalapa,area federal parque ecologico el salado,0,0,0,0.000736919675755343,0,0,0,0.000165576620581174,0,0,0,0,0,0.000664010624169987,0.000158115266028935
iztapalapa,bellavista,0,0,0,0.000736919675755343,0,0,0,0.000248364930871761,0.00102040816326531,0,0,0,0,0.000664010624169987,0.000276701715550636
iztapalapa,benito juarez i,0,0,0,0.000736919675755343,0,0,0,0.000455335706598228,0,0,0,0,0,0.000664010624169987,0.000434816981579572
iztapalapa,buenavista,0,0,0,0.00221075902726603,0.0136986301369863,0,0,0.00269062008444408,0.00510204081632653,0.0101010101010101,0,0,0,0.00332005312084993,0.0028065459720136
iztapalapa,cabeza de juarez viii,0,0,0,0.000736919675755343,0,0,0,0.00012418246543588,0,0,0,0,0,0.000664010624169987,0.000118586449521701
iztapalapa,cacama,0,0,0,0.000736919675755343,0,0,0,0.000331153241162348,0.00204081632653061,0,0,0,0,0.000664010624169987,0.000395288165072338
iztapalapa,carlos hank gonzalez,0,0,0,0.00294767870302137,0,0,0,0.000703700637469989,0,0,0.0181818181818182,0,0,0.00265604249667995,0.000711518697130208
iztapalapa,chinampac de juarez,0,0,0,0.00294767870302137,0,0,0,0.00310456163589701,0.00408163265306122,0.0303030303030303,0,0,0,0.00265604249667995,0.00324136295359317
iztapalapa,constitucion de 1917,0,0,0,0.00147383935151069,0,0,0,0.00219389022270055,0.00102040816326531,0,0,0,0,0.00132802124833997,0.00213455609139062
iztapalapa,ejercito de oriente 2,0,0,0,0.00221075902726603,0,0,0,0.000703700637469989,0.00204081632653061,0,0,0,0,0.00199203187250996,0.000751047513637442
iztapalapa,ejercito de oriente zona penon,0,0,0,0.00147383935151069,0,0,0,0.00136600711979469,0.00102040816326531,0,0.0363636363636364,0,0,0.00132802124833997,0.00142303739426042
iztapalapa,el manto,0,0,0,0.00294767870302137,0,0,0,0.000662306482324696,0.00102040816326531,0,0,0,0,0.00265604249667995,0.000671989880622974
iztapalapa,el molino,0,0,0,0,0.00684931506849315,0,0,0.000248364930871761,0,0,0,0,0,0.000664010624169987,0.000237172899043403
iztapalapa,el paraiso,0,0,0,0.000736919675755343,0,0,0,0.00157297789552115,0.00204081632653061,0.0101010101010101,0,0,0,0.000664010624169987,0.00162068147679659
iztapalapa,el retono,0,0,0,0.000736919675755343,0,0,0,0.00082788310290587,0.00204081632653061,0,0,0,0,0.000664010624169987,0.000869633963159143
iztapalapa,el rosario,0,0,0,0.00147383935151069,0,0,0,0.000248364930871761,0,0,0,0,0,0.00132802124833997,0.000237172899043403
iztapalapa,el santuario,0,0,0,0,0.00684931506849315,0,0,0.000703700637469989,0,0,0,0,0,0.000664010624169987,0.000671989880622974
iztapalapa,el sifon,0,0,0,0.000736919675755343,0,0,0,0.000703700637469989,0,0,0,0,0,0.000664010624169987,0.000671989880622974
iztapalapa,el triunfo,0,0,0,0.00221075902726603,0,0,0,0.000413941551452935,0,0,0,0,0,0.00199203187250996,0.000395288165072338
iztapalapa,emiliano zapata,0,0,0,0.00294767870302137,0,0,0,0.000869277258051163,0,0,0,0,0,0.00265604249667995,0.000830105146651909
iztapalapa,ermita zaragoza,0,0,0,0.00368459837877671,0,0,0,0.00194552529182879,0.00102040816326531,0,0.0181818181818182,0,0,0.00332005312084993,0.00193691200885446
iztapalapa,escuadron 201,0,0,0,0.00294767870302137,0.00684931506849315,0,0,0.00111764218892292,0,0,0,0,0,0.00332005312084993,0.00106727804569531
iztapalapa,estado de veracruz,0,0,0,0.000736919675755343,0,0,0,0,0.00102040816326531,0,0,0,0,0.000664010624169987,3.95288165072338e-05
iztapalapa,granjas de san antonio,0,0,0,0,0.00684931506849315,0,0,0.000579518172034109,0,0,0,0,0,0.000664010624169987,0.000553403431101273
iztapalapa,guadalupe,0,0,0,0.00147383935151069,0,0,0,0.000372547396307641,0.00102040816326531,0,0,0,0,0.00132802124833997,0.000395288165072338
iztapalapa,guadalupe del moral,0,0,0,0.000736919675755343,0,0,0,0.00144879543008527,0.00102040816326531,0,0,0,0,0.000664010624169987,0.00142303739426042
iztapalapa,heroes de churubusco,0,0,0,0.000736919675755343,0,0,0,0.00082788310290587,0.00102040816326531,0,0,0,0,0.000664010624169987,0.000830105146651909
iztapalapa,insurgentes,0,0,0,0.000736919675755343,0,0,0,0.000372547396307641,0,0,0.0181818181818182,0,0,0.000664010624169987,0.000395288165072338
iztapalapa,jacarandas,0,0,0,0.000736919675755343,0,0,0,0.00082788310290587,0.00204081632653061,0,0,0,0,0.000664010624169987,0.000869633963159143
iztapalapa,jardines de san lorenzo tezonco,0,0,0,0.000736919675755343,0,0,0,0.000786488947760576,0,0,0,0,0,0.000664010624169987,0.000751047513637442
iztapalapa,jose lopez portillo,0,0,0,0.00589535740604274,0,0,0,0.00177994867124762,0.00408163265306122,0.0101010101010101,0.0363636363636364,0,0,0.00531208499335989,0.00197644082536169
iztapalapa,juan escutia,0,0,0,0.00147383935151069,0,0,0,0.00322874410133289,0.00306122448979592,0,0,0,0,0.00132802124833997,0.00320183413708594
iztapalapa,la asuncion,0,0,0,0.000736919675755343,0,0,0,0.000455335706598228,0,0,0,0,0,0.000664010624169987,0.000434816981579572
iztapalapa,la era,0,0,0,0.000736919675755343,0,0,0,0.000413941551452935,0,0,0,0,0,0.000664010624169987,0.000395288165072338
iztapalapa,la planta,0,0,0,0.000736919675755343,0,0,0,0.000455335706598228,0,0,0,0,0,0.000664010624169987,0.000434816981579572
iztapalapa,leyes de reforma 1a seccion,0,0,0,0.000736919675755343,0,0,0,0.00186273698153821,0.00102040816326531,0,0,0,0,0.000664010624169987,0.00181832555933275
iztapalapa,leyes de reforma 3a seccion,0,0,0,0.00810611643330877,0,0,0,0.0025250434638629,0.00306122448979592,0,0,0,0,0.00730411686586985,0.00252984425646296
iztapalapa,lomas de zaragoza,0,0,0,0.000736919675755343,0,0,0,0.00103485387863234,0.00408163265306122,0,0,0,0,0.000664010624169987,0.00114633567870978
iztapalapa,los angeles,0,0,0,0.000736919675755343,0,0,0,0.00161437205066645,0.00408163265306122,0,0,0,0,0.000664010624169987,0.00169973910981105
iztapalapa,los reyes culhuacan,0,0,0,0.00294767870302137,0,0,0,0.0012418246543588,0,0,0,0,0,0.00265604249667995,0.00118586449521701
iztapalapa,miguel de la madrid,0,0,0,0.000736919675755343,0,0,0,0.00095206556834175,0.00102040816326531,0,0,0,0,0.000664010624169987,0.000948691596173611
iztapalapa,mixcoatl,0,0,0,0.000736919675755343,0,0,0,0.000786488947760576,0,0,0,0,0,0.000664010624169987,0.000751047513637442
iztapalapa,nueva rosita,0,0,0,0.000736919675755343,0,0,0,0.000413941551452935,0,0,0,0,0,0.000664010624169987,0.000395288165072338
iztapalapa,palmitas,0,0,0,0.000736919675755343,0,0,0,0.00095206556834175,0.00102040816326531,0,0,0.166666666666667,0,0.000664010624169987,0.000988220412680844
iztapalapa,paraje zacatepec,0,0,0,0.000736919675755343,0,0,0,0.00120043049921351,0.00102040816326531,0.0101010101010101,0,0,0,0.000664010624169987,0.00122539331172425
iztapalapa,paseos de churubusco,0,0,0,0.00147383935151069,0,0,0,0.000869277258051163,0,0,0,0,0,0.00132802124833997,0.000830105146651909
iztapalapa,progresista,0,0,0,0.000736919675755343,0,0,0,0.000869277258051163,0.00102040816326531,0,0,0,0,0.000664010624169987,0.000869633963159143
iztapalapa,pueblo culhuacan,0,0,0,0.000736919675755343,0,0,0,0.00120043049921351,0.00102040816326531,0,0,0,0,0.000664010624169987,0.00118586449521701
iztapalapa,puente blanco,0,0,0,0.000736919675755343,0,0,0,0.000620912327179402,0.00204081632653061,0,0,0,0,0.000664010624169987,0.000671989880622974
iztapalapa,purisima atlazolpa,0,0,0,0.000736919675755343,0,0,0,0.000662306482324696,0.00102040816326531,0,0,0,0,0.000664010624169987,0.000671989880622974
iztapalapa,renovacion,0,0,0,0,0.00684931506849315,0,0,0.00177994867124762,0.00102040816326531,0,0,0,0,0.000664010624169987,0.00173926792631829
iztapalapa,san jose aculco,0,0,0,0.00147383935151069,0,0,0,0.00107624803377763,0,0,0,0,0,0.00132802124833997,0.00102774922918808
iztapalapa,san jose buenavista,0,0,0,0.00147383935151069,0,0,0,0.000538124016888815,0,0,0,0,0,0.00132802124833997,0.000513874614594039
iztapalapa,san juan estrella,0,0,0,0,0.00684931506849315,0,0,0.000165576620581174,0,0,0,0,0,0.000664010624169987,0.000158115266028935
iztapalapa,san juan xalpa,0,0,0,0.00368459837877671,0.00684931506849315,0,0,0.00235946684328173,0.00306122448979592,0.0101010101010101,0.0545454545454545,0,0,0.00398406374501992,0.00252984425646296
iztapalapa,san lorenzo tezonco,0,0,0,0.000736919675755343,0,0,0,0.00107624803377763,0,0,0,0,0,0.000664010624169987,0.00102774922918808
iztapalapa,san miguel,0,0,0,0.000736919675755343,0,0,0,0.00107624803377763,0.00204081632653061,0,0,0,0,0.000664010624169987,0.00110680686220255
iztapalapa,san nicolas tolentino,0,0,0,0.000736919675755343,0,0,0,4.13941551452935e-05,0.00102040816326531,0,0,0,0,0.000664010624169987,7.90576330144675e-05
iztapalapa,san pablo - barrio,0,0,0,0.000736919675755343,0.00684931506849315,0,0,0.00103485387863234,0,0,0,0,0,0.00132802124833997,0.000988220412680844
iztapalapa,san sebastian tecoloxtitla,0,0,0,0.000736919675755343,0,0,0,0.00103485387863234,0.00204081632653061,0,0,0,0,0.000664010624169987,0.00106727804569531
iztapalapa,santa cruz meyehualco,0,0,0,0.00368459837877671,0,0,0,0.00355989734249524,0.00408163265306122,0.0101010101010101,0,0,0,0.00332005312084993,0.00359712230215827
iztapalapa,santa maria aztahuacan,0,0,0,0.000736919675755343,0,0,0,0.0012418246543588,0.00102040816326531,0,0,0,0,0.000664010624169987,0.00122539331172425
iztapalapa,santa martha acatitla norte,0,0,0,0.00221075902726603,0,0,0,0.00281480254987996,0.00204081632653061,0,0,0,0,0.00199203187250996,0.00276701715550636
iztapalapa,santiago acahualtepec,0,0,0,0.00221075902726603,0,0,0,0.000703700637469989,0.00204081632653061,0,0,0,0,0.00199203187250996,0.000751047513637442
iztapalapa,sector popular,0,0,0,0.00147383935151069,0.00684931506849315,0,0,0.00095206556834175,0,0,0,0,0,0.00199203187250996,0.000909162779666377
iztapalapa,tepalcates,0,0,0,0,0.00684931506849315,0,0,0.00149018958523057,0.00306122448979592,0,0,0,0,0.000664010624169987,0.00154162384378212
iztapalapa,unidad ejercito constitucionalista,0,0,0,0.00221075902726603,0,0,0,0.00206970775726467,0.00102040816326531,0,0,0,0,0.00199203187250996,0.00201596964186892
iztapalapa,valle de luces,0,0,0,0.000736919675755343,0,0,0,8.2788310290587e-05,0,0,0,0,0,0.000664010624169987,7.90576330144675e-05
iztapalapa,valle de san lorenzo,0,0,0,0.00368459837877671,0,0,0,0.00161437205066645,0.00102040816326531,0,0,0,0,0.00332005312084993,0.00158115266028935
iztapalapa,valle del sur,0,0,0,0,0.00684931506849315,0,0,0.000331153241162348,0,0,0,0,0,0.000664010624169987,0.00031623053205787
iztapalapa,xalpa,0,0,0,0.0051584377302874,0,0,0,0.0025250434638629,0.00306122448979592,0.0101010101010101,0,0,0,0.00464807436918991,0.0025693730729702
iztapalapa,zacahuitzco,0,0,0,0.000736919675755343,0,0,0,0.000289759086017054,0.00102040816326531,0,0,0,0,0.000664010624169987,0.00031623053205787
iztapalapa,zona urbana ejidal santa maria aztahuacan,0,0,0,0.000736919675755343,0.00684931506849315,0,0,0.00314595579104231,0.00204081632653061,0.0101010101010101,0,0,0,0.00132802124833997,0.00312277650407147
iztapalapa,zona urbana ejidal santa maria tomatlan,0,0,0,0.000736919675755343,0,0,0,0.000331153241162348,0,0,0,0,0,0.000664010624169987,0.00031623053205787
la magdalena contreras,barranca seca,0,0,0,0.000736919675755343,0,0,0,0.000538124016888815,0,0,0,0,0,0.000664010624169987,0.000513874614594039
la magdalena contreras,barros sierra,0,0,0,0.000736919675755343,0,0,0,0.000331153241162348,0.00102040816326531,0,0,0,0,0.000664010624169987,0.000355759348565104
la magdalena contreras,cuauhtemoc,0,0,0,0.000736919675755343,0,0,0,0.000869277258051163,0.00102040816326531,0,0,0,0,0.000664010624169987,0.000869633963159143
la magdalena contreras,el ermitano,0,0,0,0.000736919675755343,0,0,0,0.000662306482324696,0,0,0,0,0,0.000664010624169987,0.00063246106411574
la magdalena contreras,el ocotal,0,0,0,0.000736919675755343,0,0,0,0.000786488947760576,0.00306122448979592,0,0,0,0,0.000664010624169987,0.000869633963159143
la magdalena contreras,el rosal,0,0,0,0.000736919675755343,0,0,0,0.000869277258051163,0,0,0,0,0,0.000664010624169987,0.000830105146651909
la magdalena contreras,huayatla,0,0,0,0.000736919675755343,0,0,0,0.000620912327179402,0,0,0,0,0,0.000664010624169987,0.000592932247608507
la magdalena contreras,la concepcion,0,0,0,0.000736919675755343,0,0,0,0.00082788310290587,0,0,0,0,0,0.000664010624169987,0.000790576330144676
la magdalena contreras,la cruz,0,0,0,0.00147383935151069,0,0,0,0.000703700637469989,0,0,0,0,0,0.00132802124833997,0.000671989880622974
la magdalena contreras,la malinche,0,0,0,0.00147383935151069,0,0,0,0.00120043049921351,0.00102040816326531,0,0,0,0,0.00132802124833997,0.00118586449521701
la magdalena contreras,las cruces,0,0,0,0.00147383935151069,0,0,0,0.00132461296464939,0.00204081632653061,0,0,0,0,0.00132802124833997,0.00134397976124595
la magdalena contreras,lomas de san bernabe,0,0,0,0.00147383935151069,0,0,0,0.000786488947760576,0.00306122448979592,0,0,0,0,0.00132802124833997,0.000869633963159143
la magdalena contreras,pueblo nuevo bajo,0,0,0,0.000736919675755343,0,0,0,0.000331153241162348,0,0,0,0,0,0.000664010624169987,0.00031623053205787
la magdalena contreras,san francisco,0,0,0,0.00147383935151069,0,0,0,0.000413941551452935,0,0,0,0,0,0.00132802124833997,0.000395288165072338
la magdalena contreras,santa teresa,0,0,0,0.000736919675755343,0,0,0,0.000413941551452935,0,0,0,0,0,0.000664010624169987,0.000395288165072338
miguel hidalgo,5 de mayo,0,0,0,0.00147383935151069,0,0,0,0.000289759086017054,0,0,0,0,0,0.00132802124833997,0.000276701715550636
miguel hidalgo,ampliacion daniel garza,0,0,0,0.000736919675755343,0,0,0,0.000910671413196457,0,0,0,0,0,0.000664010624169987,0.000869633963159143
miguel hidalgo,ampliacion granada,0,0,0,0.00221075902726603,0,0,0,0.000869277258051163,0.00102040816326531,0,0,0,0,0.00199203187250996,0.000869633963159143
miguel hidalgo,anzures,0,0,0,0.00221075902726603,0,0,0,0.000620912327179402,0.00306122448979592,0,0,0,0,0.00199203187250996,0.000711518697130208
miguel hidalgo,argentina antigua,0,0,0,0.00221075902726603,0,0,0,0.000745094792615283,0.00102040816326531,0,0,0,0,0.00199203187250996,0.000751047513637442
miguel hidalgo,argentina poniente,0,0,0,0.000736919675755343,0,0,0,0.000745094792615283,0.00204081632653061,0,0,0,0,0.000664010624169987,0.000790576330144676
miguel hidalgo,bosque de chapultepec i seccion,0,0,0,0.000736919675755343,0,0,0,0.000620912327179402,0,0,0,0,0,0.000664010624169987,0.000592932247608507
miguel hidalgo,bosque de las lomas,0,0,0,0.000736919675755343,0,0,0,0.000331153241162348,0.00102040816326531,0,0,0,0,0.000664010624169987,0.000355759348565104
miguel hidalgo,daniel garza,0,0,0,0.000736919675755343,0,0,0,0.000869277258051163,0.00102040816326531,0,0,0,0,0.000664010624169987,0.000869633963159143
miguel hidalgo,escandon i seccion,0,0,0,0.00221075902726603,0,0,0,0.00165576620581174,0.00204081632653061,0,0,0,0,0.00199203187250996,0.00166021029330382
miguel hidalgo,granada,0,0,0,0.00221075902726603,0,0,0,0.000993459723487044,0.00204081632653061,0,0,0,0,0.00199203187250996,0.00102774922918808
miguel hidalgo,irrigacion,0,0,0,0.000736919675755343,0,0,0,0.000289759086017054,0,0,0,0,0,0.000664010624169987,0.000276701715550636
miguel hidalgo,legaria,0,0,0,0.000736919675755343,0.00684931506849315,0,0,0.000496729861743522,0.00204081632653061,0,0.0181818181818182,0,0,0.00132802124833997,0.000592932247608507
miguel hidalgo,lomas de chapultepec i seccion,0,0,0,0.000736919675755343,0.00684931506849315,0,0,0.00136600711979469,0.00102040816326531,0,0.0181818181818182,0,0,0.00132802124833997,0.00138350857775318
miguel hidalgo,lomas de sotelo,0,0,0,0.000736919675755343,0,0,0,0.000538124016888815,0,0,0,0,0,0.000664010624169987,0.000513874614594039
miguel hidalgo,mariano escobedo,0,0,0,0.000736919675755343,0,0,0,0.000331153241162348,0,0,0,0,0,0.000664010624169987,0.00031623053205787
miguel hidalgo,mexico nuevo,0,0,0,0.000736919675755343,0,0,0,0.000538124016888815,0.00102040816326531,0,0,0,0,0.000664010624169987,0.000553403431101273
miguel hidalgo,militar 1 k lomas de sotelo,0,0,0,0.000736919675755343,0,0,0,0.00012418246543588,0,0,0,0,0,0.000664010624169987,0.000118586449521701
miguel hidalgo,nextitla,0,0,0,0.00147383935151069,0,0,0,4.13941551452935e-05,0,0,0,0,0,0.00132802124833997,3.95288165072338e-05
miguel hidalgo,observatorio,0,0,0,0.00147383935151069,0,0,0,0.000786488947760576,0,0,0,0,0,0.00132802124833997,0.000751047513637442
miguel hidalgo,popotla,0,0,0,0.00147383935151069,0.00684931506849315,0,0,0.00215249606755526,0.00204081632653061,0,0,0,0,0.00199203187250996,0.00213455609139062
miguel hidalgo,reforma pensil,0,0,0,0.00147383935151069,0,0,0,0.000745094792615283,0,0,0,0,0,0.00132802124833997,0.000711518697130208
miguel hidalgo,reforma social,0,0,0,0.000736919675755343,0,0,0,0.000455335706598228,0,0,0,0,0,0.000664010624169987,0.000434816981579572
miguel hidalgo,san juanico,0,0,0,0.000736919675755343,0,0,0,0.000538124016888815,0,0.0101010101010101,0,0,0,0.000664010624169987,0.000553403431101273
miguel hidalgo,san miguel chapultepec,0,0,0,0.00221075902726603,0,0,0,0.00202831360211938,0.00102040816326531,0,0,0,0,0.00199203187250996,0.00197644082536169
miguel hidalgo,santo tomas,0,0,0,0.000736919675755343,0,0,0,0.00012418246543588,0,0,0,0,0,0.000664010624169987,0.000118586449521701
miguel hidalgo,tacuba,0,0,0,0.00147383935151069,0,0,0,0.00173855451610233,0.00306122448979592,0,0,0,0,0.00132802124833997,0.00177879674282552
miguel hidalgo,tacubaya,0,0,0,0.00442151805453206,0,0,0,0.00211110191240997,0.00306122448979592,0,0,0,0,0.00398406374501992,0.00213455609139062
miguel hidalgo,torre blanca,0,0,0,0.000736919675755343,0,0,0,0.00095206556834175,0.00102040816326531,0.0101010101010101,0,0,0,0.000664010624169987,0.000988220412680844
miguel hidalgo,unidad hab lomas de sotelo,0,0,0,0.000736919675755343,0.00684931506849315,0,0,8.2788310290587e-05,0.00102040816326531,0,0,0,0,0.00132802124833997,0.000118586449521701
miguel hidalgo,veronica anzures,0,0,0,0.00147383935151069,0,0,0,0.000289759086017054,0,0,0,0,0,0.00132802124833997,0.000276701715550636
milpa alta,nochtla (san pedro atocpan),0,0,0,0.000736919675755343,0,0,0,0.000496729861743522,0.00102040816326531,0,0,0,0,0.000664010624169987,0.000513874614594039
milpa alta,san agustin (villa milpa alta),0,0,0,0.000736919675755343,0.00684931506849315,0,0,0.000372547396307641,0,0,0,0,0,0.00132802124833997,0.000355759348565104
milpa alta,san bartolome xicomulco,0,0,0,0.000736919675755343,0.00684931506849315,0,0,0.00103485387863234,0,0.0101010101010101,0,0,0,0.00132802124833997,0.00102774922918808
milpa alta,san jeronimo miacatlan,0,0,0,0.000736919675755343,0,0,0,0.000579518172034109,0.00102040816326531,0,0,0,0,0.000664010624169987,0.000592932247608507
milpa alta,san miguel (san pablo oztotepec),0,0,0,0.000736919675755343,0.00684931506849315,0,0,0.0012418246543588,0,0,0,0,0,0.00132802124833997,0.00118586449521701
milpa alta,san salvador cuauhtenco seccion iv,0,0,0,0.00147383935151069,0,0,0,0.000372547396307641,0,0,0,0,0,0.00132802124833997,0.000355759348565104
milpa alta,tenantitla (san antonio tecomitl),0,0,0,0.000736919675755343,0.00684931506849315,0,0,0.00144879543008527,0.00102040816326531,0.0101010101010101,0,0,0,0.00132802124833997,0.00146256621076765
milpa alta,xaltipac (san antonio tecomitl),0,0,0,0.00147383935151069,0,0,0,0.000993459723487044,0,0.0101010101010101,0,0,0,0.00132802124833997,0.000988220412680844
tlahuac,agricola metropolitana,0,0,0,0.000736919675755343,0,0,0,0.0012418246543588,0.00204081632653061,0,0,0,0,0.000664010624169987,0.00126492212823148
tlahuac,barrio san sebastian,0,0,0,0.000736919675755343,0,0,0,0.000496729861743522,0,0,0,0,0,0.000664010624169987,0.000474345798086805
tlahuac,conchita a,0,0,0,0.00147383935151069,0.00684931506849315,0,0,0.000869277258051163,0,0.0101010101010101,0,0,0,0.00199203187250996,0.000869633963159143
tlahuac,del mar,0,0,0,0.00221075902726603,0,0,0,0.00215249606755526,0.00306122448979592,0,0,0,0,0.00199203187250996,0.00217408490789786
tlahuac,dr francisco cabrera,0,0,0,0.00147383935151069,0,0,0,0.000745094792615283,0.00204081632653061,0,0,0,0,0.00132802124833997,0.000790576330144676
tlahuac,jaime torres bodet,0,0,0,0.000736919675755343,0,0,0,0.000455335706598228,0,0,0,0,0,0.000664010624169987,0.000434816981579572
tlahuac,la asuncion i,0,0,0,0.000736919675755343,0,0,0,0.000620912327179402,0.00204081632653061,0,0,0,0,0.000664010624169987,0.000671989880622974
tlahuac,la concepcion,0,0,0,0.000736919675755343,0,0,0,0.000248364930871761,0,0,0,0,0,0.000664010624169987,0.000237172899043403
tlahuac,la conchita,0,0,0,0.00147383935151069,0,0,0,0.0012418246543588,0.00102040816326531,0.0202020202020202,0,0,0,0.00132802124833997,0.00130445094473871
tlahuac,la draga,0,0,0,0.000736919675755343,0,0,0,0.000662306482324696,0.00204081632653061,0,0,0,0,0.000664010624169987,0.000711518697130208
tlahuac,la estacion,0,0,0,0.00147383935151069,0,0,0,0.00157297789552115,0.00102040816326531,0,0,0,0,0.00132802124833997,0.00154162384378212
tlahuac,la guadalupe,0,0,0,0.00221075902726603,0,0,0,0.000869277258051163,0.00102040816326531,0,0,0,0,0.00199203187250996,0.000869633963159143
tlahuac,la loma,0,0,0,0.000736919675755343,0,0,0,0.000413941551452935,0,0,0,0,0,0.000664010624169987,0.000395288165072338
tlahuac,la magdalena,0,0,0,0.000736919675755343,0,0,0,0,0,0,0,0,0,0.000664010624169987,0
tlahuac,la nopalera,0,0,0,0.000736919675755343,0,0,0,0.000910671413196457,0.00102040816326531,0,0,0,0,0.000664010624169987,0.000909162779666377
tlahuac,las arboledas,0,0,0,0.000736919675755343,0,0,0,0.00153158374037586,0.00102040816326531,0,0,0,0,0.000664010624169987,0.00150209502727488
tlahuac,los reyes,0,0,0,0.000736919675755343,0.00684931506849315,0,0,0.000745094792615283,0.00102040816326531,0,0,0,0,0.00132802124833997,0.000751047513637442
tlahuac,miguel hidalgo,0,0,0,0.00147383935151069,0,0,0,0.00364268565278583,0,0,0.0181818181818182,0,0,0.00132802124833997,0.00351806466914381
tlahuac,pena alta,0,0,0,0.000736919675755343,0,0,0,0.000372547396307641,0.00102040816326531,0,0,0,0,0.000664010624169987,0.000395288165072338
tlahuac,quiahuatla,0,0,0,0.000736919675755343,0,0,0,0.000993459723487044,0,0,0,0,0,0.000664010624169987,0.000948691596173611
tlahuac,san agustin (del pueblo de san andres mixquic),0,0,0,0.000736919675755343,0,0,0,4.13941551452935e-05,0,0,0,0,0,0.000664010624169987,3.95288165072338e-05
tlahuac,san andres,0,0,0,0.000736919675755343,0,0,0,0.00012418246543588,0,0,0,0,0,0.000664010624169987,0.000118586449521701
tlahuac,san francisco tlaltenco,0,0,0,0.00294767870302137,0,0,0,0.00260783177415349,0,0.0202020202020202,0.0181818181818182,0,0,0.00265604249667995,0.00260890188947743
tlahuac,san jose,0,0,0,0.000736919675755343,0,0,0,0.0012832188095041,0,0.0101010101010101,0,0,0,0.000664010624169987,0.00126492212823148
tlahuac,san miguel (del pueblo de san andres mixquic),0,0,0,0.000736919675755343,0,0,0,0.000248364930871761,0,0.0101010101010101,0,0,0,0.000664010624169987,0.000276701715550636
tlahuac,san miguel zapotitla,0,0,0,0.00294767870302137,0,0,0,0.0025250434638629,0.00306122448979592,0,0,0,0,0.00265604249667995,0.00252984425646296
tlahuac,san nicolas tetelco,0,0,0,0.00221075902726603,0,0,0,0.00095206556834175,0.00102040816326531,0,0,0,0,0.00199203187250996,0.000948691596173611
tlahuac,santa ana poniente,0,0,0,0.00147383935151069,0,0,0,0.00177994867124762,0,0.0101010101010101,0.0181818181818182,0,0,0.00132802124833997,0.00177879674282552
tlahuac,santa ana sur,0,0,0,0.000736919675755343,0,0,0,0.000620912327179402,0,0,0.0181818181818182,0,0,0.000664010624169987,0.00063246106411574
tlahuac,santa cruz (del pueblo de san andres mixquic),0,0,0,0.000736919675755343,0,0,0,0.000372547396307641,0.00102040816326531,0,0,0,0,0.000664010624169987,0.000395288165072338
tlahuac,selene 1a seccion,0,0,0,0.00294767870302137,0,0,0,0.00165576620581174,0.00102040816326531,0.0101010101010101,0,0,0,0.00265604249667995,0.00166021029330382
tlahuac,selene 2a seccion,0,0,0,0.000736919675755343,0,0,0,0.000579518172034109,0.00102040816326531,0,0,0,0,0.000664010624169987,0.000592932247608507
tlahuac,villa centro americana,0,0,0,0,0.00684931506849315,0,0,0.00107624803377763,0.00102040816326531,0.0101010101010101,0,0,0,0.000664010624169987,0.00110680686220255
tlalpan,2 de octubre,0,0,0,0.000736919675755343,0,0,0,0.000496729861743522,0.00102040816326531,0,0,0,0,0.000664010624169987,0.000513874614594039
tlalpan,arboledas del sur,0,0,0,0.000736919675755343,0,0,0,0.000206970775726467,0.00204081632653061,0,0,0,0,0.000664010624169987,0.000276701715550636
tlalpan,barrio el truenito,0,0,0,0,0.00684931506849315,0,0,0.000289759086017054,0,0,0,0,0,0.000664010624169987,0.000276701715550636
tlalpan,belisario dominguez seccion xvi,0,0,0,0.00147383935151069,0.00684931506849315,0,0,0.000703700637469989,0.00102040816326531,0,0,0,0,0.00199203187250996,0.000711518697130208
tlalpan,belvedere ajusco,0,0,0,0.00147383935151069,0,0,0,0.00082788310290587,0.00102040816326531,0,0,0,0,0.00132802124833997,0.000830105146651909
tlalpan,bosques del pedregal,0,0,0,0.000736919675755343,0,0,0,0.000786488947760576,0.00204081632653061,0,0,0,0,0.000664010624169987,0.000830105146651909
tlalpan,chimalcoyotl,0,0,0,0.000736919675755343,0,0,0,0.000786488947760576,0,0,0,0,0,0.000664010624169987,0.000751047513637442
tlalpan,club de golf mexico,0,0,0,0,0.00684931506849315,0,0,0.00012418246543588,0,0,0,0,0,0.000664010624169987,0.000118586449521701
tlalpan,cuchilla de padierna,0,0,0,0.000736919675755343,0,0,0,0.000165576620581174,0.00102040816326531,0,0,0,0,0.000664010624169987,0.000197644082536169
tlalpan,cuchilla tepeximilpa,0,0,0,0.000736919675755343,0,0,0,0.00012418246543588,0,0,0,0,0,0.000664010624169987,0.000118586449521701
tlalpan,cumbres de tepetongo,0,0,0,0.000736919675755343,0,0,0,0.00012418246543588,0.00102040816326531,0,0,0,0,0.000664010624169987,0.000158115266028935
tlalpan,el mirador 3a seccion,0,0,0,0.000736919675755343,0,0,0,0,0,0,0,0,0,0.000664010624169987,0
tlalpan,floresta coyoacan,0,0,0,0.000736919675755343,0,0,0,8.2788310290587e-05,0.00102040816326531,0,0,0,0,0.000664010624169987,0.000118586449521701
tlalpan,fuentes brotantes,0,0,0,0.00147383935151069,0,0,0,0.000289759086017054,0,0,0,0,0,0.00132802124833997,0.000276701715550636
tlalpan,fuentes del pedregal,0,0,0,0.00147383935151069,0,0,0,0.000413941551452935,0,0,0,0,0,0.00132802124833997,0.000395288165072338
tlalpan,gabriel ramos millan,0,0,0,0,0.00684931506849315,0,0,8.2788310290587e-05,0,0,0,0,0,0.000664010624169987,7.90576330144675e-05
tlalpan,granjas coapa,0,0,0,0.000736919675755343,0,0,0,0.000372547396307641,0.00102040816326531,0,0,0,0,0.000664010624169987,0.000395288165072338
tlalpan,heroes de 1910,0,0,0,0.000736919675755343,0,0,0,0.000165576620581174,0,0,0,0,0,0.000664010624169987,0.000158115266028935
tlalpan,heroes de padierna,0,0,0,0.00663227708179808,0,0,0.5,0.00173855451610233,0.00102040816326531,0,0,0,0,0.00664010624169987,0.00169973910981105
tlalpan,isidro fabela,0,0,0,0.00147383935151069,0,0,0,0.00161437205066645,0.00204081632653061,0,0,0,0,0.00132802124833997,0.00162068147679659
tlalpan,jardines del ajusco,0,0,0,0.000736919675755343,0,0,0,0.000455335706598228,0.00102040816326531,0,0,0,0,0.000664010624169987,0.000474345798086805
tlalpan,las flores,0,0,0,0.000736919675755343,0,0,0,0.000248364930871761,0,0,0,0,0,0.000664010624169987,0.000237172899043403
tlalpan,lomas altas de padierna sur,0,0,0,0.000736919675755343,0.00684931506849315,0,0,0.000993459723487044,0.00204081632653061,0,0,0,0,0.00132802124833997,0.00102774922918808
tlalpan,lomas de cuilotepec,0,0,0,0.000736919675755343,0,0,0,0.00012418246543588,0.00102040816326531,0,0,0,0,0.000664010624169987,0.000158115266028935
tlalpan,lomas del pedregal framboyanes,0,0,0,0.000736919675755343,0,0,0,0,0,0,0,0,0,0.000664010624169987,0
tlalpan,mesa de los hornos,0,0,0,0.00221075902726603,0.00684931506849315,0,0,0.000745094792615283,0.00102040816326531,0,0,0,0,0.00265604249667995,0.000751047513637442
tlalpan,miguel hidalgo 1a seccion,0,0,0,0.000736919675755343,0,0,0,0.00107624803377763,0.00102040816326531,0,0,0,0,0.000664010624169987,0.00106727804569531
tlalpan,miguel hidalgo 2a seccion,0,0,0,0.00368459837877671,0,0,0,0.00165576620581174,0,0,0,0,0,0.00332005312084993,0.00158115266028935
tlalpan,miguel hidalgo 3a seccion,0,0,0,0.00442151805453206,0,0,0,0.00169716036095703,0.00306122448979592,0.0101010101010101,0.0181818181818182,0,0,0.00398406374501992,0.00181832555933275
tlalpan,miguel hidalgo 4a seccion,0,0,0,0.000736919675755343,0,0,0,0.00095206556834175,0,0.0101010101010101,0,0,0,0.000664010624169987,0.000948691596173611
tlalpan,paraje 38,0,0,0,0,0.00684931506849315,0,0,0.000413941551452935,0.00102040816326531,0,0,0,0,0.000664010624169987,0.000434816981579572
tlalpan,pedregal de san nicolas 1a seccion,0,0,0,0.00221075902726603,0.00684931506849315,0,0,0.00240086099842702,0.00204081632653061,0,0,0,0,0.00265604249667995,0.00237172899043403
tlalpan,pedregal de san nicolas 3a seccion,0,0,0,0.000736919675755343,0,0,0,0.00103485387863234,0,0,0,0,0,0.000664010624169987,0.000988220412680844
tlalpan,plan de ayala,0,0,0,0.000736919675755343,0,0,0,8.2788310290587e-05,0,0,0,0,0,0.000664010624169987,7.90576330144675e-05
tlalpan,prado coapa 2a seccion,0,0,0,0.000736919675755343,0,0,0,0.000165576620581174,0.00102040816326531,0,0,0,0,0.000664010624169987,0.000197644082536169
tlalpan,residencial hacienda coapa,0,0,0,0,0.00684931506849315,0,0,4.13941551452935e-05,0,0,0,0,0,0.000664010624169987,3.95288165072338e-05
tlalpan,residencial villa coapa super manzana 4,0,0,0,0.00221075902726603,0,0,0,0.000165576620581174,0,0,0,0,0,0.00199203187250996,0.000158115266028935
tlalpan,rinconada coapa 2a seccion,0,0,0,0.000736919675755343,0,0,0,0.000165576620581174,0,0,0,0,0,0.000664010624169987,0.000158115266028935
tlalpan,rinconada las hadas,0,0,0,0.000736919675755343,0,0,0,4.13941551452935e-05,0,0,0,0,0,0.000664010624169987,3.95288165072338e-05
tlalpan,san bartolo el chico,0,0,0,0.000736919675755343,0,0,0,4.13941551452935e-05,0,0,0,0,0,0.000664010624169987,3.95288165072338e-05
tlalpan,san lorenzo huipulco,0,0,0,0.000736919675755343,0,0,0,0.000620912327179402,0,0,0,0,0,0.000664010624169987,0.000592932247608507
tlalpan,san miguel xicalco,0,0,0,0.000736919675755343,0.00684931506849315,0,0,0.000869277258051163,0.00204081632653061,0,0,0,0,0.00132802124833997,0.000909162779666377
tlalpan,san pedro martir,0,0,0,0.00221075902726603,0,0,0,0.00211110191240997,0,0.0101010101010101,0,0,0,0.00199203187250996,0.00205549845837616
tlalpan,santa cruz,0,0,0,0.000736919675755343,0.00684931506849315,0,0,0.000620912327179402,0.00204081632653061,0,0,0,0,0.00132802124833997,0.000671989880622974
tlalpan,santo tomas ajusco,0,0,0,0.00442151805453206,0,0,0,0.0019041311366835,0,0.0101010101010101,0,0,0,0.00398406374501992,0.00185785437583999
tlalpan,tlalcoligia,0,0,0,0.000736919675755343,0,0,0,0.00082788310290587,0.00204081632653061,0,0,0,0,0.000664010624169987,0.000869633963159143
tlalpan,tlalpan centro i,0,0,0,0.00294767870302137,0,0,0,0.000620912327179402,0.00306122448979592,0,0,0,0,0.00265604249667995,0.000711518697130208
tlalpan,tlalpan centro ii,0,0,0,0.000736919675755343,0,0,0,0.000869277258051163,0,0,0,0,0,0.000664010624169987,0.000830105146651909
tlalpan,torres de padierna,0,0,0,0.00147383935151069,0,0,0,0.000206970775726467,0,0,0,0,0,0.00132802124833997,0.000197644082536169
tlalpan,valle de tepepan,0,0,0,0.000736919675755343,0,0,0,0.00012418246543588,0,0,0,0,0,0.000664010624169987,0.000118586449521701
tlalpan,valle escondido,0,0,0,0.000736919675755343,0,0,0,0.000413941551452935,0,0,0,0,0,0.000664010624169987,0.000395288165072338
tlalpan,vergel coapa,0,0,0,0.000736919675755343,0,0,0,0.00012418246543588,0,0,0,0,0,0.000664010624169987,0.000118586449521701
tlalpan,vistas del pedregal,0,0,0,0.000736919675755343,0,0,0,0.000248364930871761,0,0,0,0,0,0.000664010624169987,0.000237172899043403
venustiano carranza,20 de noviembre,0,0,0,0.000736919675755343,0,0,0,0.00186273698153821,0,0,0,0,0,0.000664010624169987,0.00177879674282552
venustiano carranza,24 de abril,0,0,0,0.000736919675755343,0,0,0,0,0,0,0,0,0,0.000664010624169987,0
venustiano carranza,5o tramo 20 de noviembre,0,0,0,0.000736919675755343,0,0,0,0.000703700637469989,0,0,0,0,0,0.000664010624169987,0.000671989880622974
venustiano carranza,adolfo lopez mateos,0,0,0,0.00294767870302137,0,0,0,0.00140740127493998,0.00102040816326531,0,0,0,0,0.00265604249667995,0.00138350857775318
venustiano carranza,aeronautica militar,0,0,0,0.000736919675755343,0,0,0,0.000413941551452935,0,0,0,0,0,0.000664010624169987,0.000395288165072338
venustiano carranza,aeropuerto internacional benito juarez,0,0,0,0.000736919675755343,0,0,0,0.000620912327179402,0,0,0,0,0,0.000664010624169987,0.000592932247608507
venustiano carranza,ampliacion adolfo lopez mateos,0,0,0,0.000736919675755343,0,0,0,0.000206970775726467,0,0,0,0,0,0.000664010624169987,0.000197644082536169
venustiano carranza,ampliacion penitenciaria,0,0,0,0.000736919675755343,0,0,0,0.000869277258051163,0,0,0.0181818181818182,0,0,0.000664010624169987,0.000869633963159143
venustiano carranza,ampliacion simon bolivar,0,0,0,0.000736919675755343,0.00684931506849315,0,0,0.000413941551452935,0.00204081632653061,0,0,0,0,0.00132802124833997,0.000474345798086805
venustiano carranza,ampliacion venustiano carranza,0,0,0,0.000736919675755343,0,0,0,0.000165576620581174,0,0,0,0,0,0.000664010624169987,0.000158115266028935
venustiano carranza,arenal 2a seccion,0,0,0,0.00147383935151069,0,0,0,0.000206970775726467,0,0,0,0,0,0.00132802124833997,0.000197644082536169
venustiano carranza,arenal 3a seccion,0,0,0,0,0.00684931506849315,0,0,0.000372547396307641,0,0,0,0,0,0.000664010624169987,0.000355759348565104
venustiano carranza,arenal 4a seccion,0,0,0,0.00221075902726603,0,0,0,0.00140740127493998,0.00102040816326531,0,0,0,0,0.00199203187250996,0.00138350857775318
venustiano carranza,arenal puerto aereo,0,0,0,0.000736919675755343,0,0,0,0.000289759086017054,0,0,0,0,0,0.000664010624169987,0.000276701715550636
venustiano carranza,aviacion civil,0,0,0,0.00147383935151069,0,0,0,0.00111764218892292,0.00204081632653061,0,0,0,0,0.00132802124833997,0.00114633567870978
venustiano carranza,cuchilla pantitlan,0,0,0,0.00221075902726603,0.00684931506849315,0,0,0.00149018958523057,0.00102040816326531,0,0,0,0,0.00265604249667995,0.00146256621076765
venustiano carranza,el parque,0,0,0,0.00147383935151069,0,0,0,0.000993459723487044,0,0,0,0,0,0.00132802124833997,0.000948691596173611
venustiano carranza,federal,0,0,0,0.00221075902726603,0,0,0,0.00198691944697409,0,0,0,0,0,0.00199203187250996,0.00189738319234722
venustiano carranza,felipe angeles,0,0,0,0.000736919675755343,0,0,0,0.000538124016888815,0,0,0.0181818181818182,0,0,0.000664010624169987,0.000553403431101273
venustiano carranza,fivipor,0,0,0,0.000736919675755343,0,0,0,0.000165576620581174,0,0,0,0,0,0.000664010624169987,0.000158115266028935
venustiano carranza,general ignacio zaragoza,0,0,0,0.00294767870302137,0,0,0,0.00215249606755526,0.00102040816326531,0,0,0,0,0.00265604249667995,0.00209502727488339
venustiano carranza,jamaica,0,0,0,0.000736919675755343,0,0,0,0.000372547396307641,0,0,0,0,0,0.000664010624169987,0.000355759348565104
venustiano carranza,jardin balbuena,0,0,0,0.00294767870302137,0.00684931506849315,0,0,0.00500869277258051,0.00102040816326531,0,0,0,0,0.00332005312084993,0.00482251561388252
venustiano carranza,lorenzo boturini,0,0,0,0.00147383935151069,0,0,0,0.00132461296464939,0.00204081632653061,0,0,0,0,0.00132802124833997,0.00134397976124595
venustiano carranza,magdalena mixiuhca,0,0,0,0.000736919675755343,0,0,0,0.00103485387863234,0.00306122448979592,0,0.0181818181818182,0,0,0.000664010624169987,0.00114633567870978
venustiano carranza,moctezuma 1a seccion,0,0,0,0.00147383935151069,0,0,0,0.00115903634406822,0.00102040816326531,0,0,0,0,0.00132802124833997,0.00114633567870978
venustiano carranza,penon de los banos,0,0,0,0.000736919675755343,0,0,0,0.00223528437784585,0.00102040816326531,0,0,0,0,0.000664010624169987,0.00217408490789786
venustiano carranza,pensador mexicano,0,0,0,0.00221075902726603,0,0,0,0.00240086099842702,0.00102040816326531,0,0,0,0,0.00199203187250996,0.00233220017392679
venustiano carranza,popular rastro,0,0,0,0.000736919675755343,0,0,0,0.000538124016888815,0,0,0,0,0,0.000664010624169987,0.000513874614594039
venustiano carranza,puebla,0,0,0,0.00294767870302137,0,0,0,0.00082788310290587,0,0,0,0,0,0.00265604249667995,0.000790576330144676
venustiano carranza,sevilla,0,0,0,0.000736919675755343,0,0,0,0.000331153241162348,0,0,0,0,0,0.000664010624169987,0.00031623053205787
venustiano carranza,simon bolivar,0,0,0,0.00147383935151069,0.00684931506849315,0,0,0.000910671413196457,0,0,0,0,0,0.00199203187250996,0.000869633963159143
venustiano carranza,valentin gomez farias,0,0,0,0.000736919675755343,0,0,0,0.000579518172034109,0,0.0101010101010101,0,0,0,0.000664010624169987,0.000592932247608507
venustiano carranza,zona centro,0,0,0,0.00221075902726603,0,0,0,0.00240086099842702,0.00102040816326531,0.0101010101010101,0,0,0,0.00199203187250996,0.00237172899043403
xochimilco,barrio belen,0,0,0,0.000736919675755343,0,0,0,0.000289759086017054,0,0,0,0,0,0.000664010624169987,0.000276701715550636
xochimilco,barrio san cristobal,0,0,0,0.000736919675755343,0,0,0,0.000206970775726467,0,0,0,0,0,0.000664010624169987,0.000197644082536169
xochimilco,barrio san jose,0,0,0,0.000736919675755343,0,0,0,0.000248364930871761,0,0.0202020202020202,0,0,0,0.000664010624169987,0.00031623053205787
xochimilco,barrio san juan minas,0,0,0,0.00147383935151069,0,0,0,0.000289759086017054,0,0,0,0,0,0.00132802124833997,0.000276701715550636
xochimilco,barrio san pedro,0,0,0,0.00147383935151069,0,0,0,0.000745094792615283,0,0,0,0,0,0.00132802124833997,0.000711518697130208
xochimilco,barrio xaltocan,0,0,0,0.00221075902726603,0,0,0,0.00136600711979469,0,0,0,0,0,0.00199203187250996,0.00130445094473871
xochimilco,caltongo,0,0,0,0.000736919675755343,0,0,0,0.00103485387863234,0,0,0,0,0,0.000664010624169987,0.000988220412680844
xochimilco,del carmen,0,0,0,0.00147383935151069,0,0,0,0.000662306482324696,0,0,0,0,0,0.00132802124833997,0.00063246106411574
xochimilco,division del norte infonavit,0,0,0,0.00147383935151069,0,0,0,0.000206970775726467,0,0,0,0,0,0.00132802124833997,0.000197644082536169
xochimilco,el mirador  (santa cruz xochitepec),0,0,0,0.000736919675755343,0,0,0,0.000248364930871761,0,0,0,0,0,0.000664010624169987,0.000237172899043403
xochimilco,el mirador (santiago tulyehualco),0,0,0,0.000736919675755343,0,0,0,4.13941551452935e-05,0,0,0,0,0,0.000664010624169987,3.95288165072338e-05
xochimilco,guadalupe,0,0,0,0.000736919675755343,0,0,0,0.000538124016888815,0.00102040816326531,0,0,0,0,0.000664010624169987,0.000553403431101273
xochimilco,huichapan,0,0,0,0.000736919675755343,0,0,0,8.2788310290587e-05,0,0,0,0,0,0.000664010624169987,7.90576330144675e-05
xochimilco,la joya,0,0,0,0.00147383935151069,0,0,0,0.000206970775726467,0,0,0,0,0,0.00132802124833997,0.000197644082536169
xochimilco,la noria,0,0,0,0.000736919675755343,0,0,0,0.000289759086017054,0,0,0,0,0,0.000664010624169987,0.000276701715550636
xochimilco,nativitas,0,0,0,0,0.00684931506849315,0,0,0.000413941551452935,0.00102040816326531,0,0,0,0,0.000664010624169987,0.000434816981579572
xochimilco,paseos del sur,0,0,0,0.000736919675755343,0,0,0,8.2788310290587e-05,0.00102040816326531,0,0,0,0,0.000664010624169987,0.000118586449521701
xochimilco,potrero de san bernardino,0,0,0,0.000736919675755343,0,0,0,0.000289759086017054,0.00102040816326531,0,0,0,0,0.000664010624169987,0.00031623053205787
xochimilco,quirino mendoza,0,0,0,0.000736919675755343,0,0,0,0.000372547396307641,0,0,0,0,0,0.000664010624169987,0.000355759348565104
xochimilco,san bartolo el chico,0,0,0,0.000736919675755343,0,0,0,8.2788310290587e-05,0,0,0,0,0,0.000664010624169987,7.90576330144675e-05
xochimilco,san francisco tlalnepantla,0,0,0,0.000736919675755343,0.00684931506849315,0,0,0.000745094792615283,0,0,0,0,0,0.00132802124833997,0.000711518697130208
xochimilco,san gregorio atlapulco,0,0,0,0.00368459837877671,0.0136986301369863,0,0,0.00327013825647819,0.00204081632653061,0,0,0,0,0.00464807436918991,0.00320183413708594
xochimilco,san jose obrero,0,0,0,0,0.00684931506849315,0,0,4.13941551452935e-05,0.00102040816326531,0,0,0,0,0.000664010624169987,7.90576330144675e-05
xochimilco,san lucas xochimanca,0,0,0,0.000736919675755343,0,0,0,0.00140740127493998,0.00102040816326531,0.0101010101010101,0,0,0,0.000664010624169987,0.00142303739426042
xochimilco,san mateo xalpa,0,0,0,0.00368459837877671,0,0,0,0.00186273698153821,0,0,0,0,0,0.00332005312084993,0.00177879674282552
xochimilco,santa cecilia tepetlapa,0,0,0,0.000736919675755343,0,0,0,0.000910671413196457,0.00306122448979592,0,0,0,0,0.000664010624169987,0.000988220412680844
xochimilco,santa cruz acalpixca - pueblo,0,0,0,0.00294767870302137,0,0,0,0.00269062008444408,0.00204081632653061,0.0101010101010101,0,0,0,0.00265604249667995,0.0026879595224919
xochimilco,santa cruz xochitepec,0,0,0,0,0.00684931506849315,0,0,0.00120043049921351,0.00204081632653061,0,0,0,0,0.000664010624169987,0.00122539331172425
xochimilco,santa ines,0,0,0,0.000736919675755343,0,0,0,8.2788310290587e-05,0,0,0,0,0,0.000664010624169987,7.90576330144675e-05
xochimilco,santiago tepalcatlalpan,0,0,0,0.00221075902726603,0.0136986301369863,0,0,0.00240086099842702,0.00306122448979592,0,0,0,0,0.00332005312084993,0.00241125780694126
xochimilco,toltenco,0,0,0,0.000736919675755343,0,0,0,0.000165576620581174,0,0,0,0,0,0.000664010624169987,0.000158115266028935
xochimilco,xochipilli,0,0,0,0,0.00684931506849315,0,0,8.2788310290587e-05,0,0,0,0,0,0.000664010624169987,7.90576330144675e-05
alvaro obregon,19 de mayo,0,0,0,0,0,0,0,0.00012418246543588,0,0,0,0,0,0,0.000118586449521701
alvaro obregon,1a ampliacion presidentes,0,0,0,0,0,0,0,0.000372547396307641,0,0,0,0,0,0,0.000355759348565104
alvaro obregon,1a victoria,0,0,0,0,0,0,0,0.000538124016888815,0.00102040816326531,0,0,0,0,0,0.000553403431101273
alvaro obregon,2a ampliacion el piru,0,0,0,0,0,0,0,0.000248364930871761,0.00102040816326531,0,0,0,0,0,0.000276701715550636
alvaro obregon,2a ampliacion jalalpa tepito,0,0,0,0,0,0,0,0.000579518172034109,0,0.0101010101010101,0,0,0,0,0.000592932247608507
alvaro obregon,2a ampliacion la mexicana,0,0,0,0,0,0,0,4.13941551452935e-05,0,0,0,0,0,0,3.95288165072338e-05
alvaro obregon,2o reacomodo corpus christi,0,0,0,0,0,0,0,0.000165576620581174,0.00102040816326531,0,0,0,0,0,0.000197644082536169
alvaro obregon,2o reacomodo tlacuitlapa,0,0,0,0,0,0,0,0.000372547396307641,0,0,0,0,0,0,0.000355759348565104
alvaro obregon,abraham m gonzalez,0,0,0,0,0,0,0,8.2788310290587e-05,0,0,0,0,0,0,7.90576330144675e-05
alvaro obregon,agricola / ex-hacienda de guadalupe chimalistac,0,0,0,0,0,0,0,0.000165576620581174,0,0,0,0,0,0,0.000158115266028935
alvaro obregon,alcantarilla,0,0,0,0,0,0,0,4.13941551452935e-05,0,0,0,0,0,0,3.95288165072338e-05
alvaro obregon,altavista,0,0,0,0,0,0,0,4.13941551452935e-05,0,0,0,0,0,0,3.95288165072338e-05
alvaro obregon,ampliacion estado de hidalgo,0,0,0,0,0,0,0,4.13941551452935e-05,0,0,0,0,0,0,3.95288165072338e-05
alvaro obregon,ampliacion jalalpa,0,0,0,0,0,0,0,0.000165576620581174,0,0,0,0,0,0,0.000158115266028935
alvaro obregon,ampliacion la cebada,0,0,0,0,0,0,0,0.000248364930871761,0,0,0,0,0,0,0.000237172899043403
alvaro obregon,ampliacion lomas de santo domingo,0,0,0,0,0,0,0,0.000165576620581174,0,0,0,0,0,0,0.000158115266028935
alvaro obregon,ampliacion tepeaca,0,0,0,0,0,0,0,0.000248364930871761,0.00102040816326531,0,0,0,0,0,0.000276701715550636
alvaro obregon,ampliacion tlacuitlapa,0,0,0,0,0,0,0,4.13941551452935e-05,0,0,0,0,0,0,3.95288165072338e-05
alvaro obregon,ampliacion tlacuitlapa ii,0,0,0,0,0,0,0,4.13941551452935e-05,0.00102040816326531,0,0,0,0,0,7.90576330144675e-05
alvaro obregon,arturo martinez,0,0,0,0,0,0,0,0.000455335706598228,0,0,0,0,0,0,0.000434816981579572
alvaro obregon,arvide,0,0,0,0,0,0,0,0.000662306482324696,0.00102040816326531,0,0,0,0,0,0.000671989880622974
alvaro obregon,atlamaxac,0,0,0,0,0,0,0,4.13941551452935e-05,0,0,0,0,0,0,3.95288165072338e-05
alvaro obregon,atlamaya,0,0,0,0,0,0,0,0,0.00102040816326531,0,0,0,0,0,3.95288165072338e-05
alvaro obregon,ave real,0,0,0,0,0,0,0,0.000206970775726467,0,0,0,0,0,0,0.000197644082536169
alvaro obregon,axotla,0,0,0,0,0,0,0,0.000662306482324696,0.00102040816326531,0,0,0,0,0,0.000671989880622974
alvaro obregon,bejero del pueblo santa fe,0,0,0,0,0,0,0,8.2788310290587e-05,0,0,0,0,0,0,7.90576330144675e-05
alvaro obregon,belen de las flores seccion cuchilla,0,0,0,0,0,0,0,0.00012418246543588,0,0,0,0,0,0,0.000118586449521701
alvaro obregon,bonanza,0,0,0,0,0,0,0,0.000331153241162348,0,0,0,0,0,0,0.00031623053205787
alvaro obregon,bosques 2a seccion,0,0,0,0,0,0,0,0.00012418246543588,0,0,0,0,0,0,0.000118586449521701
alvaro obregon,bosques de tarango,0,0,0,0,0,0,0,0.000165576620581174,0,0,0,0,0,0,0.000158115266028935
alvaro obregon,camino real de tetelpan,0,0,0,0,0,0,0,4.13941551452935e-05,0.00102040816326531,0,0,0,0,0,7.90576330144675e-05
alvaro obregon,canada,0,0,0,0,0,0,0,0.000165576620581174,0,0,0,0,0,0,0.000158115266028935
alvaro obregon,canutillo,0,0,0,0,0,0,0,0.000206970775726467,0,0,0,0,0,0,0.000197644082536169
alvaro obregon,canutillo 3a seccion,0,0,0,0,0,0,0,4.13941551452935e-05,0,0,0,0,0,0,3.95288165072338e-05
alvaro obregon,carlos a madrazo,0,0,0,0,0,0,0,0.00012418246543588,0,0,0,0,0,0,0.000118586449521701
alvaro obregon,casa del agronomo,0,0,0,0,0,0,0,0,0,0.0101010101010101,0,0,0,0,3.95288165072338e-05
alvaro obregon,cedros santa lucia,0,0,0,0,0,0,0,4.13941551452935e-05,0,0,0,0,0,0,3.95288165072338e-05
alvaro obregon,cehuaya,0,0,0,0,0,0,0,0.00012418246543588,0,0,0,0,0,0,0.000118586449521701
alvaro obregon,chimalistac,0,0,0,0,0,0,0,0.00012418246543588,0.00102040816326531,0,0,0,0,0,0.000158115266028935
alvaro obregon,colinas de tarango,0,0,0,0,0,0,0,0.000206970775726467,0,0,0,0,0,0,0.000197644082536169
alvaro obregon,corpus christy,0,0,0,0,0,0,0,0.00103485387863234,0.00102040816326531,0,0,0,0,0,0.00102774922918808
alvaro obregon,cove,0,0,0,0,0,0,0,0.000331153241162348,0,0,0,0,0,0,0.00031623053205787
alvaro obregon,cuevitas,0,0,0,0,0,0,0,4.13941551452935e-05,0,0,0,0,0,0,3.95288165072338e-05
alvaro obregon,el arbol ampliacion,0,0,0,0,0,0,0,8.2788310290587e-05,0,0,0,0,0,0,7.90576330144675e-05
alvaro obregon,el capulin,0,0,0,0,0,0,0,0.000248364930871761,0,0,0,0,0,0,0.000237172899043403
alvaro obregon,el encino del pueblo tetelpan,0,0,0,0,0,0,0,4.13941551452935e-05,0,0,0,0,0,0,3.95288165072338e-05
alvaro obregon,el piru santa fe,0,0,0,0,0,0,0,4.13941551452935e-05,0,0,0,0,0,0,3.95288165072338e-05
alvaro obregon,el pocito,0,0,0,0,0,0,0,0.00012418246543588,0,0,0,0,0,0,0.000118586449521701
alvaro obregon,el rodeo,0,0,0,0,0,0,0,8.2788310290587e-05,0,0,0,0,0,0,7.90576330144675e-05
alvaro obregon,el ruedo,0,0,0,0,0,0,0,8.2788310290587e-05,0,0,0,0,0,0,7.90576330144675e-05
alvaro obregon,el tejocote,0,0,0,0,0,0,0,0.000165576620581174,0.00102040816326531,0,0,0,0,0,0.000197644082536169
alvaro obregon,estado de hidalgo,0,0,0,0,0,0,0,8.2788310290587e-05,0,0,0,0,0,0,7.90576330144675e-05
alvaro obregon,estado de hidalgo i,0,0,0,0,0,0,0,4.13941551452935e-05,0.00102040816326531,0,0,0,0,0,7.90576330144675e-05
alvaro obregon,flor de maria,0,0,0,0,0,0,0,0.000165576620581174,0,0,0,0,0,0,0.000158115266028935
alvaro obregon,gaona armenta,0,0,0,0,0,0,0,8.2788310290587e-05,0,0,0,0,0,0,7.90576330144675e-05
alvaro obregon,garcimarrero norte,0,0,0,0,0,0,0,0.000248364930871761,0,0,0,0,0,0,0.000237172899043403
alvaro obregon,golondrinas,0,0,0,0,0,0,0,0.000869277258051163,0,0,0,0,0,0,0.000830105146651909
alvaro obregon,golondrinas 1a seccion,0,0,0,0,0,0,0,0.000538124016888815,0,0.0101010101010101,0,0,0,0,0.000553403431101273
alvaro obregon,golondrinas 2a seccion,0,0,0,0,0,0,0,4.13941551452935e-05,0,0,0,0,0,0,3.95288165072338e-05
alvaro obregon,hidalgo,0,0,0,0,0,0,0,0.000620912327179402,0,0,0,0,0,0,0.000592932247608507
alvaro obregon,industrias militares de sedena,0,0,0,0,0,0,0,8.2788310290587e-05,0,0,0,0,0,0,7.90576330144675e-05
alvaro obregon,isidro fabela,0,0,0,0,0,0,0,0.000206970775726467,0,0,0,0,0,0,0.000197644082536169
alvaro obregon,jalalpa el grande 1er reacomodo,0,0,0,0,0,0,0,0.00012418246543588,0,0,0,0,0,0,0.000118586449521701
alvaro obregon,jalalpa tepito,0,0,0,0,0,0,0,0.000372547396307641,0,0,0,0,0,0,0.000355759348565104
alvaro obregon,la arana,0,0,0,0,0,0,0,4.13941551452935e-05,0,0,0,0,0,0,3.95288165072338e-05
alvaro obregon,la estrella,0,0,0,0,0,0,0,4.13941551452935e-05,0,0,0,0,0,0,3.95288165072338e-05
alvaro obregon,la herradura del pueblo tetelpan,0,0,0,0,0,0,0,4.13941551452935e-05,0,0,0,0,0,0,3.95288165072338e-05
alvaro obregon,la joya,0,0,0,0,0,0,0,0.000206970775726467,0.00102040816326531,0,0,0,0,0,0.000237172899043403
alvaro obregon,la joyita del pueblo tetelpan,0,0,0,0,0,0,0,4.13941551452935e-05,0,0,0,0,0,0,3.95288165072338e-05
alvaro obregon,la loma,0,0,0,0,0,0,0,4.13941551452935e-05,0,0,0,0,0,0,3.95288165072338e-05
alvaro obregon,la martinica,0,0,0,0,0,0,0,8.2788310290587e-05,0,0,0,0,0,0,7.90576330144675e-05
alvaro obregon,la martinica ii,0,0,0,0,0,0,0,4.13941551452935e-05,0,0,0,0,0,0,3.95288165072338e-05
alvaro obregon,la mexicana,0,0,0,0,0,0,0,0.000455335706598228,0,0,0,0,0,0,0.000434816981579572
alvaro obregon,la milagrosa,0,0,0,0,0,0,0,0.00012418246543588,0.00102040816326531,0,0,0,0,0,0.000158115266028935
alvaro obregon,la palmita,0,0,0,0,0,0,0,0.000248364930871761,0,0,0,0,0,0,0.000237172899043403
alvaro obregon,la presa,0,0,0,0,0,0,0,4.13941551452935e-05,0,0,0,0,0,0,3.95288165072338e-05
alvaro obregon,la presa seccion hornos,0,0,0,0,0,0,0,0.00012418246543588,0,0,0,0,0,0,0.000118586449521701
alvaro obregon,las aguilas (aob-3),0,0,0,0,0,0,0,0.000703700637469989,0.00102040816326531,0,0,0,0,0,0.000711518697130208
alvaro obregon,las aguilas 1a seccion,0,0,0,0,0,0,0,0.000372547396307641,0,0.0101010101010101,0,0,0,0,0.000395288165072338
alvaro obregon,las aguilas 2o parque,0,0,0,0,0,0,0,0,0.00102040816326531,0,0,0,0,0,3.95288165072338e-05
alvaro obregon,las aguilas 3er parque,0,0,0,0,0,0,0,0.000248364930871761,0,0,0,0,0,0,0.000237172899043403
alvaro obregon,las aguilas seccion hornos,0,0,0,0,0,0,0,0.000248364930871761,0,0,0,0,0,0,0.000237172899043403
alvaro obregon,las americas,0,0,0,0,0,0,0,0.00012418246543588,0,0,0,0,0,0,0.000118586449521701
alvaro obregon,las palmas,0,0,0,0,0,0,0,4.13941551452935e-05,0,0,0,0,0,0,3.95288165072338e-05
alvaro obregon,lomas axomiatla,0,0,0,0,0,0,0,8.2788310290587e-05,0,0,0,0,0,0,7.90576330144675e-05
alvaro obregon,lomas de capula,0,0,0,0,0,0,0,0.000413941551452935,0,0,0,0,0,0,0.000395288165072338
alvaro obregon,lomas de chamontoya,0,0,0,0,0,0,0,0.000620912327179402,0,0,0.0181818181818182,0,0,0,0.00063246106411574
alvaro obregon,lomas de guadalupe,0,0,0,0,0,0,0,4.13941551452935e-05,0,0,0,0,0,0,3.95288165072338e-05
alvaro obregon,lomas de las aguilas,0,0,0,0,0,0,0,8.2788310290587e-05,0.00102040816326531,0,0,0,0,0,0.000118586449521701
alvaro obregon,lomas de puerta grande,0,0,0,0,0,0,0,0.000165576620581174,0.00102040816326531,0,0,0,0,0,0.000197644082536169
alvaro obregon,lomas de san angel inn,0,0,0,0,0,0,0,0.000372547396307641,0,0,0,0,0,0,0.000355759348565104
alvaro obregon,lomas de tarango,0,0,0,0,0,0,0,0.000372547396307641,0,0,0,0,0,0,0.000355759348565104
alvaro obregon,lomas del capulin,0,0,0,0,0,0,0,4.13941551452935e-05,0,0,0,0,0,0,3.95288165072338e-05
alvaro obregon,loreto,0,0,0,0,0,0,0,0.000206970775726467,0.00204081632653061,0,0,0,0,0,0.000276701715550636
alvaro obregon,los cedros,0,0,0,0,0,0,0,0.000413941551452935,0,0,0,0,0,0,0.000395288165072338
alvaro obregon,maria g de garcia ruiz,0,0,0,0,0,0,0,0.000662306482324696,0,0.0101010101010101,0,0,0,0,0.000671989880622974
alvaro obregon,merced gomez,0,0,0,0,0,0,0,0.000869277258051163,0,0,0,0,0,0,0.000830105146651909
alvaro obregon,miguel gaona armenta,0,0,0,0,0,0,0,4.13941551452935e-05,0,0,0,0,0,0,3.95288165072338e-05
alvaro obregon,miguel hidalgo,0,0,0,0,0,0,0,8.2788310290587e-05,0,0,0,0,0,0,7.90576330144675e-05
alvaro obregon,mina los coyotes,0,0,0,0,0,0,0,0.000289759086017054,0,0.0101010101010101,0,0,0,0,0.00031623053205787
alvaro obregon,mixcoac,0,0,0,0,0,0,0,4.13941551452935e-05,0,0,0,0,0,0,3.95288165072338e-05
alvaro obregon,molino de rosas,0,0,0,0,0,0,0,0.000165576620581174,0,0,0,0,0,0,0.000158115266028935
alvaro obregon,molino de santo domingo,0,0,0,0,0,0,0,0.000496729861743522,0,0,0,0,0,0,0.000474345798086805
alvaro obregon,ocotillos del pueblo tetelpan,0,0,0,0,0,0,0,0.00012418246543588,0,0,0,0,0,0,0.000118586449521701
alvaro obregon,panteon santa fe,0,0,0,0,0,0,0,4.13941551452935e-05,0,0,0,0,0,0,3.95288165072338e-05
alvaro obregon,paraje del caballito,0,0,0,0,0,0,0,4.13941551452935e-05,0,0,0,0,0,0,3.95288165072338e-05
alvaro obregon,parque las aguilas,0,0,0,0,0,0,0,8.2788310290587e-05,0,0,0,0,0,0,7.90576330144675e-05
alvaro obregon,paseo de las lomas,0,0,0,0,0,0,0,4.13941551452935e-05,0,0,0,0,0,0,3.95288165072338e-05
alvaro obregon,pez,0,0,0,0,0,0,0,8.2788310290587e-05,0,0,0,0,0,0,7.90576330144675e-05
alvaro obregon,pilares aguilas,0,0,0,0,0,0,0,4.13941551452935e-05,0,0,0,0,0,0,3.95288165072338e-05
alvaro obregon,piloto adolfo lopez mateos,0,0,0,0,0,0,0,0.00103485387863234,0.00102040816326531,0,0,0,0,0,0.00102774922918808
alvaro obregon,piru santa lucia,0,0,0,0,0,0,0,4.13941551452935e-05,0,0,0,0,0,0,3.95288165072338e-05
alvaro obregon,poder popular merced gomez,0,0,0,0,0,0,0,8.2788310290587e-05,0,0,0,0,0,0,7.90576330144675e-05
alvaro obregon,polvora,0,0,0,0,0,0,0,0.00012418246543588,0,0,0,0,0,0,0.000118586449521701
alvaro obregon,ponciano arriaga,0,0,0,0,0,0,0,0.00012418246543588,0.00102040816326531,0,0,0,0,0,0.000158115266028935
alvaro obregon,preconcreto,0,0,0,0,0,0,0,0.000248364930871761,0,0,0,0,0,0,0.000237172899043403
alvaro obregon,presidentes,0,0,0,0,0,0,0,8.2788310290587e-05,0,0,0,0,0,0,7.90576330144675e-05
alvaro obregon,pueblo nuevo,0,0,0,0,0,0,0,4.13941551452935e-05,0,0,0,0,0,0,3.95288165072338e-05
alvaro obregon,puerta grande,0,0,0,0,0,0,0,0,0.00102040816326531,0,0,0,0,0,3.95288165072338e-05
alvaro obregon,punta de cehuaya,0,0,0,0,0,0,0,0.000372547396307641,0,0,0,0,0,0,0.000355759348565104
alvaro obregon,reacomodo belen de las flores,0,0,0,0,0,0,0,8.2788310290587e-05,0,0,0,0,0,0,7.90576330144675e-05
alvaro obregon,reacomodo pino suarez,0,0,0,0,0,0,0,4.13941551452935e-05,0,0,0,0,0,0,3.95288165072338e-05
alvaro obregon,real del monte,0,0,0,0,0,0,0,0.000248364930871761,0,0,0,0,0,0,0.000237172899043403
alvaro obregon,rincon de la bolsa,0,0,0,0,0,0,0,8.2788310290587e-05,0,0,0.0181818181818182,0,0,0,0.000118586449521701
alvaro obregon,rinconada las cuevitas,0,0,0,0,0,0,0,0.000372547396307641,0.00102040816326531,0,0,0,0,0,0.000395288165072338
alvaro obregon,san angel inn,0,0,0,0,0,0,0,4.13941551452935e-05,0,0,0,0,0,0,3.95288165072338e-05
alvaro obregon,san clemente norte,0,0,0,0,0,0,0,0.000538124016888815,0,0,0,0,0,0,0.000513874614594039
alvaro obregon,san clemente sur,0,0,0,0,0,0,0,0.000289759086017054,0,0,0,0,0,0,0.000276701715550636
alvaro obregon,san pedro de los pinos,0,0,0,0,0,0,0,0.000869277258051163,0.00102040816326531,0,0,0,0,0,0.000869633963159143
alvaro obregon,santa fe,0,0,0,0,0,0,0,0.000165576620581174,0,0,0,0,0,0,0.000158115266028935
alvaro obregon,santa fe imss,0,0,0,0,0,0,0,0.000372547396307641,0,0,0,0,0,0,0.000355759348565104
alvaro obregon,santa fe infonavit,0,0,0,0,0,0,0,0.000165576620581174,0,0,0,0,0,0,0.000158115266028935
alvaro obregon,santa lucia,0,0,0,0,0,0,0,0.000620912327179402,0.00306122448979592,0,0,0,0,0,0.000711518697130208
alvaro obregon,santa maria nonoalco,0,0,0,0,0,0,0,0.000331153241162348,0,0.0101010101010101,0,0,0,0,0.000355759348565104
alvaro obregon,tecolalco,0,0,0,0,0,0,0,4.13941551452935e-05,0,0,0,0,0,0,3.95288165072338e-05
alvaro obregon,tempranillo,0,0,0,0,0,0,0,4.13941551452935e-05,0,0,0,0,0,0,3.95288165072338e-05
alvaro obregon,tepopotla,0,0,0,0,0,0,0,4.13941551452935e-05,0,0,0,0,0,0,3.95288165072338e-05
alvaro obregon,tlacoyaque,0,0,0,0,0,0,0,0.000372547396307641,0.00306122448979592,0,0,0,0,0,0.000474345798086805
alvaro obregon,tlacuitlapa,0,0,0,0,0,0,0,0.000165576620581174,0,0,0,0,0,0,0.000158115266028935
alvaro obregon,tlapechico,0,0,0,0,0,0,0,0.000289759086017054,0,0,0,0,0,0,0.000276701715550636
alvaro obregon,valentin gomez farias,0,0,0,0,0,0,0,0.000206970775726467,0.00102040816326531,0,0,0,0,0,0.000237172899043403
alvaro obregon,villa progresista,0,0,0,0,0,0,0,8.2788310290587e-05,0,0,0,0,0,0,7.90576330144675e-05
alvaro obregon,villa verdun,0,0,0,0,0,0,0,4.13941551452935e-05,0,0,0,0,0,0,3.95288165072338e-05
alvaro obregon,zenon delgado,0,0,0,0,0,0,0,0.000538124016888815,0,0,0,0,0,0,0.000513874614594039
azcapotzalco,aguilera,0,0,0,0,0,0,0,0.000206970775726467,0,0,0,0,0,0,0.000197644082536169
azcapotzalco,ampliacion cosmopolita,0,0,0,0,0,0,0,0.000289759086017054,0,0,0,0,0,0,0.000276701715550636
azcapotzalco,angel zimbron,0,0,0,0,0,0,0,0.000455335706598228,0.00102040816326531,0,0,0,0,0,0.000474345798086805
azcapotzalco,benito juarez,0,0,0,0,0,0,0,0.00012418246543588,0,0,0,0,0,0,0.000118586449521701
azcapotzalco,coltongo,0,0,0,0,0,0,0,0.000289759086017054,0,0,0,0,0,0,0.000276701715550636
azcapotzalco,del maestro,0,0,0,0,0,0,0,0.000206970775726467,0,0,0,0,0,0,0.000197644082536169
azcapotzalco,estacion pantaco,0,0,0,0,0,0,0,4.13941551452935e-05,0,0,0,0,0,0,3.95288165072338e-05
azcapotzalco,euzkadi,0,0,0,0,0,0,0,0.000289759086017054,0.00204081632653061,0,0,0,0,0,0.000355759348565104
azcapotzalco,ex-hacienda el rosario,0,0,0,0,0,0,0,0.000248364930871761,0,0,0,0,0,0,0.000237172899043403
azcapotzalco,ferreria,0,0,0,0,0,0,0,0.000165576620581174,0,0,0,0,0,0,0.000158115266028935
azcapotzalco,francisco villa,0,0,0,0,0,0,0,0.000413941551452935,0.00102040816326531,0,0,0,0,0,0.000434816981579572
azcapotzalco,hogares ferrocarrileros,0,0,0,0,0,0,0,8.2788310290587e-05,0,0,0,0,0,0,7.90576330144675e-05
azcapotzalco,huautla de las salinas,0,0,0,0,0,0,0,4.13941551452935e-05,0,0,0,0,0,0,3.95288165072338e-05
azcapotzalco,ignacio allende,0,0,0,0,0,0,0,0.000165576620581174,0,0,0,0,0,0,0.000158115266028935
azcapotzalco,las armas,0,0,0,0,0,0,0,8.2788310290587e-05,0,0,0,0,0,0,7.90576330144675e-05
azcapotzalco,las salinas,0,0,0,0,0,0,0,0.000248364930871761,0,0,0,0,0,0,0.000237172899043403
azcapotzalco,libertad,0,0,0,0,0,0,0,0.000165576620581174,0,0,0,0,0,0,0.000158115266028935
azcapotzalco,los reyes,0,0,0,0,0,0,0,0.000165576620581174,0,0,0,0,0,0,0.000158115266028935
azcapotzalco,miguel hidalgo,0,0,0,0,0,0,0,0.00012418246543588,0,0,0,0,0,0,0.000118586449521701
azcapotzalco,monte alto,0,0,0,0,0,0,0,4.13941551452935e-05,0,0,0,0,0,0,3.95288165072338e-05
azcapotzalco,nueva el rosario,0,0,0,0,0,0,0,4.13941551452935e-05,0,0,0,0,0,0,3.95288165072338e-05
azcapotzalco,nueva espana,0,0,0,0,0,0,0,0.000165576620581174,0,0,0,0,0,0,0.000158115266028935
azcapotzalco,pasteros,0,0,0,0,0,0,0,0.000745094792615283,0.00102040816326531,0,0,0,0,0,0.000751047513637442
azcapotzalco,patrimonio familiar,0,0,0,0,0,0,0,0.000248364930871761,0,0,0,0,0,0,0.000237172899043403
azcapotzalco,petrolera,0,0,0,0,0,0,0,0.000165576620581174,0.00102040816326531,0,0,0,0,0,0.000197644082536169
azcapotzalco,plenitud,0,0,0,0,0,0,0,0.000331153241162348,0,0,0,0,0,0,0.00031623053205787
azcapotzalco,porvenir,0,0,0,0,0,0,0,0.000206970775726467,0,0,0,0,0,0,0.000197644082536169
azcapotzalco,potrero del llano,0,0,0,0,0,0,0,0.000248364930871761,0,0,0,0,0,0,0.000237172899043403
azcapotzalco,prados del rosario,0,0,0,0,0,0,0,0.000496729861743522,0.00102040816326531,0,0,0,0,0,0.000513874614594039
azcapotzalco,san andres de las salinas,0,0,0,0,0,0,0,4.13941551452935e-05,0,0,0,0,0,0,3.95288165072338e-05
azcapotzalco,san bernabe,0,0,0,0,0,0,0,8.2788310290587e-05,0,0,0,0,0,0,7.90576330144675e-05
azcapotzalco,san francisco xocotitla,0,0,0,0,0,0,0,0.000372547396307641,0.00102040816326531,0,0,0,0,0,0.000395288165072338
azcapotzalco,san mateo,0,0,0,0,0,0,0,0.000372547396307641,0,0,0,0,0,0,0.000355759348565104
azcapotzalco,san miguel amantla,0,0,0,0,0,0,0,0.00095206556834175,0,0,0,0,0,0,0.000909162779666377
azcapotzalco,san pablo xalpa,0,0,0,0,0,0,0,0.000165576620581174,0,0,0,0,0,0,0.000158115266028935
azcapotzalco,san rafael,0,0,0,0,0,0,0,0.000165576620581174,0,0,0,0,0,0,0.000158115266028935
azcapotzalco,san salvador xochimanca,0,0,0,0,0,0,0,0.000206970775726467,0,0,0,0,0,0,0.000197644082536169
azcapotzalco,santa apolonia,0,0,0,0,0,0,0,0.000248364930871761,0,0,0,0,0,0,0.000237172899043403
azcapotzalco,santa cruz acayucan,0,0,0,0,0,0,0,0.000496729861743522,0.00204081632653061,0,0,0,0,0,0.000553403431101273
azcapotzalco,santa ines,0,0,0,0,0,0,0,0.000331153241162348,0,0,0,0,0,0,0.00031623053205787
azcapotzalco,santa lucia,0,0,0,0,0,0,0,0.000206970775726467,0,0,0,0,0,0,0.000197644082536169
azcapotzalco,santa maria malinalco,0,0,0,0,0,0,0,0.000993459723487044,0.00204081632653061,0,0,0,0,0,0.00102774922918808
azcapotzalco,santiago ahuizotla,0,0,0,0,0,0,0,0.00173855451610233,0.00102040816326531,0,0,0,0,0,0.00169973910981105
azcapotzalco,santo domingo,0,0,0,0,0,0,0,0.000331153241162348,0,0,0,0,0,0,0.00031623053205787
azcapotzalco,santo tomas,0,0,0,0,0,0,0,0.000538124016888815,0.00102040816326531,0,0,0,0,0,0.000553403431101273
azcapotzalco,sector naval,0,0,0,0,0,0,0,4.13941551452935e-05,0,0,0,0,0,0,3.95288165072338e-05
azcapotzalco,sindicato mexicano de electricistas,0,0,0,0,0,0,0,0.000248364930871761,0,0,0,0,0,0,0.000237172899043403
azcapotzalco,tierra nueva,0,0,0,0,0,0,0,4.13941551452935e-05,0.00102040816326531,0,0,0,0,0,7.90576330144675e-05
azcapotzalco,trabajadores de hierro,0,0,0,0,0,0,0,0.00012418246543588,0,0,0,0,0,0,0.000118586449521701
azcapotzalco,trabajadores de pemex,0,0,0,0,0,0,0,0.00012418246543588,0,0,0,0,0,0,0.000118586449521701
azcapotzalco,un hogar para cada trabajador,0,0,0,0,0,0,0,0.000165576620581174,0.00204081632653061,0,0,0,0,0,0.000237172899043403
benito juarez,acacias,0,0,0,0,0,0,0,0.000331153241162348,0.00102040816326531,0,0,0,0,0,0.000355759348565104
benito juarez,ampliacion napoles,0,0,0,0,0,0,0,0.00012418246543588,0.00204081632653061,0,0,0,0,0,0.000197644082536169
benito juarez,atenor salas,0,0,0,0,0,0,0,0.000289759086017054,0,0,0,0,0,0,0.000276701715550636
benito juarez,buenos aires,0,0,0,0,0,0,0,4.13941551452935e-05,0,0,0,0,0,0,3.95288165072338e-05
benito juarez,centro urbano presidente miguel aleman,0,0,0,0,0,0,0,4.13941551452935e-05,0,0,0,0,0,0,3.95288165072338e-05
benito juarez,ciudad de los deportes,0,0,0,0,0,0,0,0.000496729861743522,0,0,0,0,0,0,0.000474345798086805
benito juarez,credito constructor,0,0,0,0,0,0,0,8.2788310290587e-05,0,0,0,0,0,0,7.90576330144675e-05
benito juarez,del lago,0,0,0,0,0,0,0,4.13941551452935e-05,0,0,0,0,0,0,3.95288165072338e-05
benito juarez,escandon i seccion,0,0,0,0,0,0,0,8.2788310290587e-05,0,0,0,0,0,0,7.90576330144675e-05
benito juarez,extremadura insurgentes,0,0,0,0,0,0,0,0.00012418246543588,0,0,0,0,0,0,0.000118586449521701
benito juarez,insurgentes san borja,0,0,0,0,0,0,0,8.2788310290587e-05,0.00102040816326531,0,0,0,0,0,0.000118586449521701
benito juarez,miravalle,0,0,0,0,0,0,0,0.000206970775726467,0.00102040816326531,0,0,0,0,0,0.000237172899043403
benito juarez,mixcoac,0,0,0,0,0,0,0,0.000455335706598228,0.00102040816326531,0,0,0,0,0,0.000474345798086805
benito juarez,periodista,0,0,0,0,0,0,0,0.00012418246543588,0,0,0,0,0,0,0.000118586449521701
benito juarez,residencial emperadores,0,0,0,0,0,0,0,8.2788310290587e-05,0,0,0,0,0,0,7.90576330144675e-05
benito juarez,roma sur,0,0,0,0,0,0,0,0,0.00102040816326531,0,0,0,0,0,3.95288165072338e-05
benito juarez,san juan,0,0,0,0,0,0,0,0.000165576620581174,0.00102040816326531,0,0,0,0,0,0.000197644082536169
benito juarez,unidad narvarte imss,0,0,0,0,0,0,0,8.2788310290587e-05,0,0,0,0,0,0,7.90576330144675e-05
benito juarez,viaducto piedad,0,0,0,0,0,0,0,4.13941551452935e-05,0,0,0,0,0,0,3.95288165072338e-05
benito juarez,villa de cortes,0,0,0,0,0,0,0,0.000165576620581174,0,0,0,0,0,0,0.000158115266028935
benito juarez,zacahuitzco,0,0,0,0,0,0,0,0.000165576620581174,0,0,0,0,0,0,0.000158115266028935
coyoacan,acasulco,0,0,0,0,0,0,0,4.13941551452935e-05,0.00102040816326531,0,0,0,0,0,7.90576330144675e-05
coyoacan,ajusco montserrat,0,0,0,0,0,0,0,0.00012418246543588,0,0,0,0,0,0,0.000118586449521701
coyoacan,ampliacion la candelaria,0,0,0,0,0,0,0,0.00082788310290587,0,0,0,0,0,0,0.000790576330144676
coyoacan,atlantida,0,0,0,0,0,0,0,0.000206970775726467,0,0,0,0,0,0,0.000197644082536169
coyoacan,barrio del nino jesus,0,0,0,0,0,0,0,0.000165576620581174,0,0,0,0,0,0,0.000158115266028935
coyoacan,barrio la concepcion,0,0,0,0,0,0,0,8.2788310290587e-05,0,0,0,0,0,0,7.90576330144675e-05
coyoacan,barrio san lucas,0,0,0,0,0,0,0,0.000331153241162348,0,0,0,0,0,0,0.00031623053205787
coyoacan,cacama,0,0,0,0,0,0,0,4.13941551452935e-05,0,0,0,0,0,0,3.95288165072338e-05
coyoacan,campestre coyoacan,0,0,0,0,0,0,0,0.000165576620581174,0,0,0,0,0,0,0.000158115266028935
coyoacan,central de autobuses del sur taxquena,0,0,0,0,0,0,0,8.2788310290587e-05,0,0,0,0,0,0,7.90576330144675e-05
coyoacan,centro comercial perisur,0,0,0,0,0,0,0,0.00012418246543588,0,0,0,0,0,0,0.000118586449521701
coyoacan,culhuacan ctm seccion v,0,0,0,0,0,0,0,0.00107624803377763,0.00204081632653061,0,0,0,0,0,0.00110680686220255
coyoacan,culhuacan ctm seccion vi,0,0,0,0,0,0,0,0.000703700637469989,0.00102040816326531,0,0,0,0,0,0.000711518697130208
coyoacan,culhuacan ctm seccion x,0,0,0,0,0,0,0,0.000372547396307641,0,0,0,0,0,0,0.000355759348565104
coyoacan,dr pedro r bernabe,0,0,0,0,0,0,0,8.2788310290587e-05,0,0,0,0,0,0,7.90576330144675e-05
coyoacan,educacion,0,0,0,0,0,0,0,0.000620912327179402,0,0,0,0,0,0,0.000592932247608507
coyoacan,el centinela,0,0,0,0,0,0,0,0.000248364930871761,0,0,0,0,0,0,0.000237172899043403
coyoacan,el hueso infonavit,0,0,0,0,0,0,0,4.13941551452935e-05,0,0,0,0,0,0,3.95288165072338e-05
coyoacan,el mirador,0,0,0,0,0,0,0,0.000331153241162348,0,0,0,0,0,0,0.00031623053205787
coyoacan,el reloj,0,0,0,0,0,0,0,8.2788310290587e-05,0,0,0,0,0,0,7.90576330144675e-05
coyoacan,el rosario,0,0,0,0,0,0,0,8.2788310290587e-05,0,0,0,0,0,0,7.90576330144675e-05
coyoacan,el rosedal,0,0,0,0,0,0,0,0.000413941551452935,0,0,0,0,0,0,0.000395288165072338
coyoacan,emiliano zapata,0,0,0,0,0,0,0,0.000206970775726467,0,0,0,0,0,0,0.000197644082536169
coyoacan,emiliano zapata fraccionamiento popular,0,0,0,0,0,0,0,0.000496729861743522,0,0,0,0,0,0,0.000474345798086805
coyoacan,empleados federales,0,0,0,0,0,0,0,4.13941551452935e-05,0,0,0,0,0,0,3.95288165072338e-05
coyoacan,ermita churubusco,0,0,0,0,0,0,0,4.13941551452935e-05,0,0,0,0,0,0,3.95288165072338e-05
coyoacan,estadio azteca,0,0,0,0,0,0,0,8.2788310290587e-05,0,0,0,0,0,0,7.90576330144675e-05
coyoacan,ex-ejido de san pablo tepetlapa,0,0,0,0,0,0,0,0.00012418246543588,0,0,0,0,0,0,0.000118586449521701
coyoacan,ex-ejido de santa ursula coapa,0,0,0,0,0,0,0,0.000579518172034109,0.00510204081632653,0,0,0,0,0,0.000751047513637442
coyoacan,haciendas de coyoacan,0,0,0,0,0,0,0,0.000206970775726467,0.00102040816326531,0,0,0,0,0,0.000237172899043403
coyoacan,hermosillo,0,0,0,0,0,0,0,0.000248364930871761,0,0,0,0,0,0,0.000237172899043403
coyoacan,huayamilpas,0,0,0,0,0,0,0,0.000331153241162348,0,0,0,0,0,0,0.00031623053205787
coyoacan,insurgentes cuicuilco,0,0,0,0,0,0,0,0.000289759086017054,0,0,0,0,0,0,0.000276701715550636
coyoacan,integracion latinoamericana,0,0,0,0,0,0,0,0.000165576620581174,0,0,0,0,0,0,0.000158115266028935
coyoacan,jardines de coyoacan,0,0,0,0,0,0,0,0.000206970775726467,0,0,0,0,0,0,0.000197644082536169
coyoacan,jardines del pedregal de san angel,0,0,0,0,0,0,0,0.000165576620581174,0.00102040816326531,0,0,0,0,0,0.000197644082536169
coyoacan,joyas del pedregal,0,0,0,0,0,0,0,4.13941551452935e-05,0,0,0,0,0,0,3.95288165072338e-05
coyoacan,las campanas,0,0,0,0,0,0,0,4.13941551452935e-05,0,0,0,0,0,0,3.95288165072338e-05
coyoacan,los cedros,0,0,0,0,0,0,0,8.2788310290587e-05,0,0,0,0,0,0,7.90576330144675e-05
coyoacan,los cipreses,0,0,0,0,0,0,0,8.2788310290587e-05,0,0,0,0,0,0,7.90576330144675e-05
coyoacan,los ciruelos,0,0,0,0,0,0,0,0.00012418246543588,0,0,0,0,0,0,0.000118586449521701
coyoacan,los girasoles,0,0,0,0,0,0,0,0.000620912327179402,0,0,0,0,0,0,0.000592932247608507
coyoacan,los robles,0,0,0,0,0,0,0,4.13941551452935e-05,0,0,0,0,0,0,3.95288165072338e-05
coyoacan,los sauces,0,0,0,0,0,0,0,0.000206970775726467,0.00102040816326531,0,0,0,0,0,0.000237172899043403
coyoacan,media luna,0,0,0,0,0,0,0,8.2788310290587e-05,0,0,0,0,0,0,7.90576330144675e-05
coyoacan,monte de piedad,0,0,0,0,0,0,0,4.13941551452935e-05,0,0,0,0,0,0,3.95288165072338e-05
coyoacan,nueva diaz ordaz,0,0,0,0,0,0,0,0.000206970775726467,0,0,0,0,0,0,0.000197644082536169
coyoacan,olimpica,0,0,0,0,0,0,0,4.13941551452935e-05,0,0,0,0,0,0,3.95288165072338e-05
coyoacan,pedregal de carrasco,0,0,0,0,0,0,0,0.000206970775726467,0,0,0,0,0,0,0.000197644082536169
coyoacan,pedregal de monserrat,0,0,0,0,0,0,0,0.00012418246543588,0,0,0,0,0,0,0.000118586449521701
coyoacan,pedregal del maurel,0,0,0,0,0,0,0,0.000206970775726467,0.00102040816326531,0,0,0,0,0,0.000237172899043403
coyoacan,petrolera taxquena,0,0,0,0,0,0,0,0.00012418246543588,0,0,0,0,0,0,0.000118586449521701
coyoacan,prados de coyoacan,0,0,0,0,0,0,0,0.000248364930871761,0.00102040816326531,0,0,0,0,0,0.000276701715550636
coyoacan,presidentes ejidales,0,0,0,0,0,0,0,0.000786488947760576,0,0,0,0,0,0,0.000751047513637442
coyoacan,quetzalcoatl,0,0,0,0,0,0,0,0.000248364930871761,0,0,0,0,0,0,0.000237172899043403
coyoacan,residencial mar de la tranquilidad,0,0,0,0,0,0,0,0,0.00102040816326531,0,0,0,0,0,3.95288165072338e-05
coyoacan,rinconada de los reyes,0,0,0,0,0,0,0,0.00012418246543588,0,0,0,0,0,0,0.000118586449521701
coyoacan,rosedal,0,0,0,0,0,0,0,8.2788310290587e-05,0,0,0,0,0,0,7.90576330144675e-05
coyoacan,san diego churubusco,0,0,0,0,0,0,0,0.000372547396307641,0,0,0,0,0,0,0.000355759348565104
coyoacan,san mateo,0,0,0,0,0,0,0,0.000206970775726467,0,0,0,0,0,0,0.000197644082536169
coyoacan,sector marina,0,0,0,0,0,0,0,4.13941551452935e-05,0,0,0,0,0,0,3.95288165072338e-05
coyoacan,unidad monserrat,0,0,0,0,0,0,0,4.13941551452935e-05,0,0,0,0,0,0,3.95288165072338e-05
coyoacan,unidad obrero hab ctm culhuacan zona 13,0,0,0,0,0,0,0,0.000248364930871761,0,0,0,0,0,0,0.000237172899043403
coyoacan,unidad obrero hab culhuacan,0,0,0,0,0,0,0,0.000248364930871761,0,0,0,0,0,0,0.000237172899043403
coyoacan,villa de san francisco,0,0,0,0,0,0,0,4.13941551452935e-05,0,0,0,0,0,0,3.95288165072338e-05
coyoacan,villas copilco,0,0,0,0,0,0,0,4.13941551452935e-05,0,0,0,0,0,0,3.95288165072338e-05
coyoacan,viveros de coyoacan,0,0,0,0,0,0,0,4.13941551452935e-05,0,0,0,0,0,0,3.95288165072338e-05
coyoacan,xotepingo,0,0,0,0,0,0,0,0.000165576620581174,0.00102040816326531,0,0,0,0,0,0.000197644082536169
cuajimalpa de morelos,1° de mayo,0,0,0,0,0,0,0,4.13941551452935e-05,0,0,0,0,0,0,3.95288165072338e-05
cuajimalpa de morelos,abdias garcia soto,0,0,0,0,0,0,0,0.000331153241162348,0,0,0,0,0,0,0.00031623053205787
cuajimalpa de morelos,adolfo lopez mateos,0,0,0,0,0,0,0,0.000165576620581174,0,0,0,0,0,0,0.000158115266028935
cuajimalpa de morelos,agua bendita,0,0,0,0,0,0,0,0.000248364930871761,0,0,0,0,0,0,0.000237172899043403
cuajimalpa de morelos,ahuatenco,0,0,0,0,0,0,0,0.000372547396307641,0,0,0,0,0,0,0.000355759348565104
cuajimalpa de morelos,amado nervo,0,0,0,0,0,0,0,4.13941551452935e-05,0,0,0,0,0,0,3.95288165072338e-05
cuajimalpa de morelos,cacalote,0,0,0,0,0,0,0,4.13941551452935e-05,0,0,0,0,0,0,3.95288165072338e-05
cuajimalpa de morelos,club de golf bosques,0,0,0,0,0,0,0,8.2788310290587e-05,0,0,0,0,0,0,7.90576330144675e-05
cuajimalpa de morelos,cola de pato - pueblo,0,0,0,0,0,0,0,8.2788310290587e-05,0.00102040816326531,0,0,0,0,0,0.000118586449521701
cuajimalpa de morelos,colorines,0,0,0,0,0,0,0,4.13941551452935e-05,0,0,0,0,0,0,3.95288165072338e-05
cuajimalpa de morelos,el ebano,0,0,0,0,0,0,0,8.2788310290587e-05,0.00102040816326531,0,0,0,0,0,0.000118586449521701
cuajimalpa de morelos,el molinito,0,0,0,0,0,0,0,0.00012418246543588,0,0,0,0,0,0,0.000118586449521701
cuajimalpa de morelos,el molino,0,0,0,0,0,0,0,8.2788310290587e-05,0,0,0,0,0,0,7.90576330144675e-05
cuajimalpa de morelos,la pila,0,0,0,0,0,0,0,0.00082788310290587,0,0,0,0,0,0,0.000790576330144676
cuajimalpa de morelos,la rosita,0,0,0,0,0,0,0,4.13941551452935e-05,0,0,0,0,0,0,3.95288165072338e-05
cuajimalpa de morelos,la venta,0,0,0,0,0,0,0,4.13941551452935e-05,0,0,0,0,0,0,3.95288165072338e-05
cuajimalpa de morelos,las lajas,0,0,0,0,0,0,0,0.000248364930871761,0.00102040816326531,0,0,0,0,0,0.000276701715550636
cuajimalpa de morelos,las maromas,0,0,0,0,0,0,0,0.000206970775726467,0,0,0,0,0,0,0.000197644082536169
cuajimalpa de morelos,las tinajas,0,0,0,0,0,0,0,0.000248364930871761,0,0,0,0,0,0,0.000237172899043403
cuajimalpa de morelos,locaxco,0,0,0,0,0,0,0,4.13941551452935e-05,0,0,0,0,0,0,3.95288165072338e-05
cuajimalpa de morelos,loma del ocote,0,0,0,0,0,0,0,4.13941551452935e-05,0,0,0,0,0,0,3.95288165072338e-05
cuajimalpa de morelos,loma del padre,0,0,0,0,0,0,0,4.13941551452935e-05,0,0,0,0,0,0,3.95288165072338e-05
cuajimalpa de morelos,lomas de san pedro,0,0,0,0,0,0,0,0.000206970775726467,0.00102040816326531,0,0,0,0,0,0.000237172899043403
cuajimalpa de morelos,lomas de santa fe,0,0,0,0,0,0,0,0.000993459723487044,0,0,0,0,0,0,0.000948691596173611
cuajimalpa de morelos,manzanastitla,0,0,0,0,0,0,0,0.000206970775726467,0,0,0,0,0,0,0.000197644082536169
cuajimalpa de morelos,memetla,0,0,0,0,0,0,0,8.2788310290587e-05,0,0,0,0,0,0,7.90576330144675e-05
cuajimalpa de morelos,san bartolo ameyalco,0,0,0,0,0,0,0,4.13941551452935e-05,0,0,0,0,0,0,3.95288165072338e-05
cuajimalpa de morelos,santa rosa xochiac,0,0,0,0,0,0,0,0.000455335706598228,0,0,0,0,0,0,0.000434816981579572
cuajimalpa de morelos,tepetongo,0,0,0,0,0,0,0,0.00012418246543588,0,0,0,0,0,0,0.000118586449521701
cuajimalpa de morelos,xalpa,0,0,0,0,0,0,0,0.00012418246543588,0,0,0,0,0,0,0.000118586449521701
cuauhtemoc,algarin,0,0,0,0,0,0,0,0.000331153241162348,0,0,0,0,0,0,0.00031623053205787
cuauhtemoc,buenos aires,0,0,0,0,0,0,0,0.000620912327179402,0,0,0,0,0,0,0.000592932247608507
cuauhtemoc,centro urbano benito juarez,0,0,0,0,0,0,0,8.2788310290587e-05,0,0,0,0,0,0,7.90576330144675e-05
cuauhtemoc,condesa,0,0,0,0,0,0,0,0.000662306482324696,0.00102040816326531,0,0,0,0,0,0.000671989880622974
cuauhtemoc,ex-hipodromo de peralvillo,0,0,0,0,0,0,0,0.00194552529182879,0.00102040816326531,0,0,0,0,0,0.00189738319234722
cuauhtemoc,felipe pescador,0,0,0,0,0,0,0,0.000331153241162348,0,0,0,0,0,0,0.00031623053205787
cuauhtemoc,santa maria insurgentes,0,0,0,0,0,0,0,0.00012418246543588,0.00102040816326531,0,0,0,0,0,0.000158115266028935
cuauhtemoc,vista alegre,0,0,0,0,0,0,0,0.000786488947760576,0.00102040816326531,0.0101010101010101,0,0,0,0,0.000830105146651909
gustavo a madero,25 de julio,0,0,0,0,0,0,0,0.000289759086017054,0,0,0,0,0,0,0.000276701715550636
gustavo a madero,ahuehuetes,0,0,0,0,0,0,0,0.000331153241162348,0.00102040816326531,0,0,0,0,0,0.000355759348565104
gustavo a madero,ampliacion guadalupe proletaria,0,0,0,0,0,0,0,0.000455335706598228,0,0,0,0,0,0,0.000434816981579572
gustavo a madero,ampliacion martires de rio blanco,0,0,0,0,0,0,0,0.000206970775726467,0,0,0,0,0,0,0.000197644082536169
gustavo a madero,ampliacion san juan de aragon ctm,0,0,0,0,0,0,0,8.2788310290587e-05,0,0,0,0,0,0,7.90576330144675e-05
gustavo a madero,aragon fovissste,0,0,0,0,0,0,0,8.2788310290587e-05,0,0,0,0,0,0,7.90576330144675e-05
gustavo a madero,arboledas de cuautepec el alto,0,0,0,0,0,0,0,0.000538124016888815,0.00102040816326531,0,0,0,0,0,0.000553403431101273
gustavo a madero,arcos la esmeralda,0,0,0,0,0,0,0,4.13941551452935e-05,0,0,0,0,0,0,3.95288165072338e-05
gustavo a madero,belisario dominguez,0,0,0,0,0,0,0,0.000206970775726467,0,0,0,0,0,0,0.000197644082536169
gustavo a madero,benito juarez,0,0,0,0,0,0,0,0.000248364930871761,0,0,0,0,0,0,0.000237172899043403
gustavo a madero,castillo grande,0,0,0,0,0,0,0,0.000496729861743522,0,0,0,0,0,0,0.000474345798086805
gustavo a madero,castillo grande i,0,0,0,0,0,0,0,0.000165576620581174,0,0,0,0,0,0,0.000158115266028935
gustavo a madero,ctm atzacoalco,0,0,0,0,0,0,0,0.000372547396307641,0,0,0,0,0,0,0.000355759348565104
gustavo a madero,cuautepec barrio alto,0,0,0,0,0,0,0,0.000206970775726467,0.00102040816326531,0,0,0,0,0,0.000237172899043403
gustavo a madero,cuautepec de madero,0,0,0,0,0,0,0,0.000496729861743522,0,0,0,0,0,0,0.000474345798086805
gustavo a madero,cuchilla la joya,0,0,0,0,0,0,0,0.000413941551452935,0,0,0,0,0,0,0.000395288165072338
gustavo a madero,del obrero,0,0,0,0,0,0,0,0.000413941551452935,0.00102040816326531,0,0,0,0,0,0.000434816981579572
gustavo a madero,eduardo molina ii,0,0,0,0,0,0,0,8.2788310290587e-05,0,0,0,0,0,0,7.90576330144675e-05
gustavo a madero,el milagro,0,0,0,0,0,0,0,8.2788310290587e-05,0.00102040816326531,0,0,0,0,0,0.000118586449521701
gustavo a madero,el tepetatal,0,0,0,0,0,0,0,0.000289759086017054,0,0,0,0,0,0,0.000276701715550636
gustavo a madero,emiliano zapata,0,0,0,0,0,0,0,0.000496729861743522,0.00306122448979592,0,0,0,0,0,0.000592932247608507
gustavo a madero,estanzuela,0,0,0,0,0,0,0,0.000372547396307641,0,0,0,0,0,0,0.000355759348565104
gustavo a madero,estrella,0,0,0,0,0,0,0,0.000745094792615283,0.00102040816326531,0,0,0,0,0,0.000751047513637442
gustavo a madero,ex ejido san juan de aragon sector 32,0,0,0,0,0,0,0,8.2788310290587e-05,0,0,0,0,0,0,7.90576330144675e-05
gustavo a madero,ex escuela de tiro,0,0,0,0,0,0,0,0.000206970775726467,0,0,0,0,0,0,0.000197644082536169
gustavo a madero,fernando casas aleman,0,0,0,0,0,0,0,0.000165576620581174,0,0,0,0,0,0,0.000158115266028935
gustavo a madero,ferrocarrilera,0,0,0,0,0,0,0,0.000331153241162348,0,0,0,0,0,0,0.00031623053205787
gustavo a madero,forestal i,0,0,0,0,0,0,0,0.000538124016888815,0,0,0,0,0,0,0.000513874614594039
gustavo a madero,fovissste cuchilla,0,0,0,0,0,0,0,4.13941551452935e-05,0,0,0,0,0,0,3.95288165072338e-05
gustavo a madero,gertrudis sanchez 3a seccion,0,0,0,0,0,0,0,0.000786488947760576,0,0,0,0,0,0,0.000751047513637442
gustavo a madero,guadalupe victoria,0,0,0,0,0,0,0,0.000413941551452935,0,0,0,0,0,0,0.000395288165072338
gustavo a madero,heroe de nacozari,0,0,0,0,0,0,0,0.00012418246543588,0,0,0,0,0,0,0.000118586449521701
gustavo a madero,heroes de cerro prieto,0,0,0,0,0,0,0,0.000289759086017054,0,0,0,0,0,0,0.000276701715550636
gustavo a madero,heroes de chapultepec,0,0,0,0,0,0,0,0.00012418246543588,0,0,0,0,0,0,0.000118586449521701
gustavo a madero,indeco,0,0,0,0,0,0,0,0.00012418246543588,0,0,0,0,0,0,0.000118586449521701
gustavo a madero,juan de dios batiz,0,0,0,0,0,0,0,0.000165576620581174,0.00102040816326531,0,0,0,0,0,0.000197644082536169
gustavo a madero,la cruz,0,0,0,0,0,0,0,0.000538124016888815,0,0,0,0,0,0,0.000513874614594039
gustavo a madero,la esmeralda,0,0,0,0,0,0,0,0.000455335706598228,0.00102040816326531,0,0,0,0,0,0.000474345798086805
gustavo a madero,la esmeralda 1a seccion,0,0,0,0,0,0,0,8.2788310290587e-05,0,0,0,0,0,0,7.90576330144675e-05
gustavo a madero,la forestal 2,0,0,0,0,0,0,0,0.000496729861743522,0,0,0,0,0,0,0.000474345798086805
gustavo a madero,la joyita,0,0,0,0,0,0,0,0.000413941551452935,0,0,0,0,0,0,0.000395288165072338
gustavo a madero,la laguna ticoman,0,0,0,0,0,0,0,0.000538124016888815,0.00102040816326531,0,0,0,0,0,0.000553403431101273
gustavo a madero,la malinche,0,0,0,0,0,0,0,0.000413941551452935,0,0,0,0,0,0,0.000395288165072338
gustavo a madero,la pradera i,0,0,0,0,0,0,0,8.2788310290587e-05,0,0.0101010101010101,0,0,0,0,0.000118586449521701
gustavo a madero,la pradera ii,0,0,0,0,0,0,0,8.2788310290587e-05,0,0,0,0,0,0,7.90576330144675e-05
gustavo a madero,loma la palma,0,0,0,0,0,0,0,0.00082788310290587,0,0,0,0,0,0,0.000790576330144676
gustavo a madero,lomas de cuautepec,0,0,0,0,0,0,0,0.000662306482324696,0.00102040816326531,0,0,0,0,0,0.000671989880622974
gustavo a madero,lomas de san juan ixhuatepec 2a seccion,0,0,0,0,0,0,0,4.13941551452935e-05,0,0,0,0,0,0,3.95288165072338e-05
gustavo a madero,luis donaldo colosio,0,0,0,0,0,0,0,0.000206970775726467,0,0,0.0181818181818182,0,0,0,0.000237172899043403
gustavo a madero,malacates,0,0,0,0,0,0,0,0.00144879543008527,0,0,0,0,0,0,0.00138350857775318
gustavo a madero,malvinas mexicanas,0,0,0,0,0,0,0,4.13941551452935e-05,0,0,0,0,0,0,3.95288165072338e-05
gustavo a madero,maximino avila camacho,0,0,0,0,0,0,0,0.000165576620581174,0,0,0,0,0,0,0.000158115266028935
gustavo a madero,narciso bassols,0,0,0,0,0,0,0,0.000413941551452935,0.00102040816326531,0,0,0,0,0,0.000434816981579572
gustavo a madero,nueva tenochtitlan,0,0,0,0,0,0,0,0.0012418246543588,0,0,0,0,0,0,0.00118586449521701
gustavo a madero,panamericana,0,0,0,0,0,0,0,8.2788310290587e-05,0,0,0,0,0,0,7.90576330144675e-05
gustavo a madero,residencial acueducto de guadalupe,0,0,0,0,0,0,0,0.000662306482324696,0,0,0,0,0,0,0.00063246106411574
gustavo a madero,residencial la escalera,0,0,0,0,0,0,0,0.000206970775726467,0.00102040816326531,0,0,0,0,0,0.000237172899043403
gustavo a madero,rio de guadalupe fovissste,0,0,0,0,0,0,0,4.13941551452935e-05,0,0,0,0,0,0,3.95288165072338e-05
gustavo a madero,rosas del tepeyac,0,0,0,0,0,0,0,0.00012418246543588,0,0,0,0,0,0,0.000118586449521701
gustavo a madero,san antonio,0,0,0,0,0,0,0,0.000206970775726467,0,0,0,0,0,0,0.000197644082536169
gustavo a madero,san jose de la escalera,0,0,0,0,0,0,0,0.000248364930871761,0,0,0,0,0,0,0.000237172899043403
gustavo a madero,san jose ticoman,0,0,0,0,0,0,0,0.000372547396307641,0,0.0101010101010101,0,0,0,0,0.000395288165072338
gustavo a madero,san juan de aragon iii seccion,0,0,0,0,0,0,0,0.0012418246543588,0,0,0,0,0,0,0.00118586449521701
gustavo a madero,san miguel,0,0,0,0,0,0,0,4.13941551452935e-05,0,0,0,0,0,0,3.95288165072338e-05
gustavo a madero,san miguel 2 seccion,0,0,0,0,0,0,0,4.13941551452935e-05,0,0,0,0,0,0,3.95288165072338e-05
gustavo a madero,san rafael ticoman,0,0,0,0,0,0,0,0.000372547396307641,0,0,0,0,0,0,0.000355759348565104
gustavo a madero,santa rosa,0,0,0,0,0,0,0,0.00111764218892292,0,0,0,0,0,0,0.00106727804569531
gustavo a madero,siete maravillas,0,0,0,0,0,0,0,0.00012418246543588,0,0,0,0,0,0,0.000118586449521701
gustavo a madero,solidaridad nacional,0,0,0,0,0,0,0,0.000579518172034109,0,0,0,0,0,0,0.000553403431101273
gustavo a madero,tlacaelel 2,0,0,0,0,0,0,0,8.2788310290587e-05,0,0,0,0,0,0,7.90576330144675e-05
gustavo a madero,tlacamaca,0,0,0,0,0,0,0,0.000165576620581174,0,0,0,0,0,0,0.000158115266028935
gustavo a madero,torres de san juan,0,0,0,0,0,0,0,8.2788310290587e-05,0,0,0,0,0,0,7.90576330144675e-05
gustavo a madero,torres lindavista,0,0,0,0,0,0,0,0.000165576620581174,0,0,0,0,0,0,0.000158115266028935
gustavo a madero,unidad profesional adolfo lopez mateos,0,0,0,0,0,0,0,0.00012418246543588,0,0,0,0,0,0,0.000118586449521701
gustavo a madero,valle de madero,0,0,0,0,0,0,0,0.000662306482324696,0.00204081632653061,0,0,0,0,0,0.000711518697130208
gustavo a madero,valle del tepeyac,0,0,0,0,0,0,0,0.000248364930871761,0,0,0,0,0,0,0.000237172899043403
gustavo a madero,veronica castro,0,0,0,0,0,0,0,0.000165576620581174,0,0,0,0,0,0,0.000158115266028935
gustavo a madero,villa de aragon,0,0,0,0,0,0,0,0.000455335706598228,0,0,0,0,0,0,0.000434816981579572
gustavo a madero,villa esmeralda,0,0,0,0,0,0,0,4.13941551452935e-05,0,0,0,0,0,0,3.95288165072338e-05
gustavo a madero,villa hermosa,0,0,0,0,0,0,0,0.00012418246543588,0.00102040816326531,0,0,0,0,0,0.000158115266028935
iztacalco,asturias,0,0,0,0,0,0,0,4.13941551452935e-05,0,0,0,0,0,0,3.95288165072338e-05
iztacalco,cuchilla agricola oriental,0,0,0,0,0,0,0,0.000331153241162348,0,0,0,0,0,0,0.00031623053205787
iztacalco,el rodeo,0,0,0,0,0,0,0,0.000662306482324696,0,0,0,0,0,0,0.00063246106411574
iztacalco,fraccionamiento coyuya,0,0,0,0,0,0,0,0.00012418246543588,0,0,0,0,0,0,0.000118586449521701
iztacalco,inpi picos,0,0,0,0,0,0,0,0.000455335706598228,0,0,0,0,0,0,0.000434816981579572
iztacalco,martires de tlatelolco,0,0,0,0,0,0,0,8.2788310290587e-05,0,0,0,0,0,0,7.90576330144675e-05
iztacalco,mosco chinampa,0,0,0,0,0,0,0,0.000248364930871761,0,0,0,0,0,0,0.000237172899043403
iztacalco,nativitas,0,0,0,0,0,0,0,4.13941551452935e-05,0,0,0,0,0,0,3.95288165072338e-05
iztacalco,nueva santa anita,0,0,0,0,0,0,0,0.000331153241162348,0.00102040816326531,0,0,0,0,0,0.000355759348565104
iztacalco,reforma iztaccihuatl sur,0,0,0,0,0,0,0,0.000165576620581174,0,0,0,0,0,0,0.000158115266028935
iztacalco,san francisco xicaltongo,0,0,0,0,0,0,0,0.000372547396307641,0.00102040816326531,0,0,0,0,0,0.000395288165072338
iztacalco,santa cruz,0,0,0,0,0,0,0,0.00012418246543588,0,0,0,0,0,0,0.000118586449521701
iztacalco,tlazintla,0,0,0,0,0,0,0,0.000248364930871761,0,0,0,0,0,0,0.000237172899043403
iztapalapa,12 de diciembre,0,0,0,0,0,0,0,0.00012418246543588,0.00306122448979592,0,0,0,0,0,0.000237172899043403
iztapalapa,2da ampliacion barrio san miguel (san felipe terre,0,0,0,0,0,0,0,0.000206970775726467,0.00102040816326531,0,0,0,0,0,0.000237172899043403
iztapalapa,albarrada,0,0,0,0,0,0,0,0.000289759086017054,0,0,0,0,0,0,0.000276701715550636
iztapalapa,albarrada i,0,0,0,0,0,0,0,4.13941551452935e-05,0,0,0,0,0,0,3.95288165072338e-05
iztapalapa,amanecer bellavista,0,0,0,0,0,0,0,0.00012418246543588,0,0,0,0,0,0,0.000118586449521701
iztapalapa,ampliacion el santuario,0,0,0,0,0,0,0,0.000206970775726467,0,0,0,0,0,0,0.000197644082536169
iztapalapa,ampliacion emiliano zapata,0,0,0,0,0,0,0,0.00082788310290587,0.00102040816326531,0,0,0,0,0,0.000830105146651909
iztapalapa,ampliacion ricardo flores magon,0,0,0,0,0,0,0,4.13941551452935e-05,0,0,0,0,0,0,3.95288165072338e-05
iztapalapa,ampliacion san miguel,0,0,0,0,0,0,0,8.2788310290587e-05,0,0,0,0,0,0,7.90576330144675e-05
iztapalapa,ampliacion san miguel 8va,0,0,0,0,0,0,0,0.000289759086017054,0.00306122448979592,0,0,0,0,0,0.000395288165072338
iztapalapa,ampliacion sifon,0,0,0,0,0,0,0,4.13941551452935e-05,0,0,0,0,0,0,3.95288165072338e-05
iztapalapa,ampliacion zona urbana ejidal santa maria aztahuac,0,0,0,0,0,0,0,0.000579518172034109,0,0,0,0,0,0,0.000553403431101273
iztapalapa,banjidal,0,0,0,0,0,0,0,8.2788310290587e-05,0.00102040816326531,0,0,0,0,0,0.000118586449521701
iztapalapa,barrio tula,0,0,0,0,0,0,0,0.000248364930871761,0.00102040816326531,0,0,0,0,0,0.000276701715550636
iztapalapa,benito juarez,0,0,0,0,0,0,0,8.2788310290587e-05,0,0,0,0,0,0,7.90576330144675e-05
iztapalapa,cabeza de juarez ii,0,0,0,0,0,0,0,4.13941551452935e-05,0,0,0,0,0,0,3.95288165072338e-05
iztapalapa,cabeza de juarez iii,0,0,0,0,0,0,0,0.000289759086017054,0.00102040816326531,0,0,0,0,0,0.00031623053205787
iztapalapa,cabeza de juarez ix,0,0,0,0,0,0,0,0.000289759086017054,0,0,0,0,0,0,0.000276701715550636
iztapalapa,cabeza de juarez vii,0,0,0,0,0,0,0,0.00012418246543588,0.00102040816326531,0,0,0,0,0,0.000158115266028935
iztapalapa,cabeza de juarez x,0,0,0,0,0,0,0,0.00012418246543588,0.00204081632653061,0,0,0,0,0,0.000197644082536169
iztapalapa,casa blanca,0,0,0,0,0,0,0,0.000455335706598228,0,0,0,0,0,0,0.000434816981579572
iztapalapa,cerro de la estrella,0,0,0,0,0,0,0,0.000993459723487044,0.00306122448979592,0,0,0,0,0,0.00106727804569531
iztapalapa,citlalli,0,0,0,0,0,0,0,0.000538124016888815,0.00102040816326531,0,0,0,0,0,0.000553403431101273
iztapalapa,colonial iztapalapa,0,0,0,0,0,0,0,0.00012418246543588,0,0,0,0,0,0,0.000118586449521701
iztapalapa,cooperativa biatlon,0,0,0,0,0,0,0,4.13941551452935e-05,0,0,0,0,0,0,3.95288165072338e-05
iztapalapa,dr alfonso ortiz tirado,0,0,0,0,0,0,0,0.000248364930871761,0,0,0,0,0,0,0.000237172899043403
iztapalapa,ejercito de agua prieta,0,0,0,0,0,0,0,0.00120043049921351,0.00102040816326531,0.0101010101010101,0,0,0,0,0.00122539331172425
iztapalapa,el eden,0,0,0,0,0,0,0,0.00012418246543588,0,0,0,0,0,0,0.000118586449521701
iztapalapa,el gavilan,0,0,0,0,0,0,0,0.000206970775726467,0,0,0,0,0,0,0.000197644082536169
iztapalapa,el mirador,0,0,0,0,0,0,0,8.2788310290587e-05,0,0,0,0,0,0,7.90576330144675e-05
iztapalapa,el molino tezonco,0,0,0,0,0,0,0,0.000372547396307641,0,0,0.0181818181818182,0,0,0,0.000395288165072338
iztapalapa,el prado,0,0,0,0,0,0,0,4.13941551452935e-05,0,0,0,0,0,0,3.95288165072338e-05
iztapalapa,el rodeo,0,0,0,0,0,0,0,0.000206970775726467,0,0,0,0,0,0,0.000197644082536169
iztapalapa,el triangulo,0,0,0,0,0,0,0,0.00012418246543588,0,0,0,0,0,0,0.000118586449521701
iztapalapa,el vergel,0,0,0,0,0,0,0,0.000620912327179402,0.00102040816326531,0,0,0,0,0,0.00063246106411574
iztapalapa,estado de anahuac,0,0,0,0,0,0,0,4.13941551452935e-05,0,0,0,0,0,0,3.95288165072338e-05
iztapalapa,estrella culhuacan,0,0,0,0,0,0,0,0.000206970775726467,0,0,0,0,0,0,0.000197644082536169
iztapalapa,eva samano de lopez mateos,0,0,0,0,0,0,0,0.000165576620581174,0,0,0,0,0,0,0.000158115266028935
iztapalapa,francisco villa,0,0,0,0,0,0,0,0.000786488947760576,0.00102040816326531,0,0,0,0,0,0.000790576330144676
iztapalapa,fuego nuevo,0,0,0,0,0,0,0,0.000786488947760576,0.00102040816326531,0,0,0,0,0,0.000790576330144676
iztapalapa,fuentes de zaragoza,0,0,0,0,0,0,0,4.13941551452935e-05,0,0,0,0,0,0,3.95288165072338e-05
iztapalapa,gavilan i ii iii y iv,0,0,0,0,0,0,0,4.13941551452935e-05,0,0,0,0,0,0,3.95288165072338e-05
iztapalapa,granjas esmeralda,0,0,0,0,0,0,0,0.000538124016888815,0,0,0,0,0,0,0.000513874614594039
iztapalapa,granjas estrella,0,0,0,0,0,0,0,0.000248364930871761,0,0,0,0,0,0,0.000237172899043403
iztapalapa,ignacio zaragoza,0,0,0,0,0,0,0,4.13941551452935e-05,0.00102040816326531,0,0,0,0,0,7.90576330144675e-05
iztapalapa,infonavit iztacalco,0,0,0,0,0,0,0,4.13941551452935e-05,0,0,0,0,0,0,3.95288165072338e-05
iztapalapa,jardines de churubusco,0,0,0,0,0,0,0,0,0.00102040816326531,0,0,0,0,0,3.95288165072338e-05
iztapalapa,jose maria morelos y pavon,0,0,0,0,0,0,0,0.000165576620581174,0,0,0,0,0,0,0.000158115266028935
iztapalapa,la colmena,0,0,0,0,0,0,0,0.000289759086017054,0,0,0,0,0,0,0.000276701715550636
iztapalapa,la esperanza,0,0,0,0,0,0,0,0.000372547396307641,0,0,0,0,0,0,0.000355759348565104
iztapalapa,la polvorilla,0,0,0,0,0,0,0,0.000869277258051163,0.00204081632653061,0,0,0,0,0,0.000909162779666377
iztapalapa,la valenciana,0,0,0,0,0,0,0,4.13941551452935e-05,0,0,0,0,0,0,3.95288165072338e-05
iztapalapa,la viga,0,0,0,0,0,0,0,4.13941551452935e-05,0,0,0,0,0,0,3.95288165072338e-05
iztapalapa,las americas,0,0,0,0,0,0,0,0.000206970775726467,0,0,0,0,0,0,0.000197644082536169
iztapalapa,las penas,0,0,0,0,0,0,0,0.00095206556834175,0.00102040816326531,0,0,0,0,0,0.000948691596173611
iztapalapa,leyes de reforma 2a seccion,0,0,0,0,0,0,0,0.000413941551452935,0,0,0,0,0,0,0.000395288165072338
iztapalapa,lomas de santa cruz,0,0,0,0,0,0,0,0.000413941551452935,0,0,0,0,0,0,0.000395288165072338
iztapalapa,lomas el manto,0,0,0,0,0,0,0,8.2788310290587e-05,0,0,0,0,0,0,7.90576330144675e-05
iztapalapa,lomas estrella,0,0,0,0,0,0,0,8.2788310290587e-05,0,0,0,0,0,0,7.90576330144675e-05
iztapalapa,lomas estrella 1a seccion,0,0,0,0,0,0,0,0.000248364930871761,0,0,0,0,0,0,0.000237172899043403
iztapalapa,los picos vi-b,0,0,0,0,0,0,0,0.000455335706598228,0.00204081632653061,0,0,0,0,0,0.000513874614594039
iztapalapa,magdalena atlazolpa,0,0,0,0,0,0,0,0.000455335706598228,0,0,0,0,0,0,0.000434816981579572
iztapalapa,margarita maza de juarez,0,0,0,0,0,0,0,4.13941551452935e-05,0,0,0,0,0,0,3.95288165072338e-05
iztapalapa,mexicaltzingo,0,0,0,0,0,0,0,0.000331153241162348,0,0,0,0,0,0,0.00031623053205787
iztapalapa,militar sedena,0,0,0,0,0,0,0,8.2788310290587e-05,0,0,0,0,0,0,7.90576330144675e-05
iztapalapa,minerva,0,0,0,0,0,0,0,8.2788310290587e-05,0,0,0,0,0,0,7.90576330144675e-05
iztapalapa,monte alban,0,0,0,0,0,0,0,8.2788310290587e-05,0,0,0,0,0,0,7.90576330144675e-05
iztapalapa,norma fovissste,0,0,0,0,0,0,0,4.13941551452935e-05,0,0,0,0,0,0,3.95288165072338e-05
iztapalapa,ojito de agua,0,0,0,0,0,0,0,4.13941551452935e-05,0,0,0,0,0,0,3.95288165072338e-05
iztapalapa,paraje san juan,0,0,0,0,0,0,0,0.000993459723487044,0.00102040816326531,0,0,0,0,0,0.000988220412680844
iztapalapa,paraje san juan cerro,0,0,0,0,0,0,0,0.000455335706598228,0,0,0,0,0,0,0.000434816981579572
iztapalapa,parque nacional cerro  de la estrella,0,0,0,0,0,0,0,0.000248364930871761,0,0,0,0,0,0,0.000237172899043403
iztapalapa,parque recreativo santa cruz meyehualco,0,0,0,0,0,0,0,0.000248364930871761,0.00102040816326531,0,0,0,0,0,0.000276701715550636
iztapalapa,plan de iguala,0,0,0,0,0,0,0,4.13941551452935e-05,0,0,0,0,0,0,3.95288165072338e-05
iztapalapa,pri,0,0,0,0,0,0,0,4.13941551452935e-05,0,0,0,0,0,0,3.95288165072338e-05
iztapalapa,progreso del sur,0,0,0,0,0,0,0,0.000413941551452935,0,0,0,0,0,0,0.000395288165072338
iztapalapa,real del moral,0,0,0,0,0,0,0,0.000413941551452935,0,0,0,0,0,0,0.000395288165072338
iztapalapa,reforma educativa,0,0,0,0,0,0,0,4.13941551452935e-05,0,0,0,0,0,0,3.95288165072338e-05
iztapalapa,reforma iztaccihuatl sur,0,0,0,0,0,0,0,8.2788310290587e-05,0,0,0,0,0,0,7.90576330144675e-05
iztapalapa,reforma politica,0,0,0,0,0,0,0,0.00120043049921351,0.00306122448979592,0,0,0,0,0,0.00126492212823148
iztapalapa,ricardo flores magon,0,0,0,0,0,0,0,0.000165576620581174,0,0,0,0,0,0,0.000158115266028935
iztapalapa,san andres tomatlan,0,0,0,0,0,0,0,0.000165576620581174,0.00102040816326531,0,0,0,0,0,0.000197644082536169
iztapalapa,san antonio culhuacan,0,0,0,0,0,0,0,0.000331153241162348,0,0,0,0,0,0,0.00031623053205787
iztapalapa,san ignacio,0,0,0,0,0,0,0,0.00132461296464939,0,0,0,0,0,0,0.00126492212823148
iztapalapa,san jose,0,0,0,0,0,0,0,0.000413941551452935,0,0,0,0,0,0,0.000395288165072338
iztapalapa,san juan joya,0,0,0,0,0,0,0,0.000413941551452935,0,0,0,0,0,0,0.000395288165072338
iztapalapa,san juanico nextipac,0,0,0,0,0,0,0,0.000248364930871761,0,0,0,0,0,0,0.000237172899043403
iztapalapa,san lorenzo,0,0,0,0,0,0,0,0.000455335706598228,0,0,0,0,0,0,0.000434816981579572
iztapalapa,san lorenzo tezonco fovissste,0,0,0,0,0,0,0,0.000165576620581174,0,0,0,0,0,0,0.000158115266028935
iztapalapa,san lorenzo xicotencatl,0,0,0,0,0,0,0,0.000579518172034109,0,0,0,0,0,0,0.000553403431101273
iztapalapa,san lucas,0,0,0,0,0,0,0,0.0012418246543588,0,0,0,0,0,0,0.00118586449521701
iztapalapa,san marcos,0,0,0,0,0,0,0,0,0.00102040816326531,0,0,0,0,0,3.95288165072338e-05
iztapalapa,san pedro,0,0,0,0,0,0,0,0.000248364930871761,0,0,0,0,0,0,0.000237172899043403
iztapalapa,san simon culhuacan,0,0,0,0,0,0,0,0.000165576620581174,0.00102040816326531,0,0,0,0,0,0.000197644082536169
iztapalapa,santa isabel industrial,0,0,0,0,0,0,0,0.000331153241162348,0,0,0,0,0,0,0.00031623053205787
iztapalapa,santa maria del monte,0,0,0,0,0,0,0,4.13941551452935e-05,0,0,0,0,0,0,3.95288165072338e-05
iztapalapa,santa maria tomatlan,0,0,0,0,0,0,0,0.000372547396307641,0,0,0,0,0,0,0.000355759348565104
iztapalapa,sideral,0,0,0,0,0,0,0,0.000331153241162348,0.00102040816326531,0,0,0,0,0,0.000355759348565104
iztapalapa,sierra del valle,0,0,0,0,0,0,0,4.13941551452935e-05,0,0,0,0,0,0,3.95288165072338e-05
iztapalapa,sinatel,0,0,0,0,0,0,0,0.000206970775726467,0,0,0,0,0,0,0.000197644082536169
iztapalapa,siracusa 240,0,0,0,0,0,0,0,4.13941551452935e-05,0,0,0,0,0,0,3.95288165072338e-05
iztapalapa,solidaridad,0,0,0,0,0,0,0,0.000331153241162348,0,0,0,0,0,0,0.00031623053205787
iztapalapa,tulyehualco,0,0,0,0,0,0,0,0.000538124016888815,0.00102040816326531,0,0,0,0,0,0.000553403431101273
iztapalapa,unidad modelo,0,0,0,0,0,0,0,0.000248364930871761,0,0,0,0,0,0,0.000237172899043403
iztapalapa,valle de luces 1a seccion,0,0,0,0,0,0,0,8.2788310290587e-05,0.00102040816326531,0,0,0,0,0,0.000118586449521701
iztapalapa,valle de luces 2a seccion,0,0,0,0,0,0,0,0.000165576620581174,0,0,0,0,0,0,0.000158115266028935
iztapalapa,valle de luces 3a seccion,0,0,0,0,0,0,0,4.13941551452935e-05,0,0,0,0,0,0,3.95288165072338e-05
iztapalapa,xopa,0,0,0,0,0,0,0,4.13941551452935e-05,0,0,0,0,0,0,3.95288165072338e-05
la magdalena contreras,ampliacion lomas de san bernabe,0,0,0,0,0,0,0,0.000538124016888815,0,0,0,0,0,0,0.000513874614594039
la magdalena contreras,ampliacion potrerillo,0,0,0,0,0,0,0,0.000331153241162348,0,0,0,0,0,0,0.00031623053205787
la magdalena contreras,atacaxco,0,0,0,0,0,0,0,0.000331153241162348,0,0,0,0,0,0,0.00031623053205787
la magdalena contreras,barrio san francisco,0,0,0,0,0,0,0,0.000579518172034109,0,0,0,0,0,0,0.000553403431101273
la magdalena contreras,el toro,0,0,0,0,0,0,0,0.000372547396307641,0,0,0,0,0,0,0.000355759348565104
la magdalena contreras,heroes de padierna,0,0,0,0,0,0,0,0.000289759086017054,0.00102040816326531,0,0,0,0,0,0.00031623053205787
la magdalena contreras,independencia batan norte,0,0,0,0,0,0,0,0.000289759086017054,0,0,0,0,0,0,0.000276701715550636
la magdalena contreras,independencia batan sur,0,0,0,0,0,0,0,0.000165576620581174,0,0,0,0,0,0,0.000158115266028935
la magdalena contreras,la carbonera,0,0,0,0,0,0,0,0.000910671413196457,0.00204081632653061,0,0,0,0,0,0.000948691596173611
la magdalena contreras,la guadalupe,0,0,0,0,0,0,0,0.000206970775726467,0,0,0,0,0,0,0.000197644082536169
la magdalena contreras,las huertas,0,0,0,0,0,0,0,8.2788310290587e-05,0,0,0,0,0,0,7.90576330144675e-05
la magdalena contreras,los padres,0,0,0,0,0,0,0,0.000413941551452935,0.00204081632653061,0.0101010101010101,0,0,0,0,0.000513874614594039
la magdalena contreras,palmas,0,0,0,0,0,0,0,0.000165576620581174,0,0,0,0,0,0,0.000158115266028935
la magdalena contreras,plazuela del pedregal,0,0,0,0,0,0,0,4.13941551452935e-05,0,0,0,0,0,0,3.95288165072338e-05
la magdalena contreras,potrerillo,0,0,0,0,0,0,0,0.000248364930871761,0,0,0,0,0,0,0.000237172899043403
la magdalena contreras,puente sierra,0,0,0,0,0,0,0,4.13941551452935e-05,0,0,0,0,0,0,3.95288165072338e-05
la magdalena contreras,san bartolo ameyalco,0,0,0,0,0,0,0,0.000579518172034109,0,0,0,0,0,0,0.000553403431101273
la magdalena contreras,tierra colorada,0,0,0,0,0,0,0,0.000331153241162348,0.00102040816326531,0,0.0181818181818182,0,0,0,0.000395288165072338
la magdalena contreras,tierra unida,0,0,0,0,0,0,0,0.000206970775726467,0,0,0,0,0,0,0.000197644082536169
la magdalena contreras,vista hermosa,0,0,0,0,0,0,0,8.2788310290587e-05,0,0,0,0,0,0,7.90576330144675e-05
miguel hidalgo,10 de abril,0,0,0,0,0,0,0,0.00012418246543588,0,0,0,0,0,0,0.000118586449521701
miguel hidalgo,16 de septiembre,0,0,0,0,0,0,0,0.000248364930871761,0.00102040816326531,0,0,0,0,0,0.000276701715550636
miguel hidalgo,agricultura,0,0,0,0,0,0,0,0.000372547396307641,0,0,0,0,0,0,0.000355759348565104
miguel hidalgo,ahuehuetes anahuac,0,0,0,0,0,0,0,0.000289759086017054,0,0,0,0,0,0,0.000276701715550636
miguel hidalgo,america,0,0,0,0,0,0,0,0.000620912327179402,0,0,0,0,0,0,0.000592932247608507
miguel hidalgo,ampliacion torre blanca,0,0,0,0,0,0,0,0.000248364930871761,0.00102040816326531,0,0,0,0,0,0.000276701715550636
miguel hidalgo,angel zimbron,0,0,0,0,0,0,0,8.2788310290587e-05,0,0,0,0,0,0,7.90576330144675e-05
miguel hidalgo,bosque de chapultepec ii seccion,0,0,0,0,0,0,0,4.13941551452935e-05,0.00102040816326531,0,0,0,0,0,7.90576330144675e-05
miguel hidalgo,bosque de chapultepec iii seccion,0,0,0,0,0,0,0,4.13941551452935e-05,0,0,0,0,0,0,3.95288165072338e-05
miguel hidalgo,cuauhtemoc,0,0,0,0,0,0,0,4.13941551452935e-05,0,0,0,0,0,0,3.95288165072338e-05
miguel hidalgo,deportivo pensil,0,0,0,0,0,0,0,0.000413941551452935,0,0,0,0,0,0,0.000395288165072338
miguel hidalgo,dos lagos,0,0,0,0,0,0,0,0.000165576620581174,0,0,0,0,0,0,0.000158115266028935
miguel hidalgo,francisco i madero,0,0,0,0,0,0,0,0.000165576620581174,0,0,0,0,0,0,0.000158115266028935
miguel hidalgo,hipodromo condesa,0,0,0,0,0,0,0,4.13941551452935e-05,0,0,0,0,0,0,3.95288165072338e-05
miguel hidalgo,huichapan,0,0,0,0,0,0,0,0.000165576620581174,0,0,0,0,0,0,0.000158115266028935
miguel hidalgo,ignacio manuel altamirano,0,0,0,0,0,0,0,0.00012418246543588,0,0,0,0,0,0,0.000118586449521701
miguel hidalgo,lago norte,0,0,0,0,0,0,0,8.2788310290587e-05,0,0,0,0,0,0,7.90576330144675e-05
miguel hidalgo,lago sur,0,0,0,0,0,0,0,0.00012418246543588,0,0,0,0,0,0,0.000118586449521701
miguel hidalgo,lomas altas,0,0,0,0,0,0,0,0.00012418246543588,0,0,0,0,0,0,0.000118586449521701
miguel hidalgo,lomas de sotelo i,0,0,0,0,0,0,0,0,0.00102040816326531,0,0,0,0,0,3.95288165072338e-05
miguel hidalgo,lomas hermosa,0,0,0,0,0,0,0,0.00012418246543588,0.00204081632653061,0,0,0,0,0,0.000197644082536169
miguel hidalgo,los manzanos,0,0,0,0,0,0,0,0.000496729861743522,0,0,0,0,0,0,0.000474345798086805
miguel hidalgo,modelo pensil,0,0,0,0,0,0,0,0.000248364930871761,0.00102040816326531,0,0,0,0,0,0.000276701715550636
miguel hidalgo,molino del rey,0,0,0,0,0,0,0,8.2788310290587e-05,0,0,0,0,0,0,7.90576330144675e-05
miguel hidalgo,nueva santa maria,0,0,0,0,0,0,0,4.13941551452935e-05,0,0,0,0,0,0,3.95288165072338e-05
miguel hidalgo,panteon frances,0,0,0,0,0,0,0,8.2788310290587e-05,0,0,0,0,0,0,7.90576330144675e-05
miguel hidalgo,pensil sur,0,0,0,0,0,0,0,0.000289759086017054,0,0,0,0,0,0,0.000276701715550636
miguel hidalgo,peralitos,0,0,0,0,0,0,0,0.000248364930871761,0,0.0101010101010101,0,0,0,0,0.000276701715550636
miguel hidalgo,periodista,0,0,0,0,0,0,0,0.000206970775726467,0,0,0,0,0,0,0.000197644082536169
miguel hidalgo,plutarco elias calles,0,0,0,0,0,0,0,0.000206970775726467,0.00102040816326531,0,0,0,0,0,0.000237172899043403
miguel hidalgo,popo,0,0,0,0,0,0,0,0.000206970775726467,0.00102040816326531,0,0,0,0,0,0.000237172899043403
miguel hidalgo,real de las lomas,0,0,0,0,0,0,0,4.13941551452935e-05,0,0,0,0,0,0,3.95288165072338e-05
miguel hidalgo,refineria 18 de marzo,0,0,0,0,0,0,0,8.2788310290587e-05,0,0,0,0,0,0,7.90576330144675e-05
miguel hidalgo,rincon del bosque,0,0,0,0,0,0,0,0.00012418246543588,0,0,0,0,0,0,0.000118586449521701
miguel hidalgo,san diego ocoyoacac,0,0,0,0,0,0,0,0.000579518172034109,0,0,0,0,0,0,0.000553403431101273
miguel hidalgo,san joaquin,0,0,0,0,0,0,0,0.000372547396307641,0,0,0,0,0,0,0.000355759348565104
miguel hidalgo,san lorenzo tlaltenango,0,0,0,0,0,0,0,0.00012418246543588,0,0,0,0,0,0,0.000118586449521701
miguel hidalgo,santa cruz acayucan,0,0,0,0,0,0,0,4.13941551452935e-05,0,0,0,0,0,0,3.95288165072338e-05
miguel hidalgo,un hogar para nosotros,0,0,0,0,0,0,0,0.000372547396307641,0,0,0,0,0,0,0.000355759348565104
miguel hidalgo,ventura perez de alva,0,0,0,0,0,0,0,0.000413941551452935,0,0,0,0,0,0,0.000395288165072338
milpa alta,cruztitla (san antonio tecomitl),0,0,0,0,0,0,0,0.00169716036095703,0,0,0,0,0,0,0.00162068147679659
milpa alta,emiliano zapata 1a seccion,0,0,0,0,0,0,0,0.000620912327179402,0.00102040816326531,0,0,0,0,0,0.00063246106411574
milpa alta,emiliano zapata 2a seccion,0,0,0,0,0,0,0,0.00012418246543588,0,0,0,0,0,0,0.000118586449521701
milpa alta,la concepcion (villa milpa alta),0,0,0,0,0,0,0,0.000538124016888815,0.00102040816326531,0,0,0,0,0,0.000553403431101273
milpa alta,la guadalupita,0,0,0,0,0,0,0,0.000165576620581174,0,0,0,0,0,0,0.000158115266028935
milpa alta,la luz (villa milpa alta),0,0,0,0,0,0,0,0.000289759086017054,0.00102040816326531,0,0,0,0,0,0.00031623053205787
milpa alta,los angeles (villa milpa alta),0,0,0,0,0,0,0,0.000206970775726467,0,0,0,0,0,0,0.000197644082536169
milpa alta,malvinas primero,0,0,0,0,0,0,0,0.00012418246543588,0,0,0,0,0,0,0.000118586449521701
milpa alta,ocotitla (san pedro atocpan),0,0,0,0,0,0,0,0.000662306482324696,0,0,0,0,0,0,0.00063246106411574
milpa alta,panchimalco (san pedro atocpan),0,0,0,0,0,0,0,0.000413941551452935,0,0,0,0,0,0,0.000395288165072338
milpa alta,pueblo san antonio tecomitl (las arboledas),0,0,0,0,0,0,0,4.13941551452935e-05,0,0,0,0,0,0,3.95288165072338e-05
milpa alta,pueblo san antonio tecomitl (las joyas),0,0,0,0,0,0,0,4.13941551452935e-05,0,0,0,0,0,0,3.95288165072338e-05
milpa alta,pueblo san antonio tecomitl barrio xochitepec,0,0,0,0,0,0,0,0.000745094792615283,0,0,0,0,0,0,0.000711518697130208
milpa alta,san agustin ohtenco,0,0,0,0,0,0,0,0.000206970775726467,0,0,0,0,0,0,0.000197644082536169
milpa alta,san francisco tecoxpa,0,0,0,0,0,0,0,0.00082788310290587,0.00102040816326531,0,0,0,0,0,0.000830105146651909
milpa alta,san isidro cuatepec,0,0,0,0,0,0,0,8.2788310290587e-05,0,0,0,0,0,0,7.90576330144675e-05
milpa alta,san jose (santa ana tlacotenco),0,0,0,0,0,0,0,0.000413941551452935,0.00102040816326531,0,0,0,0,0,0.000434816981579572
milpa alta,san juan tepenahuac i,0,0,0,0,0,0,0,8.2788310290587e-05,0,0,0,0,0,0,7.90576330144675e-05
milpa alta,san juan tepenahuac ii,0,0,0,0,0,0,0,0.000248364930871761,0.00102040816326531,0,0,0,0,0,0.000276701715550636
milpa alta,san lorenzo tlacoyucan,0,0,0,0,0,0,0,0.000496729861743522,0.00102040816326531,0,0,0,0,0,0.000513874614594039
milpa alta,san marcos (santa ana tlacotenco),0,0,0,0,0,0,0,0.000579518172034109,0,0,0,0,0,0,0.000553403431101273
milpa alta,san mateo (villa milpa alta),0,0,0,0,0,0,0,0.000538124016888815,0,0,0,0,0,0,0.000513874614594039
milpa alta,san miguel (santa ana tlacotenco),0,0,0,0,0,0,0,0.000206970775726467,0,0,0,0,0,0,0.000197644082536169
milpa alta,san nicolas tetelco,0,0,0,0,0,0,0,4.13941551452935e-05,0,0,0,0,0,0,3.95288165072338e-05
milpa alta,san salvador cuauhtenco seccion i,0,0,0,0,0,0,0,0.000496729861743522,0.00204081632653061,0.0101010101010101,0,0,0,0,0.000592932247608507
milpa alta,san salvador cuauhtenco seccion ii,0,0,0,0,0,0,0,0.000496729861743522,0,0,0,0,0,0,0.000474345798086805
milpa alta,santa cruz (villa milpa alta),0,0,0,0,0,0,0,0.000910671413196457,0,0,0,0,0,0,0.000869633963159143
milpa alta,santa martha (villa milpa alta),0,0,0,0,0,0,0,0.000703700637469989,0,0,0,0,0,0,0.000671989880622974
milpa alta,tecaxtitla (san antonio tecomitl),0,0,0,0,0,0,0,0.000331153241162348,0.00102040816326531,0,0,0,0,0,0.000355759348565104
milpa alta,tecoloxtitla,0,0,0,0,0,0,0,8.2788310290587e-05,0,0,0,0,0,0,7.90576330144675e-05
milpa alta,tula (san pedro atocpan),0,0,0,0,0,0,0,0.000331153241162348,0,0,0,0,0,0,0.00031623053205787
milpa alta,villa milpa alta centro,0,0,0,0,0,0,0,0.000413941551452935,0,0,0,0,0,0,0.000395288165072338
tlahuac,3 de mayo,0,0,0,0,0,0,0,4.13941551452935e-05,0,0,0,0,0,0,3.95288165072338e-05
tlahuac,ampliacion santa catarina,0,0,0,0,0,0,0,0.000165576620581174,0,0,0.0181818181818182,0,0,0,0.000197644082536169
tlahuac,barrio san agustin,0,0,0,0,0,0,0,0.000248364930871761,0,0,0,0,0,0,0.000237172899043403
tlahuac,barrio san miguel,0,0,0,0,0,0,0,0.000372547396307641,0,0,0,0,0,0,0.000355759348565104
tlahuac,barrio santiago,0,0,0,0,0,0,0,4.13941551452935e-05,0,0,0,0,0,0,3.95288165072338e-05
tlahuac,conchita b,0,0,0,0,0,0,0,0.00132461296464939,0.00102040816326531,0,0,0,0,0,0.00130445094473871
tlahuac,el rosario,0,0,0,0,0,0,0,0.000165576620581174,0.00102040816326531,0,0,0,0,0,0.000197644082536169
tlahuac,el triangulo,0,0,0,0,0,0,0,0.000206970775726467,0,0,0,0,0,0,0.000197644082536169
tlahuac,francisco villa,0,0,0,0,0,0,0,0.000165576620581174,0,0,0,0,0,0,0.000158115266028935
tlahuac,granjas cabrera,0,0,0,0,0,0,0,0.000206970775726467,0,0,0,0,0,0,0.000197644082536169
tlahuac,guadalupe tlaltenco,0,0,0,0,0,0,0,0.000910671413196457,0,0,0,0,0,0,0.000869633963159143
tlahuac,jardines del llano,0,0,0,0,0,0,0,0.000538124016888815,0,0,0,0,0,0,0.000513874614594039
tlahuac,la asuncion,0,0,0,0,0,0,0,8.2788310290587e-05,0,0,0,0,0,0,7.90576330144675e-05
tlahuac,la asuncion - barrio,0,0,0,0,0,0,0,0.000289759086017054,0.00102040816326531,0,0,0,0,0,0.00031623053205787
tlahuac,la cienega,0,0,0,0,0,0,0,4.13941551452935e-05,0.00102040816326531,0,0,0,0,0,7.90576330144675e-05
tlahuac,la conchita zapotitlan,0,0,0,0,0,0,0,8.2788310290587e-05,0,0,0,0,0,0,7.90576330144675e-05
tlahuac,la habana,0,0,0,0,0,0,0,0.000538124016888815,0.00102040816326531,0.0101010101010101,0,0,0,0,0.000592932247608507
tlahuac,la lupita,0,0,0,0,0,0,0,0.00012418246543588,0,0,0,0,0,0,0.000118586449521701
tlahuac,la soledad,0,0,0,0,0,0,0,4.13941551452935e-05,0,0,0,0,0,0,3.95288165072338e-05
tlahuac,la turba,0,0,0,0,0,0,0,0.000538124016888815,0,0,0,0,0,0,0.000513874614594039
tlahuac,las puertas - barrio,0,0,0,0,0,0,0,0.00012418246543588,0,0,0,0,0,0,0.000118586449521701
tlahuac,lomas de san lorenzo,0,0,0,0,0,0,0,0.000248364930871761,0,0,0,0,0,0,0.000237172899043403
tlahuac,los olivos,0,0,0,0,0,0,0,0.000993459723487044,0,0,0,0,0,0,0.000948691596173611
tlahuac,los reyes (del pueblo de san andres mixquic),0,0,0,0,0,0,0,0.00082788310290587,0.00102040816326531,0,0,0,0,0,0.000830105146651909
tlahuac,manuel gutierrez najera,0,0,0,0,0,0,0,4.13941551452935e-05,0.00102040816326531,0,0,0,0,0,7.90576330144675e-05
tlahuac,nueva tenochtitlan,0,0,0,0,0,0,0,8.2788310290587e-05,0,0,0,0,0,0,7.90576330144675e-05
tlahuac,ojo de agua,0,0,0,0,0,0,0,0.000455335706598228,0.00102040816326531,0,0,0.166666666666667,0,0,0.000513874614594039
tlahuac,paraiso santa catarina,0,0,0,0,0,0,0,8.2788310290587e-05,0,0,0,0,0,0,7.90576330144675e-05
tlahuac,san agustin,0,0,0,0,0,0,0,0.000248364930871761,0,0,0,0,0,0,0.000237172899043403
tlahuac,san bartolome (del pueblo de san andres mixquic),0,0,0,0,0,0,0,0.000331153241162348,0,0,0,0,0,0,0.00031623053205787
tlahuac,san isidro tulyehualco,0,0,0,0,0,0,0,0.000248364930871761,0,0,0.0181818181818182,0,0,0,0.000276701715550636
tlahuac,san juan,0,0,0,0,0,0,0,4.13941551452935e-05,0,0,0,0,0,0,3.95288165072338e-05
tlahuac,san mateo,0,0,0,0,0,0,0,0.000745094792615283,0,0,0,0,0,0,0.000711518697130208
tlahuac,san miguel,0,0,0,0,0,0,0,4.13941551452935e-05,0.00204081632653061,0,0,0,0,0,0.000118586449521701
tlahuac,santa ana,0,0,0,0,0,0,0,0.000248364930871761,0.00102040816326531,0,0,0,0,0,0.000276701715550636
tlahuac,santa ana centro,0,0,0,0,0,0,0,0.000248364930871761,0.00102040816326531,0,0,0,0,0,0.000276701715550636
tlahuac,santa ana norte,0,0,0,0,0,0,0,0.000910671413196457,0,0,0,0,0,0,0.000869633963159143
tlahuac,santa maria de los olivos - barrio,0,0,0,0,0,0,0,0.000413941551452935,0.00102040816326531,0,0,0,0,0,0.000434816981579572
tlahuac,santiago,0,0,0,0,0,0,0,0.000289759086017054,0.00204081632653061,0,0,0,0,0,0.000355759348565104
tlahuac,santiago norte,0,0,0,0,0,0,0,0.000289759086017054,0.00204081632653061,0,0,0,0,0,0.000355759348565104
tlahuac,santiago sur,0,0,0,0,0,0,0,0.000869277258051163,0.00102040816326531,0,0,0,0,0,0.000869633963159143
tlahuac,selene,0,0,0,0,0,0,0,0.000538124016888815,0,0,0,0,0,0,0.000513874614594039
tlahuac,tecaxtitla (san antonio tecomitl),0,0,0,0,0,0,0,4.13941551452935e-05,0,0,0,0,0,0,3.95288165072338e-05
tlahuac,tempiluli,0,0,0,0,0,0,0,0,0.00102040816326531,0,0,0,0,0,3.95288165072338e-05
tlahuac,tepantitlamilco,0,0,0,0,0,0,0,4.13941551452935e-05,0,0,0,0,0,0,3.95288165072338e-05
tlahuac,tierra blanca,0,0,0,0,0,0,0,0.000331153241162348,0.00102040816326531,0,0,0,0,0,0.000355759348565104
tlahuac,zacatenco,0,0,0,0,0,0,0,0.000165576620581174,0,0,0,0,0,0,0.000158115266028935
tlahuac,zapotitla,0,0,0,0,0,0,0,4.13941551452935e-05,0.00102040816326531,0,0,0,0,0,7.90576330144675e-05
tlahuac,zona de reserva ecologica,0,0,0,0,0,0,0,4.13941551452935e-05,0,0,0,0,0,0,3.95288165072338e-05
tlalpan,3 fuentes,0,0,0,0,0,0,0,8.2788310290587e-05,0,0,0,0,0,0,7.90576330144675e-05
tlalpan,ahuacatitla,0,0,0,0,0,0,0,4.13941551452935e-05,0,0,0,0,0,0,3.95288165072338e-05
tlalpan,amsa,0,0,0,0,0,0,0,0.000165576620581174,0,0,0,0,0,0,0.000158115266028935
tlalpan,arenal tepepan,0,0,0,0,0,0,0,0.000206970775726467,0.00102040816326531,0,0,0,0,0,0.000237172899043403
tlalpan,barrio de caramaguey,0,0,0,0,0,0,0,0.000165576620581174,0,0,0,0,0,0,0.000158115266028935
tlalpan,barrio del nino jesus,0,0,0,0,0,0,0,0.000206970775726467,0,0,0,0,0,0,0.000197644082536169
tlalpan,barrio el capulin,0,0,0,0,0,0,0,4.13941551452935e-05,0,0,0,0,0,0,3.95288165072338e-05
tlalpan,barrio la fama,0,0,0,0,0,0,0,8.2788310290587e-05,0,0,0,0,0,0,7.90576330144675e-05
tlalpan,barrio la lonja,0,0,0,0,0,0,0,4.13941551452935e-05,0,0,0,0,0,0,3.95288165072338e-05
tlalpan,barrio san fernando,0,0,0,0,0,0,0,8.2788310290587e-05,0,0,0,0,0,0,7.90576330144675e-05
tlalpan,belisario dominguez,0,0,0,0,0,0,0,8.2788310290587e-05,0.00204081632653061,0,0,0,0,0,0.000158115266028935
tlalpan,camisetas - barrio,0,0,0,0,0,0,0,4.13941551452935e-05,0.00102040816326531,0,0,0,0,0,7.90576330144675e-05
tlalpan,cantera puente de piedra,0,0,0,0,0,0,0,0.000455335706598228,0.00102040816326531,0,0,0,0,0,0.000474345798086805
tlalpan,chichicaspatl,0,0,0,0,0,0,0,0.000165576620581174,0,0,0,0,0,0,0.000158115266028935
tlalpan,chimalli,0,0,0,0,0,0,0,8.2788310290587e-05,0,0,0,0,0,0,7.90576330144675e-05
tlalpan,chimilli,0,0,0,0,0,0,0,0.000289759086017054,0,0,0,0,0,0,0.000276701715550636
tlalpan,colegio mexico,0,0,0,0,0,0,0,4.13941551452935e-05,0,0,0,0,0,0,3.95288165072338e-05
tlalpan,colinas del bosque,0,0,0,0,0,0,0,0.00012418246543588,0.00102040816326531,0,0,0,0,0,0.000158115266028935
tlalpan,comuneros de santa ursula,0,0,0,0,0,0,0,0.00012418246543588,0,0,0,0,0,0,0.000118586449521701
tlalpan,corrales,0,0,0,0,0,0,0,4.13941551452935e-05,0,0,0,0,0,0,3.95288165072338e-05
tlalpan,cruz del farol,0,0,0,0,0,0,0,4.13941551452935e-05,0.00102040816326531,0,0,0,0,0,7.90576330144675e-05
tlalpan,cultura maya,0,0,0,0,0,0,0,0.000496729861743522,0,0,0,0,0,0,0.000474345798086805
tlalpan,de san juan tlalpan,0,0,0,0,0,0,0,4.13941551452935e-05,0,0,0,0,0,0,3.95288165072338e-05
tlalpan,el mirador 1a seccion,0,0,0,0,0,0,0,0.00012418246543588,0,0,0,0,0,0,0.000118586449521701
tlalpan,el mirador 2a seccion,0,0,0,0,0,0,0,8.2788310290587e-05,0,0,0,0,0,0,7.90576330144675e-05
tlalpan,emilio portes gil,0,0,0,0,0,0,0,0.00012418246543588,0,0,0,0,0,0,0.000118586449521701
tlalpan,equipamiento fabrica fisisa,0,0,0,0,0,0,0,4.13941551452935e-05,0,0,0,0,0,0,3.95288165072338e-05
tlalpan,equipamiento fabrica fisisa i,0,0,0,0,0,0,0,0.000248364930871761,0,0,0,0,0,0,0.000237172899043403
tlalpan,equipamiento preparatoria num 5,0,0,0,0,0,0,0,8.2788310290587e-05,0,0,0,0,0,0,7.90576330144675e-05
tlalpan,ex hacienda san juan de dios,0,0,0,0,0,0,0,0.000496729861743522,0.00102040816326531,0,0,0,0,0,0.000513874614594039
tlalpan,glorieta de vaqueritos,0,0,0,0,0,0,0,4.13941551452935e-05,0,0,0,0,0,0,3.95288165072338e-05
tlalpan,guadalupe,0,0,0,0,0,0,0,4.13941551452935e-05,0,0,0,0,0,0,3.95288165072338e-05
tlalpan,guadalupe tlalpan,0,0,0,0,0,0,0,0.000165576620581174,0,0,0,0,0,0,0.000158115266028935
tlalpan,hacienda san juan,0,0,0,0,0,0,0,8.2788310290587e-05,0,0,0,0,0,0,7.90576330144675e-05
tlalpan,haciendas de coyoacan,0,0,0,0,0,0,0,4.13941551452935e-05,0,0,0,0,0,0,3.95288165072338e-05
tlalpan,isidro fabela seccion cantil,0,0,0,0,0,0,0,4.13941551452935e-05,0,0,0,0,0,0,3.95288165072338e-05
tlalpan,issfam,0,0,0,0,0,0,0,0.000248364930871761,0,0,0,0,0,0,0.000237172899043403
tlalpan,la guadalupana,0,0,0,0,0,0,0,0.000206970775726467,0,0,0,0,0,0,0.000197644082536169
tlalpan,la joya,0,0,0,0,0,0,0,0.000331153241162348,0,0,0,0,0,0,0.00031623053205787
tlalpan,la magdalena petlacalco,0,0,0,0,0,0,0,0.000620912327179402,0.00204081632653061,0,0,0,0,0,0.000671989880622974
tlalpan,la nopalera,0,0,0,0,0,0,0,0.00012418246543588,0,0,0,0,0,0,0.000118586449521701
tlalpan,la primavera,0,0,0,0,0,0,0,0.000165576620581174,0,0,0,0,0,0,0.000158115266028935
tlalpan,lomas de tepemecatl,0,0,0,0,0,0,0,0.000248364930871761,0,0,0,0,0,0,0.000237172899043403
tlalpan,lomas hidalgo,0,0,0,0,0,0,0,0.000165576620581174,0,0,0,0,0,0,0.000158115266028935
tlalpan,los arcos,0,0,0,0,0,0,0,8.2788310290587e-05,0,0,0,0,0,0,7.90576330144675e-05
tlalpan,los cipreses,0,0,0,0,0,0,0,4.13941551452935e-05,0.00102040816326531,0,0,0,0,0,7.90576330144675e-05
tlalpan,los encinos,0,0,0,0,0,0,0,0.000206970775726467,0.00102040816326531,0,0,0,0,0,0.000237172899043403
tlalpan,magisterial,0,0,0,0,0,0,0,0.000289759086017054,0,0,0,0,0,0,0.000276701715550636
tlalpan,maria esther zuno de echeverria,0,0,0,0,0,0,0,0.000165576620581174,0,0,0,0,0,0,0.000158115266028935
tlalpan,mirador del valle,0,0,0,0,0,0,0,4.13941551452935e-05,0,0,0,0,0,0,3.95288165072338e-05
tlalpan,mirador i,0,0,0,0,0,0,0,0.00012418246543588,0,0.0101010101010101,0,0,0,0,0.000158115266028935
tlalpan,narciso mendoza super manzana 3 villa coapa,0,0,0,0,0,0,0,0.000289759086017054,0,0,0,0,0,0,0.000276701715550636
tlalpan,narciso mendoza super manzana 4 villa coapa,0,0,0,0,0,0,0,0.000206970775726467,0,0,0,0,0,0,0.000197644082536169
tlalpan,narciso mendoza super manzana 5 villa coapa,0,0,0,0,0,0,0,0.000248364930871761,0.00102040816326531,0,0,0,0,0,0.000276701715550636
tlalpan,narciso mendoza super manzana 6 villa coapa,0,0,0,0,0,0,0,0.00012418246543588,0,0,0,0,0,0,0.000118586449521701
tlalpan,nueva oriental coapa,0,0,0,0,0,0,0,0.000248364930871761,0.00102040816326531,0,0,0,0,0,0.000276701715550636
tlalpan,ocotla - ocotla chico,0,0,0,0,0,0,0,4.13941551452935e-05,0,0,0,0,0,0,3.95288165072338e-05
tlalpan,paraje tetenco,0,0,0,0,0,0,0,4.13941551452935e-05,0,0,0,0,0,0,3.95288165072338e-05
tlalpan,parque del pedregal,0,0,0,0,0,0,0,0.000165576620581174,0,0,0,0,0,0,0.000158115266028935
tlalpan,parque nacional bosque del pedregal,0,0,0,0,0,0,0,8.2788310290587e-05,0,0,0,0,0,0,7.90576330144675e-05
tlalpan,parres el guarda,0,0,0,0,0,0,0,0.000289759086017054,0,0,0,0,0,0,0.000276701715550636
tlalpan,pedregal de aminco,0,0,0,0,0,0,0,0.000206970775726467,0,0,0,0,0,0,0.000197644082536169
tlalpan,pedregal de san nicolas 4a seccion,0,0,0,0,0,0,0,0.00082788310290587,0,0,0,0,0,0,0.000790576330144676
tlalpan,pedregal de santa ursula xitla,0,0,0,0,0,0,0,0.000372547396307641,0,0,0,0,0,0,0.000355759348565104
tlalpan,pedregal del lago,0,0,0,0,0,0,0,4.13941551452935e-05,0,0,0,0,0,0,3.95288165072338e-05
tlalpan,pena pobre,0,0,0,0,0,0,0,8.2788310290587e-05,0,0,0,0,0,0,7.90576330144675e-05
tlalpan,plaza coapa,0,0,0,0,0,0,0,0.000248364930871761,0,0,0,0,0,0,0.000237172899043403
tlalpan,popular santa teresa,0,0,0,0,0,0,0,0.000869277258051163,0,0,0,0,0,0,0.000830105146651909
tlalpan,prado coapa 1a seccion,0,0,0,0,0,0,0,8.2788310290587e-05,0,0,0,0,0,0,7.90576330144675e-05
tlalpan,prado coapa 3a seccion,0,0,0,0,0,0,0,0.00012418246543588,0,0,0,0,0,0,0.000118586449521701
tlalpan,prados ajusco,0,0,0,0,0,0,0,4.13941551452935e-05,0,0,0,0,0,0,3.95288165072338e-05
tlalpan,prolongacion los angeles,0,0,0,0,0,0,0,8.2788310290587e-05,0,0,0,0,0,0,7.90576330144675e-05
tlalpan,pueblo quieto,0,0,0,0,0,0,0,8.2788310290587e-05,0.00102040816326531,0,0,0,0,0,0.000118586449521701
tlalpan,rancho los colorines,0,0,0,0,0,0,0,8.2788310290587e-05,0,0,0,0,0,0,7.90576330144675e-05
tlalpan,residencial miramontes,0,0,0,0,0,0,0,4.13941551452935e-05,0,0,0,0,0,0,3.95288165072338e-05
tlalpan,residencial villa coapa super manzana 1,0,0,0,0,0,0,0,0.00012418246543588,0,0,0,0,0,0,0.000118586449521701
tlalpan,residencial villa coapa super manzana 8,0,0,0,0,0,0,0,0.00012418246543588,0,0,0,0,0,0,0.000118586449521701
tlalpan,residencial villa prado coapa,0,0,0,0,0,0,0,4.13941551452935e-05,0.00102040816326531,0,0,0,0,0,7.90576330144675e-05
tlalpan,rinconada coapa 1a seccion,0,0,0,0,0,0,0,4.13941551452935e-05,0,0,0,0,0,0,3.95288165072338e-05
tlalpan,romulo sanchez mireles,0,0,0,0,0,0,0,4.13941551452935e-05,0,0,0,0,0,0,3.95288165072338e-05
tlalpan,rosario tlali,0,0,0,0,0,0,0,8.2788310290587e-05,0,0,0,0,0,0,7.90576330144675e-05
tlalpan,san buenaventura,0,0,0,0,0,0,0,0.000206970775726467,0.00102040816326531,0,0,0,0,0,0.000237172899043403
tlalpan,san juan tepeximilpa,0,0,0,0,0,0,0,0.000248364930871761,0.00204081632653061,0,0,0,0,0,0.00031623053205787
tlalpan,san miguel ajusco,0,0,0,0,0,0,0,0.00211110191240997,0.00510204081632653,0.0101010101010101,0.0181818181818182,0,0,0,0.00229267135741956
tlalpan,san miguel tehuisco,0,0,0,0,0,0,0,0.00012418246543588,0,0,0,0,0,0,0.000118586449521701
tlalpan,san miguel toxiac,0,0,0,0,0,0,0,4.13941551452935e-05,0,0,0,0,0,0,3.95288165072338e-05
tlalpan,san pedro apostol,0,0,0,0,0,0,0,0.000248364930871761,0,0,0,0,0,0,0.000237172899043403
tlalpan,san pedro martir fovissste,0,0,0,0,0,0,0,8.2788310290587e-05,0,0,0,0,0,0,7.90576330144675e-05
tlalpan,santa ursula xitla,0,0,0,0,0,0,0,0.000786488947760576,0,0,0,0,0,0,0.000751047513637442
tlalpan,santisima trinidad,0,0,0,0,0,0,0,0.000206970775726467,0.00102040816326531,0,0,0,0,0,0.000237172899043403
tlalpan,sector 17,0,0,0,0,0,0,0,8.2788310290587e-05,0,0,0,0,0,0,7.90576330144675e-05
tlalpan,solidaridad,0,0,0,0,0,0,0,0.000248364930871761,0.00102040816326531,0,0,0,0,0,0.000276701715550636
tlalpan,tecorral,0,0,0,0,0,0,0,8.2788310290587e-05,0.00102040816326531,0,0,0,0,0,0.000118586449521701
tlalpan,temastititla,0,0,0,0,0,0,0,4.13941551452935e-05,0,0,0,0,0,0,3.95288165072338e-05
tlalpan,tepetongo,0,0,0,0,0,0,0,0.000206970775726467,0,0,0,0,0,0,0.000197644082536169
tlalpan,tepeximilpa servimet,0,0,0,0,0,0,0,8.2788310290587e-05,0,0,0,0,0,0,7.90576330144675e-05
tlalpan,texcaltenco,0,0,0,0,0,0,0,0.00012418246543588,0,0,0,0,0,0,0.000118586449521701
tlalpan,tezontitla,0,0,0,0,0,0,0,4.13941551452935e-05,0,0,0,0,0,0,3.95288165072338e-05
tlalpan,toriello guerra,0,0,0,0,0,0,0,0.000869277258051163,0,0,0,0,0,0,0.000830105146651909
tlalpan,valle verde,0,0,0,0,0,0,0,4.13941551452935e-05,0,0,0,0,0,0,3.95288165072338e-05
tlalpan,verano,0,0,0,0,0,0,0,4.13941551452935e-05,0.00102040816326531,0,0,0,0,0,7.90576330144675e-05
tlalpan,vergel de coyoacan,0,0,0,0,0,0,0,0.00012418246543588,0,0,0,0,0,0,0.000118586449521701
tlalpan,villa cuemanco infonavit,0,0,0,0,0,0,0,0,0.00102040816326531,0,0,0,0,0,3.95288165072338e-05
tlalpan,villa lazaro cardenas,0,0,0,0,0,0,0,0.000455335706598228,0,0,0,0,0,0,0.000434816981579572
tlalpan,villa olimpica,0,0,0,0,0,0,0,8.2788310290587e-05,0,0,0,0,0,0,7.90576330144675e-05
tlalpan,villa tlalpan,0,0,0,0,0,0,0,4.13941551452935e-05,0,0,0,0,0,0,3.95288165072338e-05
tlalpan,viveros coatectlan,0,0,0,0,0,0,0,0.00012418246543588,0,0,0,0,0,0,0.000118586449521701
tlalpan,zacaton,0,0,0,0,0,0,0,0.000413941551452935,0.00102040816326531,0,0,0,0,0,0.000434816981579572
tlalpan,zedec ampliacion plan de ayala,0,0,0,0,0,0,0,4.13941551452935e-05,0.00102040816326531,0,0,0,0,0,7.90576330144675e-05
venustiano carranza,10 de mayo,0,0,0,0,0,0,0,0.000538124016888815,0.00102040816326531,0,0,0,0,0,0.000553403431101273
venustiano carranza,1° de mayo,0,0,0,0,0,0,0,0.000206970775726467,0,0,0,0,0,0,0.000197644082536169
venustiano carranza,4 arboles,0,0,0,0,0,0,0,0.000331153241162348,0.00102040816326531,0,0,0,0,0,0.000355759348565104
venustiano carranza,7 de julio,0,0,0,0,0,0,0,0.000331153241162348,0,0,0,0,0,0,0.00031623053205787
venustiano carranza,aaron saenz,0,0,0,0,0,0,0,8.2788310290587e-05,0,0,0,0,0,0,7.90576330144675e-05
venustiano carranza,alameda oriente,0,0,0,0,0,0,0,8.2788310290587e-05,0,0,0,0,0,0,7.90576330144675e-05
venustiano carranza,ampliacion 20 de noviembre,0,0,0,0,0,0,0,0.000165576620581174,0,0,0,0,0,0,0.000158115266028935
venustiano carranza,ampliacion 7 de julio,0,0,0,0,0,0,0,8.2788310290587e-05,0.00102040816326531,0,0,0,0,0,0.000118586449521701
venustiano carranza,ampliacion aviacion civil,0,0,0,0,0,0,0,0.000538124016888815,0,0,0,0,0,0,0.000513874614594039
venustiano carranza,ampliacion caracol,0,0,0,0,0,0,0,0.000538124016888815,0.00102040816326531,0,0,0,0,0,0.000553403431101273
venustiano carranza,ampliacion michoacana,0,0,0,0,0,0,0,0.000331153241162348,0,0,0,0,0,0,0.00031623053205787
venustiano carranza,aquiles serdan,0,0,0,0,0,0,0,0.00111764218892292,0.00306122448979592,0,0,0,0,0,0.00118586449521701
venustiano carranza,arenal 1a seccion,0,0,0,0,0,0,0,0.00140740127493998,0,0,0,0,0,0,0.00134397976124595
venustiano carranza,artes graficas,0,0,0,0,0,0,0,0.000496729861743522,0.00102040816326531,0,0,0,0,0,0.000513874614594039
venustiano carranza,caracol,0,0,0,0,0,0,0,0.000620912327179402,0,0,0,0,0,0,0.000592932247608507
venustiano carranza,damian carmona,0,0,0,0,0,0,0,0.000331153241162348,0,0,0.0181818181818182,0,0,0,0.000355759348565104
venustiano carranza,emiliano zapata,0,0,0,0,0,0,0,4.13941551452935e-05,0,0,0,0,0,0,3.95288165072338e-05
venustiano carranza,granjas mexico,0,0,0,0,0,0,0,4.13941551452935e-05,0,0,0,0,0,0,3.95288165072338e-05
venustiano carranza,industrial puerto aereo,0,0,0,0,0,0,0,0.000165576620581174,0,0,0,0,0,0,0.000158115266028935
venustiano carranza,janitzio,0,0,0,0,0,0,0,0.000165576620581174,0,0,0,0,0,0,0.000158115266028935
venustiano carranza,madero,0,0,0,0,0,0,0,4.13941551452935e-05,0,0,0,0,0,0,3.95288165072338e-05
venustiano carranza,merced balbuena,0,0,0,0,0,0,0,0.00111764218892292,0.00102040816326531,0,0,0,0,0,0.00110680686220255
venustiano carranza,michoacana,0,0,0,0,0,0,0,4.13941551452935e-05,0.00102040816326531,0,0,0,0,0,7.90576330144675e-05
venustiano carranza,miguel hidalgo,0,0,0,0,0,0,0,4.13941551452935e-05,0,0,0,0,0,0,3.95288165072338e-05
venustiano carranza,nicolas bravo,0,0,0,0,0,0,0,0.000289759086017054,0,0,0,0,0,0,0.000276701715550636
venustiano carranza,paulino navarro,0,0,0,0,0,0,0,8.2788310290587e-05,0,0,0,0,0,0,7.90576330144675e-05
venustiano carranza,penitenciaria,0,0,0,0,0,0,0,0.000289759086017054,0,0,0,0,0,0,0.000276701715550636
venustiano carranza,progresista,0,0,0,0,0,0,0,4.13941551452935e-05,0,0,0,0,0,0,3.95288165072338e-05
venustiano carranza,revolucion,0,0,0,0,0,0,0,0.000786488947760576,0,0,0,0,0,0,0.000751047513637442
venustiano carranza,santa cruz aviacion,0,0,0,0,0,0,0,0.000206970775726467,0,0,0,0,0,0,0.000197644082536169
venustiano carranza,troncoso,0,0,0,0,0,0,0,0.00012418246543588,0,0,0,0,0,0,0.000118586449521701
venustiano carranza,unidad kennedy,0,0,0,0,0,0,0,0.000579518172034109,0,0,0,0,0,0,0.000553403431101273
venustiano carranza,unidad morelos,0,0,0,0,0,0,0,0.00012418246543588,0,0,0,0,0,0,0.000118586449521701
venustiano carranza,venustiano carranza,0,0,0,0,0,0,0,0.000455335706598228,0,0,0,0,0,0,0.000434816981579572
venustiano carranza,viaducto troncoso,0,0,0,0,0,0,0,4.13941551452935e-05,0,0,0,0,0,0,3.95288165072338e-05
xochimilco,acoca,0,0,0,0,0,0,0,0.00012418246543588,0,0,0,0,0,0,0.000118586449521701
xochimilco,alcanfores,0,0,0,0,0,0,0,4.13941551452935e-05,0,0,0,0,0,0,3.95288165072338e-05
xochimilco,altos tepetlica,0,0,0,0,0,0,0,8.2788310290587e-05,0,0,0,0,0,0,7.90576330144675e-05
xochimilco,ano de juarez,0,0,0,0,0,0,0,4.13941551452935e-05,0,0,0,0,0,0,3.95288165072338e-05
xochimilco,arcos del sur,0,0,0,0,0,0,0,8.2788310290587e-05,0,0,0,0,0,0,7.90576330144675e-05
xochimilco,barrio 18,0,0,0,0,0,0,0,0.000745094792615283,0,0,0,0,0,0,0.000711518697130208
xochimilco,barrio 3 de mayo,0,0,0,0,0,0,0,4.13941551452935e-05,0,0,0,0,0,0,3.95288165072338e-05
xochimilco,barrio calyequita,0,0,0,0,0,0,0,8.2788310290587e-05,0,0,0,0,0,0,7.90576330144675e-05
xochimilco,barrio el rosario,0,0,0,0,0,0,0,0.000496729861743522,0,0,0,0,0,0,0.000474345798086805
xochimilco,barrio la asuncion,0,0,0,0,0,0,0,0.000455335706598228,0,0,0,0,0,0,0.000434816981579572
xochimilco,barrio la concepcion tlacoapa,0,0,0,0,0,0,0,0.000331153241162348,0,0,0,0,0,0,0.00031623053205787
xochimilco,barrio la santisima,0,0,0,0,0,0,0,0.000248364930871761,0,0,0,0,0,0,0.000237172899043403
xochimilco,barrio las cruces,0,0,0,0,0,0,0,0.000289759086017054,0,0,0,0,0,0,0.000276701715550636
xochimilco,barrio los reyes,0,0,0,0,0,0,0,0.000165576620581174,0.00204081632653061,0,0,0,0,0,0.000237172899043403
xochimilco,barrio san andres,0,0,0,0,0,0,0,0.000372547396307641,0,0,0,0,0,0,0.000355759348565104
xochimilco,barrio san antonio,0,0,0,0,0,0,0,0.000165576620581174,0,0,0,0,0,0,0.000158115266028935
xochimilco,barrio san diego,0,0,0,0,0,0,0,0.000331153241162348,0,0,0,0,0,0,0.00031623053205787
xochimilco,barrio san esteban,0,0,0,0,0,0,0,0.000206970775726467,0,0,0,0,0,0,0.000197644082536169
xochimilco,barrio san juan,0,0,0,0,0,0,0,0.000579518172034109,0,0,0,0,0,0,0.000553403431101273
xochimilco,barrio san juan moyotepec,0,0,0,0,0,0,0,0.000248364930871761,0.00204081632653061,0,0,0,0,0,0.00031623053205787
xochimilco,barrio san lorenzo,0,0,0,0,0,0,0,0.000538124016888815,0.00204081632653061,0,0,0,0,0,0.000592932247608507
xochimilco,barrio santa crucita,0,0,0,0,0,0,0,0.000248364930871761,0.00102040816326531,0,0,0,0,0,0.000276701715550636
xochimilco,bosque residencial del sur,0,0,0,0,0,0,0,8.2788310290587e-05,0,0,0,0,0,0,7.90576330144675e-05
xochimilco,cantaros,0,0,0,0,0,0,0,4.13941551452935e-05,0,0,0,0,0,0,3.95288165072338e-05
xochimilco,cerrillos primera seccion,0,0,0,0,0,0,0,0.000289759086017054,0,0,0,0,0,0,0.000276701715550636
xochimilco,cerrillos segunda seccion,0,0,0,0,0,0,0,0.000331153241162348,0.00204081632653061,0,0,0,0,0,0.000395288165072338
xochimilco,cerrillos tercera seccion,0,0,0,0,0,0,0,0.000289759086017054,0,0,0,0,0,0,0.000276701715550636
xochimilco,cristo rey,0,0,0,0,0,0,0,0.000206970775726467,0,0,0,0,0,0,0.000197644082536169
xochimilco,duraznotitla,0,0,0,0,0,0,0,4.13941551452935e-05,0,0,0,0,0,0,3.95288165072338e-05
xochimilco,el arenal,0,0,0,0,0,0,0,4.13941551452935e-05,0,0,0,0,0,0,3.95288165072338e-05
xochimilco,el jazmin,0,0,0,0,0,0,0,4.13941551452935e-05,0,0,0,0,0,0,3.95288165072338e-05
xochimilco,el mirador 2a seccion,0,0,0,0,0,0,0,0.000248364930871761,0.00102040816326531,0,0,0,0,0,0.000276701715550636
xochimilco,el mirador i(san lucas xochimanca),0,0,0,0,0,0,0,4.13941551452935e-05,0,0,0,0,0,0,3.95288165072338e-05
xochimilco,guadalupita,0,0,0,0,0,0,0,4.13941551452935e-05,0,0,0,0,0,0,3.95288165072338e-05
xochimilco,jardines del sur,0,0,0,0,0,0,0,0.000413941551452935,0.00102040816326531,0,0,0,0,0,0.000434816981579572
xochimilco,la concha,0,0,0,0,0,0,0,0.000289759086017054,0,0,0,0,0,0,0.000276701715550636
xochimilco,la noria i,0,0,0,0,0,0,0,4.13941551452935e-05,0.00102040816326531,0.0101010101010101,0,0,0,0,0.000118586449521701
xochimilco,las animas,0,0,0,0,0,0,0,0.000289759086017054,0,0,0,0,0,0,0.000276701715550636
xochimilco,las peritas,0,0,0,0,0,0,0,8.2788310290587e-05,0,0,0,0,0,0,7.90576330144675e-05
xochimilco,lomas de nativitas,0,0,0,0,0,0,0,0.000206970775726467,0,0,0,0,0,0,0.000197644082536169
xochimilco,lomas de tonalco,0,0,0,0,0,0,0,8.2788310290587e-05,0,0,0,0,0,0,7.90576330144675e-05
xochimilco,lomas estrella 2a seccion,0,0,0,0,0,0,0,4.13941551452935e-05,0,0,0,0,0,0,3.95288165072338e-05
xochimilco,los cipreses,0,0,0,0,0,0,0,0.00012418246543588,0,0,0,0,0,0,0.000118586449521701
xochimilco,nueva tototitla,0,0,0,0,0,0,0,8.2788310290587e-05,0,0,0,0,0,0,7.90576330144675e-05
xochimilco,parque ecologico de xochimilco,0,0,0,0,0,0,0,8.2788310290587e-05,0,0,0,0,0,0,7.90576330144675e-05
xochimilco,pueblo nativitas,0,0,0,0,0,0,0,0.000703700637469989,0,0,0,0,0,0,0.000671989880622974
xochimilco,quirino mendoza (tulyehualco),0,0,0,0,0,0,0,0.000206970775726467,0.00102040816326531,0,0,0,0,0,0.000237172899043403
xochimilco,rancho tejomulco,0,0,0,0,0,0,0,8.2788310290587e-05,0,0,0,0,0,0,7.90576330144675e-05
xochimilco,redencion,0,0,0,0,0,0,0,4.13941551452935e-05,0,0,0,0,0,0,3.95288165072338e-05
xochimilco,residencial aldama,0,0,0,0,0,0,0,4.13941551452935e-05,0,0,0,0,0,0,3.95288165072338e-05
xochimilco,rinconada del sur,0,0,0,0,0,0,0,4.13941551452935e-05,0,0,0,0,0,0,3.95288165072338e-05
xochimilco,rosario tlali,0,0,0,0,0,0,0,0.000165576620581174,0,0,0,0,0,0,0.000158115266028935
xochimilco,san andres ahuayucan,0,0,0,0,0,0,0,0.00082788310290587,0,0,0,0,0,0,0.000790576330144676
xochimilco,san felipe,0,0,0,0,0,0,0,0.00012418246543588,0,0,0,0,0,0,0.000118586449521701
xochimilco,san francisco chiquimola,0,0,0,0,0,0,0,8.2788310290587e-05,0.00204081632653061,0,0,0,0,0,0.000158115266028935
xochimilco,san isidro,0,0,0,0,0,0,0,0.000248364930871761,0.00102040816326531,0,0,0,0,0,0.000276701715550636
xochimilco,san jeronimo,0,0,0,0,0,0,0,0.000786488947760576,0.00102040816326531,0,0,0,0,0,0.000790576330144676
xochimilco,san juan tepepan,0,0,0,0,0,0,0,0.000413941551452935,0.00102040816326531,0,0,0,0,0,0.000434816981579572
xochimilco,san lorenzo atemoaya,0,0,0,0,0,0,0,0.000620912327179402,0,0,0.0181818181818182,0,0,0,0.00063246106411574
xochimilco,san lucas oriente,0,0,0,0,0,0,0,0.000206970775726467,0,0,0,0,0,0,0.000197644082536169
xochimilco,san miguel,0,0,0,0,0,0,0,0.000331153241162348,0,0,0,0,0,0,0.00031623053205787
xochimilco,santa  cecilia tepetlapa,0,0,0,0,0,0,0,4.13941551452935e-05,0,0,0,0,0,0,3.95288165072338e-05
xochimilco,santa cruz chavarrieta,0,0,0,0,0,0,0,0.000331153241162348,0,0,0,0,0,0,0.00031623053205787
xochimilco,santiago tulyehualco - pueblo,0,0,0,0,0,0,0,0.000910671413196457,0,0,0,0,0,0,0.000869633963159143
xochimilco,santiaguito,0,0,0,0,0,0,0,0.000165576620581174,0,0,0,0,0,0,0.000158115266028935
xochimilco,tecacalanco,0,0,0,0,0,0,0,0.000289759086017054,0.00102040816326531,0,0,0,0,0,0.00031623053205787
xochimilco,tehuixtitla,0,0,0,0,0,0,0,4.13941551452935e-05,0,0,0,0,0,0,3.95288165072338e-05
xochimilco,tejomulco el alto,0,0,0,0,0,0,0,4.13941551452935e-05,0,0,0,0,0,0,3.95288165072338e-05
xochimilco,teloncochabacano,0,0,0,0,0,0,0,4.13941551452935e-05,0,0,0,0,0,0,3.95288165072338e-05
xochimilco,tepepan,0,0,0,0,0,0,0,0.000662306482324696,0,0,0,0,0,0,0.00063246106411574
xochimilco,tierra nueva,0,0,0,0,0,0,0,8.2788310290587e-05,0,0,0,0,0,0,7.90576330144675e-05
xochimilco,villa de la noria,0,0,0,0,0,0,0,4.13941551452935e-05,0,0,0,0,0,0,3.95288165072338e-05
xochimilco,zacatepec(san mateo xalpa),0,0,0,0,0,0,0,0.000206970775726467,0,0,0,0,0,0,0.000197644082536169
